base_model,variant,h,municipalities,improved_share,unchanged_share
Ensemble,local_news,1,50,0.0,1.0
Ensemble,local_news,3,50,0.0,1.0
Ensemble,local_news,6,50,0.14,0.0
Ensemble,local_news,12,50,0.0,1.0
Ensemble,local_policy,1,50,0.0,1.0
Ensemble,local_policy,3,50,0.0,1.0
Ensemble,local_policy,6,50,0.14,0.0
Ensemble,local_policy,12,50,0.0,1.0
PastOnlyBlend,local_news,1,50,0.58,0.0
PastOnlyBlend,local_news,3,50,0.22,0.0
PastOnlyBlend,local_news,6,50,0.0,0.0
PastOnlyBlend,local_news,12,50,0.0,1.0
PastOnlyBlend,local_policy,1,50,0.58,0.0
PastOnlyBlend,local_policy,3,50,0.22,0.0
PastOnlyBlend,local_policy,6,50,0.0,0.0
PastOnlyBlend,local_policy,12,50,0.0,1.0
Prophet,local_news,1,50,0.0,1.0
Prophet,local_news,3,50,0.0,1.0
Prophet,local_news,6,50,0.0,1.0
Prophet,local_news,12,50,0.0,1.0
Prophet,local_policy,1,50,0.0,1.0
Prophet,local_policy,3,50,0.0,1.0
Prophet,local_policy,6,50,0.0,1.0
Prophet,local_policy,12,50,0.0,1.0
SeasonalNaive_NatGrowth,local_news,1,50,1.0,0.0
SeasonalNaive_NatGrowth,local_news,3,50,0.9,0.0
SeasonalNaive_NatGrowth,local_news,6,50,0.02,0.0
SeasonalNaive_NatGrowth,local_news,12,50,0.0,1.0
SeasonalNaive_NatGrowth,local_policy,1,50,1.0,0.0
SeasonalNaive_NatGrowth,local_policy,3,50,0.9,0.0
SeasonalNaive_NatGrowth,local_policy,6,50,0.02,0.0
SeasonalNaive_NatGrowth,local_policy,12,50,0.0,1.0
NatPath_K3,local_news,1,50,0.62,0.0
NatPath_K3,local_news,3,50,0.84,0.0
NatPath_K3,local_news,6,50,0.64,0.0
NatPath_K3,local_news,12,50,0.0,1.0
NatPath_K3,local_policy,1,50,0.98,0.0
NatPath_K3,local_policy,3,50,0.84,0.0
NatPath_K3,local_policy,6,50,0.0,0.0
NatPath_K3,local_policy,12,50,0.0,1.0
NatPath_K1,local_news,1,50,0.22,0.0
NatPath_K1,local_news,3,50,0.16,0.0
NatPath_K1,local_news,6,50,0.02,0.0
NatPath_K1,local_news,12,50,0.0,1.0
NatPath_K1,local_policy,1,50,0.22,0.0
NatPath_K1,local_policy,3,50,0.16,0.0
NatPath_K1,local_policy,6,50,0.16,0.0
NatPath_K1,local_policy,12,50,0.0,1.0
StructHGB,local_news,1,50,0.78,0.0
StructHGB,local_news,3,50,0.94,0.0
StructHGB,local_news,6,50,0.0,1.0
StructHGB,local_news,12,50,0.0,1.0
StructHGB,local_policy,1,50,1.0,0.0
StructHGB,local_policy,3,50,0.94,0.0
StructHGB,local_policy,6,50,0.0,1.0
StructHGB,local_policy,12,50,0.0,1.0
Chronos2_NatCov,local_news,1,50,0.0,1.0
Chronos2_NatCov,local_news,3,50,0.28,0.0
Chronos2_NatCov,local_news,6,50,0.04,0.0
Chronos2_NatCov,local_news,12,50,0.0,1.0
Chronos2_NatCov,local_policy,1,50,0.0,1.0
Chronos2_NatCov,local_policy,3,50,0.0,0.0
Chronos2_NatCov,local_policy,6,50,0.06,0.0
Chronos2_NatCov,local_policy,12,50,0.0,1.0
