origin,window_months,annotated_articles,latest_available_at,cutoff_exclusive,delay_months,economic_only,half_life_days,retain_shocks,variant
0,1,50,2023-01-31 13:26:08+03:00,2023-02-01 00:00:00+03:00,0,False,,False,all_windows
0,3,50,2023-01-31 13:26:08+03:00,2023-02-01 00:00:00+03:00,0,False,,False,all_windows
1,1,50,2023-02-28 10:16:24+03:00,2023-03-01 00:00:00+03:00,0,False,,False,all_windows
1,3,100,2023-02-28 10:16:24+03:00,2023-03-01 00:00:00+03:00,0,False,,False,all_windows
2,1,50,2023-03-30 19:45:06+03:00,2023-04-01 00:00:00+03:00,0,False,,False,all_windows
2,3,150,2023-03-30 19:45:06+03:00,2023-04-01 00:00:00+03:00,0,False,,False,all_windows
3,1,50,2023-04-30 13:15:42+03:00,2023-05-01 00:00:00+03:00,0,False,,False,all_windows
3,3,150,2023-04-30 13:15:42+03:00,2023-05-01 00:00:00+03:00,0,False,,False,all_windows
4,1,50,2023-05-31 14:32:29+03:00,2023-06-01 00:00:00+03:00,0,False,,False,all_windows
4,3,150,2023-05-31 14:32:29+03:00,2023-06-01 00:00:00+03:00,0,False,,False,all_windows
5,1,50,2023-06-30 08:42:23+03:00,2023-07-01 00:00:00+03:00,0,False,,False,all_windows
5,3,150,2023-06-30 08:42:23+03:00,2023-07-01 00:00:00+03:00,0,False,,False,all_windows
6,1,50,2023-07-31 14:56:54+03:00,2023-08-01 00:00:00+03:00,0,False,,False,all_windows
6,3,150,2023-07-31 14:56:54+03:00,2023-08-01 00:00:00+03:00,0,False,,False,all_windows
7,1,50,2023-08-31 11:17:24+03:00,2023-09-01 00:00:00+03:00,0,False,,False,all_windows
7,3,150,2023-08-31 11:17:24+03:00,2023-09-01 00:00:00+03:00,0,False,,False,all_windows
8,1,50,2023-09-30 10:18:27+03:00,2023-10-01 00:00:00+03:00,0,False,,False,all_windows
8,3,150,2023-09-30 10:18:27+03:00,2023-10-01 00:00:00+03:00,0,False,,False,all_windows
9,1,50,2023-10-31 14:08:20+03:00,2023-11-01 00:00:00+03:00,0,False,,False,all_windows
9,3,150,2023-10-31 14:08:20+03:00,2023-11-01 00:00:00+03:00,0,False,,False,all_windows
10,1,50,2023-11-30 16:11:39+03:00,2023-12-01 00:00:00+03:00,0,False,,False,all_windows
10,3,150,2023-11-30 16:11:39+03:00,2023-12-01 00:00:00+03:00,0,False,,False,all_windows
11,1,50,2023-12-31 13:15:54+03:00,2024-01-01 00:00:00+03:00,0,False,,False,all_windows
11,3,150,2023-12-31 13:15:54+03:00,2024-01-01 00:00:00+03:00,0,False,,False,all_windows
12,1,50,2024-01-31 10:09:58+03:00,2024-02-01 00:00:00+03:00,0,False,,False,all_windows
12,3,150,2024-01-31 10:09:58+03:00,2024-02-01 00:00:00+03:00,0,False,,False,all_windows
13,1,50,2024-02-29 12:56:13+03:00,2024-03-01 00:00:00+03:00,0,False,,False,all_windows
13,3,150,2024-02-29 12:56:13+03:00,2024-03-01 00:00:00+03:00,0,False,,False,all_windows
14,1,50,2024-03-31 16:08:00+03:00,2024-04-01 00:00:00+03:00,0,False,,False,all_windows
14,3,150,2024-03-31 16:08:00+03:00,2024-04-01 00:00:00+03:00,0,False,,False,all_windows
15,1,50,2024-04-30 08:40:13+03:00,2024-05-01 00:00:00+03:00,0,False,,False,all_windows
15,3,150,2024-04-30 08:40:13+03:00,2024-05-01 00:00:00+03:00,0,False,,False,all_windows
16,1,50,2024-05-31 15:16:42+03:00,2024-06-01 00:00:00+03:00,0,False,,False,all_windows
16,3,150,2024-05-31 15:16:42+03:00,2024-06-01 00:00:00+03:00,0,False,,False,all_windows
17,1,50,2024-06-30 10:54:22+03:00,2024-07-01 00:00:00+03:00,0,False,,False,all_windows
17,3,150,2024-06-30 10:54:22+03:00,2024-07-01 00:00:00+03:00,0,False,,False,all_windows
18,1,50,2024-07-30 10:47:00+03:00,2024-08-01 00:00:00+03:00,0,False,,False,all_windows
18,3,150,2024-07-30 10:47:00+03:00,2024-08-01 00:00:00+03:00,0,False,,False,all_windows
19,1,50,2024-08-31 10:41:04+03:00,2024-09-01 00:00:00+03:00,0,False,,False,all_windows
19,3,150,2024-08-31 10:41:04+03:00,2024-09-01 00:00:00+03:00,0,False,,False,all_windows
20,1,50,2024-09-30 15:00:49+03:00,2024-10-01 00:00:00+03:00,0,False,,False,all_windows
20,3,150,2024-09-30 15:00:49+03:00,2024-10-01 00:00:00+03:00,0,False,,False,all_windows
21,1,50,2024-10-30 17:52:50+03:00,2024-11-01 00:00:00+03:00,0,False,,False,all_windows
21,3,150,2024-10-30 17:52:50+03:00,2024-11-01 00:00:00+03:00,0,False,,False,all_windows
22,1,50,2024-11-30 15:29:07+03:00,2024-12-01 00:00:00+03:00,0,False,,False,all_windows
22,3,150,2024-11-30 15:29:07+03:00,2024-12-01 00:00:00+03:00,0,False,,False,all_windows
23,1,50,2024-12-30 17:04:38+03:00,2025-01-01 00:00:00+03:00,0,False,,False,all_windows
23,3,150,2024-12-30 17:04:38+03:00,2025-01-01 00:00:00+03:00,0,False,,False,all_windows
0,1,11,2023-01-31 12:01:08+03:00,2023-02-01 00:00:00+03:00,0,True,,False,economic_windows
0,3,11,2023-01-31 12:01:08+03:00,2023-02-01 00:00:00+03:00,0,True,,False,economic_windows
1,1,16,2023-02-27 14:38:34+03:00,2023-03-01 00:00:00+03:00,0,True,,False,economic_windows
1,3,27,2023-02-27 14:38:34+03:00,2023-03-01 00:00:00+03:00,0,True,,False,economic_windows
2,1,20,2023-03-30 11:35:16+03:00,2023-04-01 00:00:00+03:00,0,True,,False,economic_windows
2,3,47,2023-03-30 11:35:16+03:00,2023-04-01 00:00:00+03:00,0,True,,False,economic_windows
3,1,17,2023-04-28 12:00:56+03:00,2023-05-01 00:00:00+03:00,0,True,,False,economic_windows
3,3,53,2023-04-28 12:00:56+03:00,2023-05-01 00:00:00+03:00,0,True,,False,economic_windows
4,1,12,2023-05-31 14:32:29+03:00,2023-06-01 00:00:00+03:00,0,True,,False,economic_windows
4,3,49,2023-05-31 14:32:29+03:00,2023-06-01 00:00:00+03:00,0,True,,False,economic_windows
5,1,18,2023-06-29 19:35:31+03:00,2023-07-01 00:00:00+03:00,0,True,,False,economic_windows
5,3,47,2023-06-29 19:35:31+03:00,2023-07-01 00:00:00+03:00,0,True,,False,economic_windows
6,1,18,2023-07-29 16:18:58+03:00,2023-08-01 00:00:00+03:00,0,True,,False,economic_windows
6,3,48,2023-07-29 16:18:58+03:00,2023-08-01 00:00:00+03:00,0,True,,False,economic_windows
7,1,16,2023-08-30 10:11:00+03:00,2023-09-01 00:00:00+03:00,0,True,,False,economic_windows
7,3,52,2023-08-30 10:11:00+03:00,2023-09-01 00:00:00+03:00,0,True,,False,economic_windows
8,1,19,2023-09-29 17:28:59+03:00,2023-10-01 00:00:00+03:00,0,True,,False,economic_windows
8,3,53,2023-09-29 17:28:59+03:00,2023-10-01 00:00:00+03:00,0,True,,False,economic_windows
9,1,12,2023-10-27 12:05:01+03:00,2023-11-01 00:00:00+03:00,0,True,,False,economic_windows
9,3,47,2023-10-27 12:05:01+03:00,2023-11-01 00:00:00+03:00,0,True,,False,economic_windows
10,1,22,2023-11-28 15:59:05+03:00,2023-12-01 00:00:00+03:00,0,True,,False,economic_windows
10,3,53,2023-11-28 15:59:05+03:00,2023-12-01 00:00:00+03:00,0,True,,False,economic_windows
11,1,18,2023-12-31 13:15:54+03:00,2024-01-01 00:00:00+03:00,0,True,,False,economic_windows
11,3,52,2023-12-31 13:15:54+03:00,2024-01-01 00:00:00+03:00,0,True,,False,economic_windows
12,1,21,2024-01-31 10:09:58+03:00,2024-02-01 00:00:00+03:00,0,True,,False,economic_windows
12,3,61,2024-01-31 10:09:58+03:00,2024-02-01 00:00:00+03:00,0,True,,False,economic_windows
13,1,14,2024-02-29 12:56:13+03:00,2024-03-01 00:00:00+03:00,0,True,,False,economic_windows
13,3,53,2024-02-29 12:56:13+03:00,2024-03-01 00:00:00+03:00,0,True,,False,economic_windows
14,1,18,2024-03-30 11:28:08+03:00,2024-04-01 00:00:00+03:00,0,True,,False,economic_windows
14,3,53,2024-03-30 11:28:08+03:00,2024-04-01 00:00:00+03:00,0,True,,False,economic_windows
15,1,8,2024-04-27 13:27:10+03:00,2024-05-01 00:00:00+03:00,0,True,,False,economic_windows
15,3,40,2024-04-27 13:27:10+03:00,2024-05-01 00:00:00+03:00,0,True,,False,economic_windows
16,1,15,2024-05-29 11:31:00+03:00,2024-06-01 00:00:00+03:00,0,True,,False,economic_windows
16,3,41,2024-05-29 11:31:00+03:00,2024-06-01 00:00:00+03:00,0,True,,False,economic_windows
17,1,15,2024-06-30 10:54:22+03:00,2024-07-01 00:00:00+03:00,0,True,,False,economic_windows
17,3,38,2024-06-30 10:54:22+03:00,2024-07-01 00:00:00+03:00,0,True,,False,economic_windows
18,1,22,2024-07-30 10:47:00+03:00,2024-08-01 00:00:00+03:00,0,True,,False,economic_windows
18,3,52,2024-07-30 10:47:00+03:00,2024-08-01 00:00:00+03:00,0,True,,False,economic_windows
19,1,17,2024-08-30 11:17:04+03:00,2024-09-01 00:00:00+03:00,0,True,,False,economic_windows
19,3,54,2024-08-30 11:17:04+03:00,2024-09-01 00:00:00+03:00,0,True,,False,economic_windows
20,1,14,2024-09-30 13:51:11+03:00,2024-10-01 00:00:00+03:00,0,True,,False,economic_windows
20,3,53,2024-09-30 13:51:11+03:00,2024-10-01 00:00:00+03:00,0,True,,False,economic_windows
21,1,12,2024-10-30 17:52:50+03:00,2024-11-01 00:00:00+03:00,0,True,,False,economic_windows
21,3,43,2024-10-30 17:52:50+03:00,2024-11-01 00:00:00+03:00,0,True,,False,economic_windows
22,1,17,2024-11-27 11:01:25+03:00,2024-12-01 00:00:00+03:00,0,True,,False,economic_windows
22,3,43,2024-11-27 11:01:25+03:00,2024-12-01 00:00:00+03:00,0,True,,False,economic_windows
23,1,11,2024-12-30 11:18:26+03:00,2025-01-01 00:00:00+03:00,0,True,,False,economic_windows
23,3,40,2024-12-30 11:18:26+03:00,2025-01-01 00:00:00+03:00,0,True,,False,economic_windows
0,1,20,2023-01-31 12:01:08+03:00,2023-02-01 00:00:00+03:00,0,True,,True,economic_shocks_windows
0,3,20,2023-01-31 12:01:08+03:00,2023-02-01 00:00:00+03:00,0,True,,True,economic_shocks_windows
1,1,20,2023-02-27 14:38:34+03:00,2023-03-01 00:00:00+03:00,0,True,,True,economic_shocks_windows
1,3,40,2023-02-27 14:38:34+03:00,2023-03-01 00:00:00+03:00,0,True,,True,economic_shocks_windows
2,1,28,2023-03-30 19:45:06+03:00,2023-04-01 00:00:00+03:00,0,True,,True,economic_shocks_windows
2,3,68,2023-03-30 19:45:06+03:00,2023-04-01 00:00:00+03:00,0,True,,True,economic_shocks_windows
3,1,21,2023-04-28 12:00:56+03:00,2023-05-01 00:00:00+03:00,0,True,,True,economic_shocks_windows
3,3,69,2023-04-28 12:00:56+03:00,2023-05-01 00:00:00+03:00,0,True,,True,economic_shocks_windows
4,1,18,2023-05-31 14:32:29+03:00,2023-06-01 00:00:00+03:00,0,True,,True,economic_shocks_windows
4,3,67,2023-05-31 14:32:29+03:00,2023-06-01 00:00:00+03:00,0,True,,True,economic_shocks_windows
5,1,24,2023-06-29 19:35:31+03:00,2023-07-01 00:00:00+03:00,0,True,,True,economic_shocks_windows
5,3,63,2023-06-29 19:35:31+03:00,2023-07-01 00:00:00+03:00,0,True,,True,economic_shocks_windows
6,1,19,2023-07-30 07:30:17+03:00,2023-08-01 00:00:00+03:00,0,True,,True,economic_shocks_windows
6,3,61,2023-07-30 07:30:17+03:00,2023-08-01 00:00:00+03:00,0,True,,True,economic_shocks_windows
7,1,21,2023-08-30 10:11:00+03:00,2023-09-01 00:00:00+03:00,0,True,,True,economic_shocks_windows
7,3,64,2023-08-30 10:11:00+03:00,2023-09-01 00:00:00+03:00,0,True,,True,economic_shocks_windows
8,1,24,2023-09-29 17:28:59+03:00,2023-10-01 00:00:00+03:00,0,True,,True,economic_shocks_windows
8,3,64,2023-09-29 17:28:59+03:00,2023-10-01 00:00:00+03:00,0,True,,True,economic_shocks_windows
9,1,18,2023-10-27 12:05:01+03:00,2023-11-01 00:00:00+03:00,0,True,,True,economic_shocks_windows
9,3,63,2023-10-27 12:05:01+03:00,2023-11-01 00:00:00+03:00,0,True,,True,economic_shocks_windows
10,1,24,2023-11-28 15:59:05+03:00,2023-12-01 00:00:00+03:00,0,True,,True,economic_shocks_windows
10,3,66,2023-11-28 15:59:05+03:00,2023-12-01 00:00:00+03:00,0,True,,True,economic_shocks_windows
11,1,21,2023-12-31 13:15:54+03:00,2024-01-01 00:00:00+03:00,0,True,,True,economic_shocks_windows
11,3,63,2023-12-31 13:15:54+03:00,2024-01-01 00:00:00+03:00,0,True,,True,economic_shocks_windows
12,1,24,2024-01-31 10:09:58+03:00,2024-02-01 00:00:00+03:00,0,True,,True,economic_shocks_windows
12,3,69,2024-01-31 10:09:58+03:00,2024-02-01 00:00:00+03:00,0,True,,True,economic_shocks_windows
13,1,18,2024-02-29 12:56:13+03:00,2024-03-01 00:00:00+03:00,0,True,,True,economic_shocks_windows
13,3,63,2024-02-29 12:56:13+03:00,2024-03-01 00:00:00+03:00,0,True,,True,economic_shocks_windows
14,1,24,2024-03-30 11:28:08+03:00,2024-04-01 00:00:00+03:00,0,True,,True,economic_shocks_windows
14,3,66,2024-03-30 11:28:08+03:00,2024-04-01 00:00:00+03:00,0,True,,True,economic_shocks_windows
15,1,21,2024-04-30 08:40:13+03:00,2024-05-01 00:00:00+03:00,0,True,,True,economic_shocks_windows
15,3,63,2024-04-30 08:40:13+03:00,2024-05-01 00:00:00+03:00,0,True,,True,economic_shocks_windows
16,1,22,2024-05-31 14:04:07+03:00,2024-06-01 00:00:00+03:00,0,True,,True,economic_shocks_windows
16,3,67,2024-05-31 14:04:07+03:00,2024-06-01 00:00:00+03:00,0,True,,True,economic_shocks_windows
17,1,21,2024-06-30 10:54:22+03:00,2024-07-01 00:00:00+03:00,0,True,,True,economic_shocks_windows
17,3,64,2024-06-30 10:54:22+03:00,2024-07-01 00:00:00+03:00,0,True,,True,economic_shocks_windows
18,1,29,2024-07-30 10:47:00+03:00,2024-08-01 00:00:00+03:00,0,True,,True,economic_shocks_windows
18,3,72,2024-07-30 10:47:00+03:00,2024-08-01 00:00:00+03:00,0,True,,True,economic_shocks_windows
19,1,19,2024-08-30 11:17:04+03:00,2024-09-01 00:00:00+03:00,0,True,,True,economic_shocks_windows
19,3,69,2024-08-30 11:17:04+03:00,2024-09-01 00:00:00+03:00,0,True,,True,economic_shocks_windows
20,1,20,2024-09-30 13:51:11+03:00,2024-10-01 00:00:00+03:00,0,True,,True,economic_shocks_windows
20,3,68,2024-09-30 13:51:11+03:00,2024-10-01 00:00:00+03:00,0,True,,True,economic_shocks_windows
21,1,17,2024-10-30 17:52:50+03:00,2024-11-01 00:00:00+03:00,0,True,,True,economic_shocks_windows
21,3,56,2024-10-30 17:52:50+03:00,2024-11-01 00:00:00+03:00,0,True,,True,economic_shocks_windows
22,1,21,2024-11-30 15:29:07+03:00,2024-12-01 00:00:00+03:00,0,True,,True,economic_shocks_windows
22,3,58,2024-11-30 15:29:07+03:00,2024-12-01 00:00:00+03:00,0,True,,True,economic_shocks_windows
23,1,15,2024-12-30 11:18:26+03:00,2025-01-01 00:00:00+03:00,0,True,,True,economic_shocks_windows
23,3,53,2024-12-30 11:18:26+03:00,2025-01-01 00:00:00+03:00,0,True,,True,economic_shocks_windows
0,,11,2023-01-31 12:01:08+03:00,2023-02-01 00:00:00+03:00,0,True,14,False,economic_decay_14d
1,,27,2023-02-27 14:38:34+03:00,2023-03-01 00:00:00+03:00,0,True,14,False,economic_decay_14d
2,,47,2023-03-30 11:35:16+03:00,2023-04-01 00:00:00+03:00,0,True,14,False,economic_decay_14d
3,,64,2023-04-28 12:00:56+03:00,2023-05-01 00:00:00+03:00,0,True,14,False,economic_decay_14d
4,,76,2023-05-31 14:32:29+03:00,2023-06-01 00:00:00+03:00,0,True,14,False,economic_decay_14d
5,,94,2023-06-29 19:35:31+03:00,2023-07-01 00:00:00+03:00,0,True,14,False,economic_decay_14d
6,,112,2023-07-29 16:18:58+03:00,2023-08-01 00:00:00+03:00,0,True,14,False,economic_decay_14d
7,,128,2023-08-30 10:11:00+03:00,2023-09-01 00:00:00+03:00,0,True,14,False,economic_decay_14d
8,,147,2023-09-29 17:28:59+03:00,2023-10-01 00:00:00+03:00,0,True,14,False,economic_decay_14d
9,,159,2023-10-27 12:05:01+03:00,2023-11-01 00:00:00+03:00,0,True,14,False,economic_decay_14d
10,,181,2023-11-28 15:59:05+03:00,2023-12-01 00:00:00+03:00,0,True,14,False,economic_decay_14d
11,,199,2023-12-31 13:15:54+03:00,2024-01-01 00:00:00+03:00,0,True,14,False,economic_decay_14d
12,,220,2024-01-31 10:09:58+03:00,2024-02-01 00:00:00+03:00,0,True,14,False,economic_decay_14d
13,,234,2024-02-29 12:56:13+03:00,2024-03-01 00:00:00+03:00,0,True,14,False,economic_decay_14d
14,,252,2024-03-30 11:28:08+03:00,2024-04-01 00:00:00+03:00,0,True,14,False,economic_decay_14d
15,,260,2024-04-27 13:27:10+03:00,2024-05-01 00:00:00+03:00,0,True,14,False,economic_decay_14d
16,,275,2024-05-29 11:31:00+03:00,2024-06-01 00:00:00+03:00,0,True,14,False,economic_decay_14d
17,,290,2024-06-30 10:54:22+03:00,2024-07-01 00:00:00+03:00,0,True,14,False,economic_decay_14d
18,,312,2024-07-30 10:47:00+03:00,2024-08-01 00:00:00+03:00,0,True,14,False,economic_decay_14d
19,,329,2024-08-30 11:17:04+03:00,2024-09-01 00:00:00+03:00,0,True,14,False,economic_decay_14d
20,,343,2024-09-30 13:51:11+03:00,2024-10-01 00:00:00+03:00,0,True,14,False,economic_decay_14d
21,,355,2024-10-30 17:52:50+03:00,2024-11-01 00:00:00+03:00,0,True,14,False,economic_decay_14d
22,,372,2024-11-27 11:01:25+03:00,2024-12-01 00:00:00+03:00,0,True,14,False,economic_decay_14d
23,,383,2024-12-30 11:18:26+03:00,2025-01-01 00:00:00+03:00,0,True,14,False,economic_decay_14d
0,,11,2023-01-31 12:01:08+03:00,2023-02-01 00:00:00+03:00,0,True,30,False,economic_decay_30d
1,,27,2023-02-27 14:38:34+03:00,2023-03-01 00:00:00+03:00,0,True,30,False,economic_decay_30d
2,,47,2023-03-30 11:35:16+03:00,2023-04-01 00:00:00+03:00,0,True,30,False,economic_decay_30d
3,,64,2023-04-28 12:00:56+03:00,2023-05-01 00:00:00+03:00,0,True,30,False,economic_decay_30d
4,,76,2023-05-31 14:32:29+03:00,2023-06-01 00:00:00+03:00,0,True,30,False,economic_decay_30d
5,,94,2023-06-29 19:35:31+03:00,2023-07-01 00:00:00+03:00,0,True,30,False,economic_decay_30d
6,,112,2023-07-29 16:18:58+03:00,2023-08-01 00:00:00+03:00,0,True,30,False,economic_decay_30d
7,,128,2023-08-30 10:11:00+03:00,2023-09-01 00:00:00+03:00,0,True,30,False,economic_decay_30d
8,,147,2023-09-29 17:28:59+03:00,2023-10-01 00:00:00+03:00,0,True,30,False,economic_decay_30d
9,,159,2023-10-27 12:05:01+03:00,2023-11-01 00:00:00+03:00,0,True,30,False,economic_decay_30d
10,,181,2023-11-28 15:59:05+03:00,2023-12-01 00:00:00+03:00,0,True,30,False,economic_decay_30d
11,,199,2023-12-31 13:15:54+03:00,2024-01-01 00:00:00+03:00,0,True,30,False,economic_decay_30d
12,,220,2024-01-31 10:09:58+03:00,2024-02-01 00:00:00+03:00,0,True,30,False,economic_decay_30d
13,,234,2024-02-29 12:56:13+03:00,2024-03-01 00:00:00+03:00,0,True,30,False,economic_decay_30d
14,,252,2024-03-30 11:28:08+03:00,2024-04-01 00:00:00+03:00,0,True,30,False,economic_decay_30d
15,,260,2024-04-27 13:27:10+03:00,2024-05-01 00:00:00+03:00,0,True,30,False,economic_decay_30d
16,,275,2024-05-29 11:31:00+03:00,2024-06-01 00:00:00+03:00,0,True,30,False,economic_decay_30d
17,,290,2024-06-30 10:54:22+03:00,2024-07-01 00:00:00+03:00,0,True,30,False,economic_decay_30d
18,,312,2024-07-30 10:47:00+03:00,2024-08-01 00:00:00+03:00,0,True,30,False,economic_decay_30d
19,,329,2024-08-30 11:17:04+03:00,2024-09-01 00:00:00+03:00,0,True,30,False,economic_decay_30d
20,,343,2024-09-30 13:51:11+03:00,2024-10-01 00:00:00+03:00,0,True,30,False,economic_decay_30d
21,,355,2024-10-30 17:52:50+03:00,2024-11-01 00:00:00+03:00,0,True,30,False,economic_decay_30d
22,,372,2024-11-27 11:01:25+03:00,2024-12-01 00:00:00+03:00,0,True,30,False,economic_decay_30d
23,,383,2024-12-30 11:18:26+03:00,2025-01-01 00:00:00+03:00,0,True,30,False,economic_decay_30d
0,,11,2023-01-31 12:01:08+03:00,2023-02-01 00:00:00+03:00,0,True,90,False,economic_decay_90d
1,,27,2023-02-27 14:38:34+03:00,2023-03-01 00:00:00+03:00,0,True,90,False,economic_decay_90d
2,,47,2023-03-30 11:35:16+03:00,2023-04-01 00:00:00+03:00,0,True,90,False,economic_decay_90d
3,,64,2023-04-28 12:00:56+03:00,2023-05-01 00:00:00+03:00,0,True,90,False,economic_decay_90d
4,,76,2023-05-31 14:32:29+03:00,2023-06-01 00:00:00+03:00,0,True,90,False,economic_decay_90d
5,,94,2023-06-29 19:35:31+03:00,2023-07-01 00:00:00+03:00,0,True,90,False,economic_decay_90d
6,,112,2023-07-29 16:18:58+03:00,2023-08-01 00:00:00+03:00,0,True,90,False,economic_decay_90d
7,,128,2023-08-30 10:11:00+03:00,2023-09-01 00:00:00+03:00,0,True,90,False,economic_decay_90d
8,,147,2023-09-29 17:28:59+03:00,2023-10-01 00:00:00+03:00,0,True,90,False,economic_decay_90d
9,,159,2023-10-27 12:05:01+03:00,2023-11-01 00:00:00+03:00,0,True,90,False,economic_decay_90d
10,,181,2023-11-28 15:59:05+03:00,2023-12-01 00:00:00+03:00,0,True,90,False,economic_decay_90d
11,,199,2023-12-31 13:15:54+03:00,2024-01-01 00:00:00+03:00,0,True,90,False,economic_decay_90d
12,,220,2024-01-31 10:09:58+03:00,2024-02-01 00:00:00+03:00,0,True,90,False,economic_decay_90d
13,,234,2024-02-29 12:56:13+03:00,2024-03-01 00:00:00+03:00,0,True,90,False,economic_decay_90d
14,,252,2024-03-30 11:28:08+03:00,2024-04-01 00:00:00+03:00,0,True,90,False,economic_decay_90d
15,,260,2024-04-27 13:27:10+03:00,2024-05-01 00:00:00+03:00,0,True,90,False,economic_decay_90d
16,,275,2024-05-29 11:31:00+03:00,2024-06-01 00:00:00+03:00,0,True,90,False,economic_decay_90d
17,,290,2024-06-30 10:54:22+03:00,2024-07-01 00:00:00+03:00,0,True,90,False,economic_decay_90d
18,,312,2024-07-30 10:47:00+03:00,2024-08-01 00:00:00+03:00,0,True,90,False,economic_decay_90d
19,,329,2024-08-30 11:17:04+03:00,2024-09-01 00:00:00+03:00,0,True,90,False,economic_decay_90d
20,,343,2024-09-30 13:51:11+03:00,2024-10-01 00:00:00+03:00,0,True,90,False,economic_decay_90d
21,,355,2024-10-30 17:52:50+03:00,2024-11-01 00:00:00+03:00,0,True,90,False,economic_decay_90d
22,,372,2024-11-27 11:01:25+03:00,2024-12-01 00:00:00+03:00,0,True,90,False,economic_decay_90d
23,,383,2024-12-30 11:18:26+03:00,2025-01-01 00:00:00+03:00,0,True,90,False,economic_decay_90d
