category,month,mean_mo_yoy_pct,median_mo_yoy_pct,ratio_of_sums_yoy_pct,national_actual_yoy_pct,note
Общественное питание,2025-01-01,30.589308837848485,24.690155632971976,24.449779381895898,52.72947520612716,ratio_of_sums не является взвешиванием по населению; фактов МО нет
Общественное питание,2025-02-01,26.484440075946992,22.752642961473203,22.687037831499545,45.821854912764,ratio_of_sums не является взвешиванием по населению; фактов МО нет
Общественное питание,2025-03-01,20.24018069487724,18.160390955663885,18.410137654625245,52.861891368667145,ratio_of_sums не является взвешиванием по населению; фактов МО нет
Общественное питание,2025-04-01,22.523793838583668,20.601036590615585,20.857707277332672,56.066571224051565,ratio_of_sums не является взвешиванием по населению; фактов МО нет
Общественное питание,2025-05-01,21.24901106467498,20.198165592637107,20.267343501672052,58.78897264394665,ratio_of_sums не является взвешиванием по населению; фактов МО нет
Общественное питание,2025-06-01,16.309091929233375,16.981844758715038,17.082540184226993,49.76360981714522,ratio_of_sums не является взвешиванием по населению; фактов МО нет
Общественное питание,2025-07-01,13.390952767676891,14.11946441121973,15.314405162304068,48.77759316401613,ratio_of_sums не является взвешиванием по населению; фактов МО нет
Общественное питание,2025-08-01,13.292190970037732,14.041854487666694,15.510396981927865,49.01106050748212,ratio_of_sums не является взвешиванием по населению; фактов МО нет
Общественное питание,2025-09-01,18.565484411376865,19.837553664277685,20.532205945612315,48.8786658999425,ratio_of_sums не является взвешиванием по населению; фактов МО нет
Общественное питание,2025-10-01,19.445575448528214,20.91876675237756,21.4175698450904,48.036234836849204,ratio_of_sums не является взвешиванием по населению; фактов МО нет
Общественное питание,2025-11-01,23.250375983740252,23.845895777716407,24.139285055619375,41.386284833697175,ratio_of_sums не является взвешиванием по населению; фактов МО нет
Общественное питание,2025-12-01,23.695726470080718,23.411423136155264,23.518795356589028,41.345291479820645,ratio_of_sums не является взвешиванием по населению; фактов МО нет
Все категории,2025-01-01,23.158803120856287,23.01417263566772,22.9947259703863,15.58232745803636,ratio_of_sums не является взвешиванием по населению; фактов МО нет
Все категории,2025-02-01,17.243102988407294,17.528281534922773,17.536460856118175,12.441153768592628,ratio_of_sums не является взвешиванием по населению; фактов МО нет
Все категории,2025-03-01,13.436918196231066,13.614245376446243,13.669412404023484,14.55422031427025,ratio_of_sums не является взвешиванием по населению; фактов МО нет
Все категории,2025-04-01,15.167642498970013,15.448483488259646,15.500571535685758,15.060657064623385,ratio_of_sums не является взвешиванием по населению; фактов МО нет
Все категории,2025-05-01,15.520409255331593,15.566568451509132,15.670335261733115,15.057427314395788,ratio_of_sums не является взвешиванием по населению; фактов МО нет
Все категории,2025-06-01,15.205963229804498,15.410688787977033,15.334131553076702,14.322064645898847,ratio_of_sums не является взвешиванием по населению; фактов МО нет
Все категории,2025-07-01,14.84936617872655,15.087667666320282,14.925316977863412,14.70268082457662,ratio_of_sums не является взвешиванием по населению; фактов МО нет
Все категории,2025-08-01,14.927082837670866,15.0435651963286,15.04108206147694,14.368921320118822,ratio_of_sums не является взвешиванием по населению; фактов МО нет
Все категории,2025-09-01,18.052775735951982,18.18086557561672,18.1283206891802,13.05218288865817,ratio_of_sums не является взвешиванием по населению; фактов МО нет
Все категории,2025-10-01,16.395503355790726,16.582917493370598,16.555539323091416,15.683702762340879,ratio_of_sums не является взвешиванием по населению; фактов МО нет
Все категории,2025-11-01,16.749804970441442,16.829960813286238,16.86899742023098,11.927626221190192,ratio_of_sums не является взвешиванием по населению; фактов МО нет
Все категории,2025-12-01,11.60478722288387,11.765779403449795,11.771639539868595,13.0792624376179,ratio_of_sums не является взвешиванием по населению; фактов МО нет
Продовольствие,2025-01-01,15.17538734204488,15.104428262958436,15.18064877461942,13.254352357732868,ratio_of_sums не является взвешиванием по населению; фактов МО нет
Продовольствие,2025-02-01,11.09778702700285,11.595980741845825,11.300488745054293,10.317500583454265,ratio_of_sums не является взвешиванием по населению; фактов МО нет
Продовольствие,2025-03-01,9.159663469878874,9.519261666357027,9.274973185211932,14.435798585653114,ratio_of_sums не является взвешиванием по населению; фактов МО нет
Продовольствие,2025-04-01,10.491940977432131,10.937219994381808,10.701140332322346,14.89120504345578,ratio_of_sums не является взвешиванием по населению; фактов МО нет
Продовольствие,2025-05-01,11.42790305714664,11.662654417538675,11.550569981527726,15.280367792322892,ratio_of_sums не является взвешиванием по населению; фактов МО нет
Продовольствие,2025-06-01,11.349299979244181,11.507153219742406,11.491302889072363,13.735134712715546,ratio_of_sums не является взвешиванием по населению; фактов МО нет
Продовольствие,2025-07-01,11.180779052404686,11.26788026134965,11.312887245293002,15.373941443652207,ratio_of_sums не является взвешиванием по населению; фактов МО нет
Продовольствие,2025-08-01,13.370926397029262,13.449612898385876,13.451062887833132,12.84696927553124,ratio_of_sums не является взвешиванием по населению; фактов МО нет
Продовольствие,2025-09-01,16.161310155951792,16.362849282588133,16.207564840757694,10.410728641379796,ratio_of_sums не является взвешиванием по населению; фактов МО нет
Продовольствие,2025-10-01,15.00767253400442,15.26429318664344,15.077554142577654,11.411937901498925,ratio_of_sums не является взвешиванием по населению; фактов МО нет
Продовольствие,2025-11-01,15.653002690029732,15.634481174668124,15.650201725523605,7.33145189340072,ratio_of_sums не является взвешиванием по населению; фактов МО нет
Продовольствие,2025-12-01,9.80897870330709,9.870417514820584,9.770038148573734,8.829687805655562,ratio_of_sums не является взвешиванием по населению; фактов МО нет
