origin,h,weeks,applied,last_available_at,yoy_pct,fallback
5,1,0,False,,,SeasonalNaive_NatGrowth
5,2,0,False,,,SeasonalNaive_NatGrowth
5,3,0,False,,,SeasonalNaive_NatGrowth
5,4,0,False,,,SeasonalNaive_NatGrowth
5,5,0,False,,,SeasonalNaive_NatGrowth
5,6,0,False,,,SeasonalNaive_NatGrowth
5,7,0,False,,,SeasonalNaive_NatGrowth
5,8,0,False,,,SeasonalNaive_NatGrowth
5,9,0,False,,,SeasonalNaive_NatGrowth
5,10,0,False,,,SeasonalNaive_NatGrowth
5,11,0,False,,,SeasonalNaive_NatGrowth
5,12,0,False,,,SeasonalNaive_NatGrowth
6,1,0,False,,,SeasonalNaive_NatGrowth
6,2,0,False,,,SeasonalNaive_NatGrowth
6,3,0,False,,,SeasonalNaive_NatGrowth
6,4,0,False,,,SeasonalNaive_NatGrowth
6,5,0,False,,,SeasonalNaive_NatGrowth
6,6,0,False,,,SeasonalNaive_NatGrowth
6,7,0,False,,,SeasonalNaive_NatGrowth
6,8,0,False,,,SeasonalNaive_NatGrowth
6,9,0,False,,,SeasonalNaive_NatGrowth
6,10,0,False,,,SeasonalNaive_NatGrowth
6,11,0,False,,,SeasonalNaive_NatGrowth
6,12,0,False,,,SeasonalNaive_NatGrowth
7,1,0,False,,,SeasonalNaive_NatGrowth
7,2,0,False,,,SeasonalNaive_NatGrowth
7,3,0,False,,,SeasonalNaive_NatGrowth
7,4,0,False,,,SeasonalNaive_NatGrowth
7,5,0,False,,,SeasonalNaive_NatGrowth
7,6,0,False,,,SeasonalNaive_NatGrowth
7,7,0,False,,,SeasonalNaive_NatGrowth
7,8,0,False,,,SeasonalNaive_NatGrowth
7,9,0,False,,,SeasonalNaive_NatGrowth
7,10,0,False,,,SeasonalNaive_NatGrowth
7,11,0,False,,,SeasonalNaive_NatGrowth
7,12,0,False,,,SeasonalNaive_NatGrowth
8,1,0,False,,,SeasonalNaive_NatGrowth
8,2,0,False,,,SeasonalNaive_NatGrowth
8,3,0,False,,,SeasonalNaive_NatGrowth
8,4,0,False,,,SeasonalNaive_NatGrowth
8,5,0,False,,,SeasonalNaive_NatGrowth
8,6,0,False,,,SeasonalNaive_NatGrowth
8,7,0,False,,,SeasonalNaive_NatGrowth
8,8,0,False,,,SeasonalNaive_NatGrowth
8,9,0,False,,,SeasonalNaive_NatGrowth
8,10,0,False,,,SeasonalNaive_NatGrowth
8,11,0,False,,,SeasonalNaive_NatGrowth
8,12,0,False,,,SeasonalNaive_NatGrowth
9,1,0,False,,,SeasonalNaive_NatGrowth
9,2,0,False,,,SeasonalNaive_NatGrowth
9,3,0,False,,,SeasonalNaive_NatGrowth
9,4,0,False,,,SeasonalNaive_NatGrowth
9,5,0,False,,,SeasonalNaive_NatGrowth
9,6,0,False,,,SeasonalNaive_NatGrowth
9,7,0,False,,,SeasonalNaive_NatGrowth
9,8,0,False,,,SeasonalNaive_NatGrowth
9,9,0,False,,,SeasonalNaive_NatGrowth
9,10,0,False,,,SeasonalNaive_NatGrowth
9,11,0,False,,,SeasonalNaive_NatGrowth
9,12,0,False,,,SeasonalNaive_NatGrowth
10,1,2,False,2023-11-26,,SeasonalNaive_NatGrowth
10,2,2,False,2023-11-26,,SeasonalNaive_NatGrowth
10,3,2,False,2023-11-26,,SeasonalNaive_NatGrowth
10,4,2,False,2023-11-26,,SeasonalNaive_NatGrowth
10,5,2,False,2023-11-26,,SeasonalNaive_NatGrowth
10,6,2,False,2023-11-26,,SeasonalNaive_NatGrowth
10,7,2,False,2023-11-26,,SeasonalNaive_NatGrowth
10,8,2,False,2023-11-26,,SeasonalNaive_NatGrowth
10,9,2,False,2023-11-26,,SeasonalNaive_NatGrowth
10,10,2,False,2023-11-26,,SeasonalNaive_NatGrowth
10,11,2,False,2023-11-26,,SeasonalNaive_NatGrowth
10,12,2,False,2023-11-26,,SeasonalNaive_NatGrowth
11,1,7,True,2023-12-31,67.49282269,none
11,2,7,True,2023-12-31,67.49282269,none
11,3,7,True,2023-12-31,67.49282269,none
11,4,7,True,2023-12-31,67.49282269,none
11,5,7,True,2023-12-31,67.49282269,none
11,6,7,True,2023-12-31,67.49282269,none
11,7,7,True,2023-12-31,67.49282269,none
11,8,7,True,2023-12-31,67.49282269,none
11,9,7,True,2023-12-31,67.49282269,none
11,10,7,True,2023-12-31,67.49282269,none
11,11,7,True,2023-12-31,67.49282269,none
11,12,7,True,2023-12-31,67.49282269,none
12,1,11,True,2024-01-28,66.03309273,none
12,2,11,True,2024-01-28,66.03309273,none
12,3,11,True,2024-01-28,66.03309273,none
12,4,11,True,2024-01-28,66.03309273,none
12,5,11,True,2024-01-28,66.03309273,none
12,6,11,True,2024-01-28,66.03309273,none
12,7,11,True,2024-01-28,66.03309273,none
12,8,11,True,2024-01-28,66.03309273,none
12,9,11,True,2024-01-28,66.03309273,none
12,10,11,True,2024-01-28,66.03309273,none
12,11,11,True,2024-01-28,66.03309273,none
12,12,11,True,2024-01-28,66.03309273,none
13,1,12,True,2024-02-25,64.843653515,none
13,2,12,True,2024-02-25,64.843653515,none
13,3,12,True,2024-02-25,64.843653515,none
13,4,12,True,2024-02-25,64.843653515,none
13,5,12,True,2024-02-25,64.843653515,none
13,6,12,True,2024-02-25,64.843653515,none
13,7,12,True,2024-02-25,64.843653515,none
13,8,12,True,2024-02-25,64.843653515,none
13,9,12,True,2024-02-25,64.843653515,none
13,10,12,True,2024-02-25,64.843653515,none
13,11,12,True,2024-02-25,64.843653515,none
13,12,12,True,2024-02-25,64.843653515,none
14,1,12,True,2024-03-31,61.051342535,none
14,2,12,True,2024-03-31,61.051342535,none
14,3,12,True,2024-03-31,61.051342535,none
14,4,12,True,2024-03-31,61.051342535,none
14,5,12,True,2024-03-31,61.051342535,none
14,6,12,True,2024-03-31,61.051342535,none
14,7,12,True,2024-03-31,61.051342535,none
14,8,12,True,2024-03-31,61.051342535,none
14,9,12,True,2024-03-31,61.051342535,none
14,10,12,True,2024-03-31,61.051342535,none
14,11,12,True,2024-03-31,61.051342535,none
14,12,12,True,2024-03-31,61.051342535,none
15,1,12,True,2024-04-28,62.94501928,none
15,2,12,True,2024-04-28,62.94501928,none
15,3,12,True,2024-04-28,62.94501928,none
15,4,12,True,2024-04-28,62.94501928,none
15,5,12,True,2024-04-28,62.94501928,none
15,6,12,True,2024-04-28,62.94501928,none
15,7,12,True,2024-04-28,62.94501928,none
15,8,12,True,2024-04-28,62.94501928,none
15,9,12,True,2024-04-28,62.94501928,none
15,10,12,True,2024-04-28,62.94501928,none
15,11,12,True,2024-04-28,62.94501928,none
15,12,12,True,2024-04-28,62.94501928,none
16,1,12,True,2024-05-26,61.10261732,none
16,2,12,True,2024-05-26,61.10261732,none
16,3,12,True,2024-05-26,61.10261732,none
16,4,12,True,2024-05-26,61.10261732,none
16,5,12,True,2024-05-26,61.10261732,none
16,6,12,True,2024-05-26,61.10261732,none
16,7,12,True,2024-05-26,61.10261732,none
16,8,12,True,2024-05-26,61.10261732,none
16,9,12,True,2024-05-26,61.10261732,none
16,10,12,True,2024-05-26,61.10261732,none
16,11,12,True,2024-05-26,61.10261732,none
16,12,12,True,2024-05-26,61.10261732,none
17,1,12,True,2024-06-30,60.71283001,none
17,2,12,True,2024-06-30,60.71283001,none
17,3,12,True,2024-06-30,60.71283001,none
17,4,12,True,2024-06-30,60.71283001,none
17,5,12,True,2024-06-30,60.71283001,none
17,6,12,True,2024-06-30,60.71283001,none
17,7,12,True,2024-06-30,60.71283001,none
17,8,12,True,2024-06-30,60.71283001,none
17,9,12,True,2024-06-30,60.71283001,none
17,10,12,True,2024-06-30,60.71283001,none
17,11,12,True,2024-06-30,60.71283001,none
17,12,12,True,2024-06-30,60.71283001,none
18,1,12,True,2024-07-28,57.642635285,none
18,2,12,True,2024-07-28,57.642635285,none
18,3,12,True,2024-07-28,57.642635285,none
18,4,12,True,2024-07-28,57.642635285,none
18,5,12,True,2024-07-28,57.642635285,none
18,6,12,True,2024-07-28,57.642635285,none
18,7,12,True,2024-07-28,57.642635285,none
18,8,12,True,2024-07-28,57.642635285,none
18,9,12,True,2024-07-28,57.642635285,none
18,10,12,True,2024-07-28,57.642635285,none
18,11,12,True,2024-07-28,57.642635285,none
18,12,12,True,2024-07-28,57.642635285,none
19,1,12,True,2024-08-25,57.26805424,none
19,2,12,True,2024-08-25,57.26805424,none
19,3,12,True,2024-08-25,57.26805424,none
19,4,12,True,2024-08-25,57.26805424,none
19,5,12,True,2024-08-25,57.26805424,none
19,6,12,True,2024-08-25,57.26805424,none
19,7,12,True,2024-08-25,57.26805424,none
19,8,12,True,2024-08-25,57.26805424,none
19,9,12,True,2024-08-25,57.26805424,none
19,10,12,True,2024-08-25,57.26805424,none
19,11,12,True,2024-08-25,57.26805424,none
19,12,12,True,2024-08-25,57.26805424,none
20,1,12,True,2024-09-29,53.56322349,none
20,2,12,True,2024-09-29,53.56322349,none
20,3,12,True,2024-09-29,53.56322349,none
20,4,12,True,2024-09-29,53.56322349,none
20,5,12,True,2024-09-29,53.56322349,none
20,6,12,True,2024-09-29,53.56322349,none
20,7,12,True,2024-09-29,53.56322349,none
20,8,12,True,2024-09-29,53.56322349,none
20,9,12,True,2024-09-29,53.56322349,none
20,10,12,True,2024-09-29,53.56322349,none
20,11,12,True,2024-09-29,53.56322349,none
20,12,12,True,2024-09-29,53.56322349,none
21,1,12,True,2024-10-27,45.963305305,none
21,2,12,True,2024-10-27,45.963305305,none
21,3,12,True,2024-10-27,45.963305305,none
21,4,12,True,2024-10-27,45.963305305,none
21,5,12,True,2024-10-27,45.963305305,none
21,6,12,True,2024-10-27,45.963305305,none
21,7,12,True,2024-10-27,45.963305305,none
21,8,12,True,2024-10-27,45.963305305,none
21,9,12,True,2024-10-27,45.963305305,none
21,10,12,True,2024-10-27,45.963305305,none
21,11,12,True,2024-10-27,45.963305305,none
21,12,12,True,2024-10-27,45.963305305,none
22,1,12,True,2024-11-24,44.15566934,none
22,2,12,True,2024-11-24,44.15566934,none
22,3,12,True,2024-11-24,44.15566934,none
22,4,12,True,2024-11-24,44.15566934,none
22,5,12,True,2024-11-24,44.15566934,none
22,6,12,True,2024-11-24,44.15566934,none
22,7,12,True,2024-11-24,44.15566934,none
22,8,12,True,2024-11-24,44.15566934,none
22,9,12,True,2024-11-24,44.15566934,none
22,10,12,True,2024-11-24,44.15566934,none
22,11,12,True,2024-11-24,44.15566934,none
22,12,12,True,2024-11-24,44.15566934,none
23,1,12,True,2024-12-29,37.031945965000006,none
23,2,12,True,2024-12-29,37.031945965000006,none
23,3,12,True,2024-12-29,37.031945965000006,none
23,4,12,True,2024-12-29,37.031945965000006,none
23,5,12,True,2024-12-29,37.031945965000006,none
23,6,12,True,2024-12-29,37.031945965000006,none
23,7,12,True,2024-12-29,37.031945965000006,none
23,8,12,True,2024-12-29,37.031945965000006,none
23,9,12,True,2024-12-29,37.031945965000006,none
23,10,12,True,2024-12-29,37.031945965000006,none
23,11,12,True,2024-12-29,37.031945965000006,none
23,12,12,True,2024-12-29,37.031945965000006,none
