model,stage,h,n_target_months,n_series,mae,r2,r2_change,wape,coverage
Prophet,validation,1,6,12096,558.4959052396409,0.9893149582413342,0.5023912845213288,0.0672075635703249,1.0
Prophet,validation,3,6,12096,564.0801551146757,0.9901088658012057,0.23652900653537,0.06787955386595283,1.0
Prophet,validation,6,6,12096,953.9078064120081,0.969499172957439,-0.7204037972701394,0.11479013353223384,1.0
Prophet,validation,12,1,12096,1377.6242751027198,0.9565086809924542,-0.7047254054319894,0.1558001513973948,1.0
Prophet,test,1,6,12096,640.4252976275836,0.9896766526600711,0.1271279640883769,0.06977113883823724,1.0
Prophet,test,3,6,12096,718.5596449594925,0.9884477888707165,0.4235832061853837,0.07828348589249087,1.0
Prophet,test,6,6,12096,736.4826348231098,0.9878578254305586,0.52998027627179,0.08023610615718559,1.0
Prophet,test,12,6,12096,1092.844549926434,0.970909999276642,-0.44193554270152124,0.1190599576624907,1.0
Ensemble,validation,1,6,12096,350.70257823939255,0.9966436980633819,0.8436950333783615,0.042202396830801105,1.0
Ensemble,validation,3,6,12096,379.36229642120566,0.9962091087194888,0.7073909347624494,0.04565121322057449,1.0
Ensemble,validation,6,6,12096,557.1857487540134,0.9933882898566434,0.6270654818242221,0.06704990364037947,1.0
Ensemble,validation,12,1,12096,695.2473813938716,0.990914162500352,0.6438632267605127,0.07862785901600844,1.0
Ensemble,test,1,6,12096,439.6062550972589,0.9960501257493874,0.6660254987845051,0.047892906748328495,1.0
Ensemble,test,3,6,12096,513.8679024498036,0.9946945107718671,0.7352737881714922,0.05598334247437569,1.0
Ensemble,test,6,6,12096,466.10417046449174,0.9958269538677453,0.8384627087207435,0.05077972233612584,1.0
Ensemble,test,12,6,12096,583.4047481131722,0.9936622728592653,0.6858510210750369,0.06355903464507016,1.0
SeasonalNaive_NatGrowth,validation,1,6,12096,570.0407147646949,0.9929487851685703,0.6716207541270269,0.06859682804439375,1.0
SeasonalNaive_NatGrowth,validation,3,6,12096,593.7137888984022,0.9926353936367621,0.4315451369265064,0.07144556806167905,1.0
SeasonalNaive_NatGrowth,validation,6,6,12096,669.3959715123004,0.9905071193089497,0.4645526180281596,0.08055291343600549,1.0
SeasonalNaive_NatGrowth,validation,12,1,12096,901.4081902431433,0.9839293475339137,0.3700800489391406,0.10194327658770515,1.0
SeasonalNaive_NatGrowth,test,1,6,12096,546.714179956934,0.9947293711425549,0.5543514724590888,0.05956178042296831,1.0
SeasonalNaive_NatGrowth,test,3,6,12096,542.5604498440784,0.9947173094642608,0.7364113668588687,0.0591092522647675,1.0
SeasonalNaive_NatGrowth,test,6,6,12096,528.96048203271,0.9948761210343469,0.8016562715286453,0.057627603669876536,1.0
SeasonalNaive_NatGrowth,test,12,6,12096,612.4192547326944,0.9929577162288754,0.6509275002107138,0.0667200202856637,1.0
NatPath_K1,validation,1,6,12096,459.2639566147848,0.9940739399470684,0.7240198777513289,0.055266316673356825,1.0
NatPath_K1,validation,3,6,12096,603.8232430447766,0.991384646488858,0.3350032087318773,0.07266210658206841,1.0
NatPath_K1,validation,6,6,12096,930.1048067196862,0.9812662134469764,-0.056682085311869246,0.11192575869979936,1.0
NatPath_K1,validation,12,1,12096,901.4081902431433,0.9839293475339137,0.3700800489391406,0.10194327658770515,1.0
NatPath_K1,test,1,6,12096,402.8377648387006,0.9959439014254627,0.6570438924474931,0.04388716330220678,1.0
NatPath_K1,test,3,6,12096,724.3059641337794,0.9886076111815197,0.4315578062807468,0.07890951867789646,1.0
NatPath_K1,test,6,6,12096,873.1535886718876,0.9851485983248445,0.4251069549023616,0.09512572424607396,1.0
NatPath_K1,test,12,6,12096,612.4192547326944,0.9929577162288754,0.6509275002107138,0.0667200202856637,1.0
NatPath_K3,validation,1,6,12096,460.1678528127111,0.9950679266100758,0.7703104246442197,0.05537508857412312,1.0
NatPath_K3,validation,3,6,12096,653.9886352672148,0.9907122567528441,0.28310318903418996,0.07869884517798191,1.0
NatPath_K3,validation,6,6,12096,902.0512086643429,0.9833141280875198,0.05883085206388261,0.10854988081601821,1.0
NatPath_K3,validation,12,1,12096,888.6431164375689,0.9845413414520314,0.39406832071365583,0.10049963156238856,1.0
NatPath_K3,test,1,6,12096,525.5816305745951,0.9938211565897929,0.4775590271785062,0.0572594946725099,1.0
NatPath_K3,test,3,6,12096,757.9076352405117,0.9886409185405857,0.4332197323750957,0.08257025298784547,1.0
NatPath_K3,test,6,6,12096,757.1118383026785,0.9892800766128191,0.5850351681229274,0.08248355488450339,1.0
NatPath_K3,test,12,6,12096,686.5261318214251,0.9916241884982682,0.5848270882434982,0.07479359456416253,1.0
StructHGB,validation,1,6,12096,445.37980552093904,0.9951351042215217,0.7734389257484309,0.05359554351547799,1.0
StructHGB,validation,3,6,12096,532.3880613306948,0.9936792854313103,0.5121204369310763,0.06406583135217778,1.0
StructHGB,validation,6,6,12096,738.2934674189099,0.9886221244751734,0.35822919717998625,0.08884381188761153,1.0
StructHGB,validation,12,1,12096,888.6431164375689,0.9845413414520314,0.39406832071365583,0.10049963156238856,1.0
StructHGB,test,1,6,12096,499.88543053909586,0.9943430460672442,0.5216864517147239,0.054460021967522365,1.0
StructHGB,test,3,6,12096,736.3514318142934,0.9894494959684009,0.47356504837358004,0.08022181224440912,1.0
StructHGB,test,6,6,12096,883.1380607243989,0.9862475114166882,0.467645531899074,0.09621348262848464,1.0
StructHGB,test,12,6,12096,606.2197778835708,0.993143113795947,0.6601173020272643,0.06604461823398497,1.0
EqualBlend_NoHGB,validation,1,6,12096,353.3731803420202,0.9966501015717609,0.8439932485515896,0.04252376831965092,1.0
EqualBlend_NoHGB,validation,3,6,12096,419.4056713704604,0.9961571785328087,0.7033825783476533,0.050469901490666,1.0
EqualBlend_NoHGB,validation,6,6,12096,646.4939501306841,0.9908968427989232,0.48653503086897,0.0777969593753692,1.0
EqualBlend_NoHGB,validation,12,1,12096,675.4469565075857,0.9914574024066668,0.6651565535823238,0.07638856253236738,1.0
EqualBlend_NoHGB,test,1,6,12096,454.3742083131321,0.9957357235455696,0.6394417868638478,0.0495018015218458,1.0
EqualBlend_NoHGB,test,3,6,12096,541.8116835475862,0.9942043708546644,0.7108174415524096,0.059027677914997925,1.0
EqualBlend_NoHGB,test,6,6,12096,525.4386431212936,0.9946072863135516,0.7912497648132197,0.05724391690334091,1.0
EqualBlend_NoHGB,test,12,6,12096,628.111062059905,0.9927265374826456,0.639468413149288,0.06842956435224794,1.0
DevBlend_NoHGB,validation,1,6,12096,352.90646916412385,0.9969152892186555,0.8563431941402424,0.04246760582881942,1.0
DevBlend_NoHGB,validation,3,6,12096,383.24233713927407,0.9962595317473167,0.7112829574946904,0.04611812458155062,1.0
DevBlend_NoHGB,validation,6,6,12096,558.2466131217476,0.9933576964837474,0.6253398579639834,0.06717756457533905,1.0
DevBlend_NoHGB,validation,12,1,12096,699.8151075972451,0.9908025240132479,0.6394873428017526,0.07914443849772117,1.0
DevBlend_NoHGB,test,1,6,12096,445.46557198935295,0.9960140639224452,0.6629763559759441,0.04853125007094542,1.0
DevBlend_NoHGB,test,3,6,12096,508.9984372245309,0.994825216437558,0.7417955648173443,0.05545283854900134,1.0
DevBlend_NoHGB,test,6,6,12096,462.87888853102135,0.9958725499563341,0.8402277188380864,0.05042834397176979,1.0
DevBlend_NoHGB,test,12,6,12096,595.0333526765228,0.9933805347545595,0.6718858035842497,0.06482591305616676,1.0
RidgeSeasonal_DevSelected,validation,1,6,12096,579.4193484632452,0.9858515141057823,0.3410966423149595,0.06972542203153795,1.0
RidgeSeasonal_DevSelected,validation,3,6,12096,524.5379032653739,0.9918839084998353,0.3735399483877274,0.06312116910441111,1.0
RidgeSeasonal_DevSelected,validation,6,6,12096,840.2219738846602,0.9808729103689199,-0.07886640536399092,0.10110955370175395,1.0
RidgeSeasonal_DevSelected,validation,12,1,12096,1390.6054690168016,0.9634004290573928,-0.43459016276208784,0.1572682381708963,1.0
RidgeSeasonal_DevSelected,test,1,6,12096,601.0136918099154,0.9892643743570848,0.09226851493491117,0.06547744114776678,1.0
RidgeSeasonal_DevSelected,test,3,6,12096,713.4565781027841,0.9874221998258405,0.37240973450944515,0.07772753223563321,1.0
RidgeSeasonal_DevSelected,test,6,6,12096,787.6970283361366,0.9855332590644481,0.43999705004335854,0.08581565864137153,1.0
RidgeSeasonal_DevSelected,test,12,6,12096,969.5961626407803,0.9802699873170876,0.0220211124780213,0.10563266118817698,1.0
PastOnlyBlend,validation,1,6,12096,407.64412600774403,0.9959920610754471,0.8133479133718646,0.04905455573748479,1.0
PastOnlyBlend,validation,3,6,12096,524.409711783788,0.9939530605117902,0.5332524252833586,0.06310574296239821,1.0
PastOnlyBlend,validation,6,6,12096,646.4938657457236,0.9908968445828041,0.4865351314890416,0.07779694922076012,1.0
PastOnlyBlend,validation,12,1,12096,675.4468929411242,0.9914574044996156,0.6651566356194536,0.07638855534342298,1.0
PastOnlyBlend,test,1,6,12096,454.00631522449027,0.9957975272764336,0.6446674899822034,0.04946172140655313,1.0
PastOnlyBlend,test,3,6,12096,539.0397299354669,0.99432592515564,0.7168825956305884,0.058725687408000826,1.0
PastOnlyBlend,test,6,6,12096,576.8239568887407,0.993363330205354,0.7430966186892498,0.06284209029592257,1.0
PastOnlyBlend,test,12,6,12096,628.1110380491147,0.9927265378853483,0.6394684331104861,0.06842956173639221,1.0
WeeklyMarketplacePrior,validation,1,6,12096,458.52970835684783,0.9943848014067921,0.7384968798219547,0.055177959648696956,1.0
WeeklyMarketplacePrior,validation,3,6,12096,506.62746406534467,0.9938322651524225,0.5239285448093045,0.06096588565503309,1.0
WeeklyMarketplacePrior,validation,6,6,12096,646.727137848656,0.9908266794173249,0.482577454637918,0.07782502041974285,1.0
WeeklyMarketplacePrior,validation,12,1,12096,901.4081902431433,0.9839293475339137,0.3700800489391406,0.10194327658770515,1.0
WeeklyMarketplacePrior,test,1,6,12096,480.5606634129082,0.995426385482093,0.6132862642062439,0.05235468506847641,1.0
WeeklyMarketplacePrior,test,3,6,12096,507.45860268701216,0.9949135077313281,0.746201005811038,0.05528508126379864,1.0
WeeklyMarketplacePrior,test,6,6,12096,509.1804800366546,0.9947926740316567,0.7984260645400969,0.05547267120452922,1.0
WeeklyMarketplacePrior,test,12,6,12096,619.3450032958015,0.992719272431306,0.6391082984883854,0.06747454601465243,1.0
NatSeasonalityOnly,validation,1,6,12096,1324.0752181021835,0.958083149978241,-0.95209250158739,0.1593348645131268,1.0
NatSeasonalityOnly,validation,3,6,12096,1485.9000775608279,0.9489253379697344,-2.9423206861221747,0.17880833679339195,1.0
NatSeasonalityOnly,validation,6,6,12096,1491.961838120401,0.9479264764935513,-1.9372150287177274,0.17953778915702348,1.0
NatSeasonalityOnly,validation,12,1,12096,1455.3701359692705,0.9601585296244141,-0.5616626096633988,0.16459269165125046,1.0
NatSeasonalityOnly,test,1,6,12096,1130.397308976562,0.9726558414761649,-1.312036061081951,0.12315114327797363,1.0
NatSeasonalityOnly,test,3,6,12096,1030.9655139121166,0.9757471184807076,-0.21013787314527543,0.11231854562126645,1.0
NatSeasonalityOnly,test,6,6,12096,1109.1097665802038,0.9727907333661926,-0.05326207533332461,0.1208319718124441,1.0
NatSeasonalityOnly,test,12,6,12096,1311.274228356818,0.9671765989783245,-0.6269930350155017,0.14285678061219897,1.0
NatGrowthOnly,validation,1,6,12096,664.0038407714594,0.9815946811774092,0.14285341469471236,0.0799040421262166,1.0
NatGrowthOnly,validation,3,6,12096,610.0420940631649,0.9899986955786418,0.22802525281202368,0.07341046269575087,1.0
NatGrowthOnly,validation,6,6,12096,800.9064824206908,0.9852158420397277,0.16609731733495958,0.09637845654047841,1.0
NatGrowthOnly,validation,12,1,12096,888.6431164375689,0.9845413414520314,0.39406832071365583,0.10049963156238856,1.0
NatGrowthOnly,test,1,6,12096,685.519375693388,0.9855730440103095,-0.21984527228115258,0.07468391351026643,1.0
NatGrowthOnly,test,3,6,12096,854.5087405366452,0.984051298490171,0.2042130041669208,0.09309446112658,1.0
NatGrowthOnly,test,6,6,12096,883.9714797679762,0.984063008275396,0.3830841086481116,0.0963042794724183,1.0
NatGrowthOnly,test,12,6,12096,686.5261318214251,0.9916241884982682,0.5848270882434982,0.07479359456416253,1.0
ShockAdjusted_AbsZ,validation,1,6,12096,464.88059304373394,0.9948998063748293,0.762480965836618,0.05594220426055056,1.0
ShockAdjusted_AbsZ,validation,3,6,12096,654.0421514130563,0.9906554676628347,0.27871978647427764,0.07870528513526709,1.0
ShockAdjusted_AbsZ,validation,6,6,12096,899.5495868020903,0.9833786812858673,0.062471985053747514,0.10824884385449544,1.0
ShockAdjusted_AbsZ,validation,12,1,12096,888.6431164375689,0.9845413414520314,0.39406832071365583,0.10049963156238856,1.0
ShockAdjusted_AbsZ,test,1,6,12096,525.0284242879146,0.9938378732431512,0.47897247368670914,0.05719922560947139,1.0
ShockAdjusted_AbsZ,test,3,6,12096,757.2115840911603,0.9886647096922568,0.4344068314692834,0.08249442169017528,1.0
ShockAdjusted_AbsZ,test,6,6,12096,760.7946042135437,0.9892018054524824,0.582005316349097,0.08288477384419714,1.0
ShockAdjusted_AbsZ,test,12,6,12096,685.6425306171021,0.9916556996143047,0.5863890338286915,0.07469733062435124,1.0
ShockAdjusted_CUSUM,validation,1,6,12096,456.99668197551944,0.9950929927742561,0.7714777707380847,0.0549934802872343,1.0
ShockAdjusted_CUSUM,validation,3,6,12096,652.1841791823533,0.9907294120685624,0.28442736335750785,0.07848170285716015,1.0
ShockAdjusted_CUSUM,validation,6,6,12096,902.0512086643429,0.9833141280875198,0.05883085206388261,0.10854988081601821,1.0
ShockAdjusted_CUSUM,validation,12,1,12096,888.6431164375689,0.9845413414520314,0.39406832071365583,0.10049963156238856,1.0
ShockAdjusted_CUSUM,test,1,6,12096,522.7558485561788,0.9939441977005912,0.48796254663269933,0.05695163982938631,1.0
ShockAdjusted_CUSUM,test,3,6,12096,762.6128615460226,0.9885175591650909,0.4270645111006658,0.08308286390287842,1.0
ShockAdjusted_CUSUM,test,6,6,12096,762.4835640092954,0.9891459819763709,0.5798444073068647,0.08306877758177296,1.0
ShockAdjusted_CUSUM,test,12,6,12096,686.5261318214251,0.9916241884982682,0.5848270882434982,0.07479359456416253,1.0
ShockAdjusted_PageHinkley,validation,1,6,12096,460.1142761197986,0.9950684439703152,0.7703345184166175,0.05536864133080222,1.0
ShockAdjusted_PageHinkley,validation,3,6,12096,653.9821396585705,0.9907121510774115,0.2830950322216428,0.07869806351776419,1.0
ShockAdjusted_PageHinkley,validation,6,6,12096,902.0512086643429,0.9833141280875198,0.05883085206388261,0.10854988081601821,1.0
ShockAdjusted_PageHinkley,validation,12,1,12096,888.6431164375689,0.9845413414520314,0.39406832071365583,0.10049963156238856,1.0
ShockAdjusted_PageHinkley,test,1,6,12096,517.8735100510785,0.9938807477403667,0.4825976495565959,0.05641973342444489,1.0
ShockAdjusted_PageHinkley,test,3,6,12096,754.4838569333261,0.9886716784526475,0.43475454936296454,0.08219724943457093,1.0
ShockAdjusted_PageHinkley,test,6,6,12096,757.1421579307297,0.9892789449845661,0.5849913631524246,0.0824868580566081,1.0
ShockAdjusted_PageHinkley,test,12,6,12096,686.5261318214251,0.9916241884982682,0.5848270882434982,0.07479359456416253,1.0
ShockAdjusted_BOCPD,validation,1,6,12096,459.5633104404129,0.9950713293129041,0.7704688905278172,0.055302339929887756,1.0
ShockAdjusted_BOCPD,validation,3,6,12096,653.927002426388,0.9907114400444985,0.2830401494353392,0.07869142848427113,1.0
ShockAdjusted_BOCPD,validation,6,6,12096,902.0512086643429,0.9833141280875198,0.05883085206388261,0.10854988081601821,1.0
ShockAdjusted_BOCPD,validation,12,1,12096,888.6431164375689,0.9845413414520314,0.39406832071365583,0.10049963156238856,1.0
ShockAdjusted_BOCPD,test,1,6,12096,514.1285428495214,0.994000079985921,0.4926875725919273,0.056011737944671645,1.0
ShockAdjusted_BOCPD,test,3,6,12096,750.087338569487,0.9888138520477578,0.44184853742650443,0.08171827070855149,1.0
ShockAdjusted_BOCPD,test,6,6,12096,757.4750589037436,0.9892719189140939,0.5847193861944788,0.08252312595560206,1.0
ShockAdjusted_BOCPD,test,12,6,12096,686.5261318214251,0.9916241884982682,0.5848270882434982,0.07479359456416253,1.0
