model,h,mae_abs_difference
Prophet,1,0.0
Prophet,3,0.0
Prophet,6,0.0
Prophet,12,0.0
Ensemble,1,0.0
Ensemble,3,0.0
Ensemble,6,5.684341886080802e-14
Ensemble,12,0.0
SeasonalNaive_NatGrowth,1,0.0
SeasonalNaive_NatGrowth,3,0.0
SeasonalNaive_NatGrowth,6,0.0
SeasonalNaive_NatGrowth,12,0.0
NatPath_K1,1,0.0
NatPath_K1,3,0.0
NatPath_K1,6,0.0
NatPath_K1,12,0.0
NatPath_K3,1,0.0
NatPath_K3,3,0.0
NatPath_K3,6,0.0
NatPath_K3,12,0.0
StructHGB,1,5.684341886080802e-14
StructHGB,3,0.0
StructHGB,6,0.0
StructHGB,12,0.0
