method,h,base_mae,adjusted_mae,delta_mae,alarm_rate_test_per_100
AbsZ,1,525.5816305745951,525.0284242879146,-0.5532062866805513,0.03444664902998236
AbsZ,3,757.9076352405117,757.2115840911603,-0.6960511493514665,0.03444664902998236
AbsZ,6,757.1118383026785,760.7946042135437,3.682765910865138,0.03444664902998236
AbsZ,12,686.5261318214251,685.6425306171021,-0.8836012043229697,0.03444664902998236
CUSUM,1,525.5816305745951,522.7558485561788,-2.8257820184163527,1.9235008818342152
CUSUM,3,757.9076352405117,762.6128615460226,4.705226305510842,1.9235008818342152
CUSUM,6,757.1118383026785,762.4835640092954,5.371725706616827,1.9235008818342152
CUSUM,12,686.5261318214251,686.5261318214251,0.0,1.9235008818342152
PageHinkley,1,525.5816305745951,517.8735100510785,-7.708120523516674,2.718529541446208
PageHinkley,3,757.9076352405117,754.4838569333261,-3.423778307185602,2.718529541446208
PageHinkley,6,757.1118383026785,757.1421579307297,0.030319628051138848,2.718529541446208
PageHinkley,12,686.5261318214251,686.5261318214251,0.0,2.718529541446208
BOCPD,1,525.5816305745951,514.1285428495214,-11.453087725073782,2.0929783950617282
BOCPD,3,757.9076352405117,750.087338569487,-7.820296671024706,2.0929783950617282
BOCPD,6,757.1118383026785,757.4750589037436,0.3632206010650285,2.0929783950617282
BOCPD,12,686.5261318214251,686.5261318214251,0.0,2.0929783950617282
