stage,model,h,mae,n_series,coverage
validation,TimesFM,1,685.8354161898295,1200,1.0
validation,TimesFM,3,734.8932014083862,1200,1.0
validation,TimesFM,6,904.3007784620921,1200,1.0
validation,TimesFM,12,1530.7976452827454,1200,1.0
validation,Prophet,1,540.8387742884954,1200,1.0
validation,Prophet,3,550.7734314892027,1200,1.0
validation,Prophet,6,933.6835326475567,1200,1.0
validation,Prophet,12,1366.0907816228394,1200,1.0
validation,Ensemble,1,344.6583586300744,1200,1.0
validation,Ensemble,3,371.73973839230007,1200,1.0
validation,Ensemble,6,542.0354238308801,1200,1.0
validation,Ensemble,12,692.9526787948608,1200,1.0
validation,NatPath_K3,1,450.03662153667875,1200,1.0
validation,NatPath_K3,3,627.3791492271423,1200,1.0
validation,NatPath_K3,6,870.1795449945662,1200,1.0
validation,NatPath_K3,12,843.3835250981649,1200,1.0
validation,SeasonalNaive_NatGrowth,1,557.9187238396538,1200,1.0
validation,SeasonalNaive_NatGrowth,3,571.5895837338766,1200,1.0
validation,SeasonalNaive_NatGrowth,6,631.3965789932674,1200,1.0
validation,SeasonalNaive_NatGrowth,12,855.5691686757406,1200,1.0
validation,Chronos2,1,681.2636856926812,1200,1.0
validation,Chronos2,3,741.1905849001142,1200,1.0
validation,Chronos2,6,956.9775863467322,1200,1.0
validation,Chronos2,12,1590.8144094848633,1200,1.0
validation,Chronos2_NatCov,1,607.166200299263,1200,1.0
validation,Chronos2_NatCov,3,661.2406030082702,1200,1.0
validation,Chronos2_NatCov,6,902.8461059469647,1200,1.0
validation,Chronos2_NatCov,12,1442.4600380770366,1200,1.0
validation,LastValue,1,707.9413888888889,1200,1.0
validation,LastValue,3,644.7426388888889,1200,1.0
validation,LastValue,6,842.1340277777778,1200,1.0
validation,LastValue,12,1364.9325,1200,1.0
test,TimesFM,1,549.29677669949,1200,1.0
test,TimesFM,3,785.8005284733242,1200,1.0
test,TimesFM,6,1244.9735991446178,1200,1.0
test,TimesFM,12,1630.3375754462347,1200,1.0
test,Prophet,1,622.1366901673211,1200,1.0
test,Prophet,3,694.8463567654292,1200,1.0
test,Prophet,6,709.2125947202577,1200,1.0
test,Prophet,12,1077.5652376028067,1200,1.0
test,Ensemble,1,427.65226130167645,1200,1.0
test,Ensemble,3,498.04875757323373,1200,1.0
test,Ensemble,6,450.2561380004883,1200,1.0
test,Ensemble,12,583.3753058650758,1200,1.0
test,NatPath_K3,1,506.11803817749023,1200,1.0
test,NatPath_K3,3,723.2007689370049,1200,1.0
test,NatPath_K3,6,720.0004410092035,1200,1.0
test,NatPath_K3,12,672.2275727674696,1200,1.0
test,SeasonalNaive_NatGrowth,1,533.328374496566,1200,1.0
test,SeasonalNaive_NatGrowth,3,527.0357407342063,1200,1.0
test,SeasonalNaive_NatGrowth,6,510.0928280040953,1200,1.0
test,SeasonalNaive_NatGrowth,12,590.8929318454531,1200,1.0
test,Chronos2,1,603.4747520987193,1200,1.0
test,Chronos2,3,869.2816813320584,1200,1.0
test,Chronos2,6,1327.5625160619948,1200,1.0
test,Chronos2,12,1757.5350191550785,1200,1.0
test,Chronos2_NatCov,1,497.11208285543654,1200,1.0
test,Chronos2_NatCov,3,703.4112300692665,1200,1.0
test,Chronos2_NatCov,6,946.0838983805975,1200,1.0
test,Chronos2_NatCov,12,1494.0920292939081,1200,1.0
test,LastValue,1,610.44,1200,1.0
test,LastValue,3,844.0684722222222,1200,1.0
test,LastValue,6,1094.4618055555557,1200,1.0
test,LastValue,12,1234.1197222222222,1200,1.0
