experiment_id,hypothesis,change_from_parent,parent_run_id,status,result,decision
E00,Проверить справочник и геослой,Аудит исходных файлов,,completed,3101 записи; 2660 территорий; 441 переход атрибутов; 33 преобразования; 0 ошибок проверок интервалов,Переходить к аудиту расходов после добавления целевого набора
E00m,Сверить аудит с официальным описанием,PDF метаданных; срезы на 1 января; центры 2018; ограничения Чечни,E00,completed,268 ожидаемых пропусков координат; 0 неожиданных; 2 смены статуса; 18 строк Чечни,Учесть ограничения при monthly joins и моделировании
E00c,Проверить новые потребительские выгрузки,Сравнение CSV ZIP Parquet и аудит частоты единиц географии,E00,completed,9 файлов; 5 датасетов; 4 повторных представления; 0 дубликатов ключей; национальные данные без id МО,Использовать одну основную копию; муниципальная цель пока отсутствует
N01,Сравнить модели национальных расходов,8 прогнозных семейств и ансамбль; dev отбор и holdout 1 3 6 12,E00c,completed,Ансамбль MAE 74.66; CatBoost 78.91; SeasonalGrowth 86.99; SeasonalNaive 346.62 млрд руб.,Параметры зафиксированы до теста; национальные результаты не заменяют муниципальные; Prophet недоступен
E01,Зафиксировать воспроизводимый baseline,"LastValue, SeasonalNaive, Prophet (default) на муниципальной панели",E00c,completed,Prophet MAE test 640/719/736/1093 руб.,Baseline зафиксирован; настройки организатора неизвестны
E02,Проверить общую модель для МО,NatPath + остаточный HGB (структурная модель),E01,completed,"StructHGB: лучше NatPath на h=1 и h=12, хуже на 3 и 6; сильное сжатие 0.25",Вклад в ансамбль малый; основной выигрыш даёт национальный приор
E03,Проверить фундаментальные модели,"Chronos-Bolt, Chronos-2, Chronos-2+NatCov (все ряды), TimesFM (подвыборка 200 МО)",E01,completed,Zero-shot уступает Prophet на h>=3; на h=1 Chronos-2+NatCov лучше,Нулевой вес в ансамбле; ревизии зафиксированы
E04,Измерить пользу Росстата,Национальные ряды как приор (вместо Росстата),E02,partial,Национальный путь снижает MAE с 1012 до 682 (-33%) относительно локального уровня,Росстат по МО не подключался
E05,Измерить пользу новостей,Ставка ЦБ + реестр событий (as-of) против плацебо,E04,completed,Реальные признаки не лучше плацебо (тест -1.0/-1.9/-2.5/-0.2%),Польза новостей не подтверждена; текстовый корпус не собирался
E06,Сравнить детекторы,"CUSUM/PageHinkley/BOCPD: инъекции в реальные остатки МО, реестр событий, offline-proxy, недельные ряды",E01,completed,Инъекции: CUSUM F1 0.24 > BOCPD 0.19 > PH 0.14; offline-метки: BOCPD лидирует; недельные: PH 0.39 > CUSUM 0.31 > BOCPD 0.14,Победитель зависит от разметки; верифицированных шоков нет
E07,Проверить ранние предупреждения,Вероятность сдвига в окне 4/13 недель по недельным рядам,E05,completed,"Навык не подтверждён: PR-AUC ~ доле событий, Brier не лучше константы",Нужна верифицированная разметка и более длинные ряды
E08,Проверить объединённую модель,Ансамбль Prophet+SeasonalNaive_NatGrowth+StructHGB (LAD-веса на validation),E03,completed,Ансамбль MAE test 440/514/466/583; -31/-28/-37/-47% к Prophet,Выбор заморожен до теста
E09,Зафиксировать итог,Однократная оценка на test 2024H2; прогноз 2025 заморожен,E08,partial,test показан один раз; независимый out-of-time тест ждёт фактов 2025 по МО,scripts/score_prospective.py
N02,Адаптивные веса/смещение/когерентность на национальных рядах,"25 моделей, детекторы на синтетике",N01,completed,Выбранная на validation CalibratedStatic_bottom_up хуже N01 на просмотренном holdout (76.3 против 74.7),Улучшение не заявляется; holdout не независим (docs/ADAPTIVE_BRANCH_RU.md)
N03,Недельный nowcast национальных расходов,yoy из недельных рядов + поправка смещения,N01,completed,"MAE 62.0 (полный месяц, с поправкой) против 70.1 у h=1-ансамбля",Прогноз на 09.2026 заморожен (prospective/)
N04,Воспроизводимость N01 в единой среде sber,"Python 3.12, statsmodels в той же среде",N01,completed,Метрики holdout совпали с исходным запуском (макс. разница 0.0),tracking/reproduction_check_N01.csv
R01,Проверить устойчивость исходного муниципального результата,Сильные базы; PastOnlyBlend; отдельная калибровка; сезонный Prophet на 25 МО,E08,completed_exploratory,Без HGB MAE 503 против 501; PastOnlyBlend 454/539/577/628; h12 интервалы недоступны,После просмотра test; независимое улучшение не заявляется
R02,Проверить соответствующий категории внешний prior,Доступные недели маркетплейсов с лагом 7 дней,R01,completed_exploratory,WeeklyMarketplacePrior MAE 481/507/509/619 по полной панели; лучше прежнего сезонного правила на h1/3/6,h12 не улучшен; проверять на новых фактах
R03,Связать детекторы с практическим действием,AbsZ baseline; коррекция NatPath после тревоги; официальные кейсы и ИПЦ,E06,completed_exploratory,Эффект коррекции мал и зависит от горизонта; два оценимых кейса относятся к калибровке,Не подтверждает раннее предупреждение; события не равны сдвигам расходов
R04,Проверить воспроизводимость доработки,Полный lock; проверка версий входов временных границ и замороженных файлов,R01,partial,137 проверок пройдены; исходные метрики совпали; тесты временных границ и immutable forecast,Установка с нуля и внешняя временная отметка не подтверждены
R05,Проверить влияние регионального новостного корпуса на обе задачи,Оренбург 39 МО; Ridge; CUSUM/PageHinkley/BOCPD; контроль покрытия и задержки,R04,completed_exploratory,MAE с новостями 387/559/582/795; основной ансамбль 367/426/425/512; эффект детекторов неустойчив,docs/REGIONAL_NEWS_IMPACT_RU.md
