run_id,model,split_id,data_hash,config_hash,code_version,stage,fold,origin,horizon_months,n_series,n_predictions,macro_mae,micro_mae,pooled_r2,delta_mae_vs_prophet_pct,paired_ci_low,paired_ci_high,coverage,status,notes
municipal_20261004T140239Z,LastValue,municipal_2023_2024_val2024H1_test2024H2,9833ddaaee7b2a18,afa9133e20e344b4,no_git_yet,validation,rolling_expanding,2023-06..2024-11,1,12096,72576,726.1505318562611,726.1505318562611,0.978496065227465,-30.018953593703152,,,1.0,ok,"CI = bootstrap по МО, в % снижения MAE (больше = лучше); macro=micro на сбалансированной сетке"
municipal_20261004T140239Z,LastValue,municipal_2023_2024_val2024H1_test2024H2,9833ddaaee7b2a18,afa9133e20e344b4,no_git_yet,validation,rolling_expanding,2023-06..2024-11,3,12096,72576,667.6303736772487,667.6303736772487,0.9865895991801192,-18.35735890079693,,,1.0,ok,"CI = bootstrap по МО, в % снижения MAE (больше = лучше); macro=micro на сбалансированной сетке"
municipal_20261004T140239Z,LastValue,municipal_2023_2024_val2024H1_test2024H2,9833ddaaee7b2a18,afa9133e20e344b4,no_git_yet,validation,rolling_expanding,2023-06..2024-11,6,12096,72576,868.3712246472663,868.3712246472663,0.9810019319495076,8.96696527586619,,,1.0,ok,"CI = bootstrap по МО, в % снижения MAE (больше = лучше); macro=micro на сбалансированной сетке"
municipal_20261004T140239Z,LastValue,municipal_2023_2024_val2024H1_test2024H2,9833ddaaee7b2a18,afa9133e20e344b4,no_git_yet,validation,rolling_expanding,2023-06..2024-11,12,12096,12096,1455.737351190476,1455.737351190476,0.9594994553019044,-5.670129185400116,,,1.0,ok,"CI = bootstrap по МО, в % снижения MAE (больше = лучше); macro=micro на сбалансированной сетке"
municipal_20261004T140239Z,SeasonalNaive,municipal_2023_2024_val2024H1_test2024H2,9833ddaaee7b2a18,afa9133e20e344b4,no_git_yet,validation,rolling_expanding,2023-06..2024-11,1,12096,72576,1243.5201168430335,1243.5201168430335,0.9641173800102002,-122.65518962210844,,,1.0,ok,"CI = bootstrap по МО, в % снижения MAE (больше = лучше); macro=micro на сбалансированной сетке"
municipal_20261004T140239Z,SeasonalNaive,municipal_2023_2024_val2024H1_test2024H2,9833ddaaee7b2a18,afa9133e20e344b4,no_git_yet,validation,rolling_expanding,2023-06..2024-11,3,12096,72576,1243.5201168430335,1243.5201168430335,0.9641173800102002,-120.4509599509364,,,1.0,ok,"CI = bootstrap по МО, в % снижения MAE (больше = лучше); macro=micro на сбалансированной сетке"
municipal_20261004T140239Z,SeasonalNaive,municipal_2023_2024_val2024H1_test2024H2,9833ddaaee7b2a18,afa9133e20e344b4,no_git_yet,validation,rolling_expanding,2023-06..2024-11,6,12096,72576,1243.5201168430335,1243.5201168430335,0.9641173800102002,-30.360618550797074,,,1.0,ok,"CI = bootstrap по МО, в % снижения MAE (больше = лучше); macro=micro на сбалансированной сетке"
municipal_20261004T140239Z,SeasonalNaive,municipal_2023_2024_val2024H1_test2024H2,9833ddaaee7b2a18,afa9133e20e344b4,no_git_yet,validation,rolling_expanding,2023-06..2024-11,12,12096,12096,1455.737351190476,1455.737351190476,0.9594994553019044,-5.670129185400116,,,1.0,ok,"CI = bootstrap по МО, в % снижения MAE (больше = лучше); macro=micro на сбалансированной сетке"
municipal_20261004T140239Z,SeasonalNaive_NatGrowth,municipal_2023_2024_val2024H1_test2024H2,9833ddaaee7b2a18,afa9133e20e344b4,no_git_yet,validation,rolling_expanding,2023-06..2024-11,1,12096,72576,570.0407147646949,570.0407147646949,0.9929487851685704,-2.067125186907204,,,1.0,ok,"CI = bootstrap по МО, в % снижения MAE (больше = лучше); macro=micro на сбалансированной сетке"
municipal_20261004T140239Z,SeasonalNaive_NatGrowth,municipal_2023_2024_val2024H1_test2024H2,9833ddaaee7b2a18,afa9133e20e344b4,no_git_yet,validation,rolling_expanding,2023-06..2024-11,3,12096,72576,593.7137888984022,593.7137888984022,0.992635393636762,-5.253443773022308,,,1.0,ok,"CI = bootstrap по МО, в % снижения MAE (больше = лучше); macro=micro на сбалансированной сетке"
municipal_20261004T140239Z,SeasonalNaive_NatGrowth,municipal_2023_2024_val2024H1_test2024H2,9833ddaaee7b2a18,afa9133e20e344b4,no_git_yet,validation,rolling_expanding,2023-06..2024-11,6,12096,72576,669.3959715123004,669.3959715123004,0.9905071193089496,29.8259258376194,,,1.0,ok,"CI = bootstrap по МО, в % снижения MAE (больше = лучше); macro=micro на сбалансированной сетке"
municipal_20261004T140239Z,SeasonalNaive_NatGrowth,municipal_2023_2024_val2024H1_test2024H2,9833ddaaee7b2a18,afa9133e20e344b4,no_git_yet,validation,rolling_expanding,2023-06..2024-11,12,12096,12096,901.4081902431432,901.4081902431432,0.9839293475339136,34.567921999201744,,,1.0,ok,"CI = bootstrap по МО, в % снижения MAE (больше = лучше); macro=micro на сбалансированной сетке"
municipal_20261004T140239Z,NatPath_K1,municipal_2023_2024_val2024H1_test2024H2,9833ddaaee7b2a18,afa9133e20e344b4,no_git_yet,validation,rolling_expanding,2023-06..2024-11,1,12096,72576,459.2639566147848,459.2639566147848,0.9940739399470684,17.767712832608407,,,1.0,ok,"CI = bootstrap по МО, в % снижения MAE (больше = лучше); macro=micro на сбалансированной сетке"
municipal_20261004T140239Z,NatPath_K1,municipal_2023_2024_val2024H1_test2024H2,9833ddaaee7b2a18,afa9133e20e344b4,no_git_yet,validation,rolling_expanding,2023-06..2024-11,3,12096,72576,603.8232430447766,603.8232430447766,0.991384646488858,-7.045645476044324,,,1.0,ok,"CI = bootstrap по МО, в % снижения MAE (больше = лучше); macro=micro на сбалансированной сетке"
municipal_20261004T140239Z,NatPath_K1,municipal_2023_2024_val2024H1_test2024H2,9833ddaaee7b2a18,afa9133e20e344b4,no_git_yet,validation,rolling_expanding,2023-06..2024-11,6,12096,72576,930.1048067196862,930.1048067196862,0.9812662134469764,2.495314487660342,,,1.0,ok,"CI = bootstrap по МО, в % снижения MAE (больше = лучше); macro=micro на сбалансированной сетке"
municipal_20261004T140239Z,NatPath_K1,municipal_2023_2024_val2024H1_test2024H2,9833ddaaee7b2a18,afa9133e20e344b4,no_git_yet,validation,rolling_expanding,2023-06..2024-11,12,12096,12096,901.4081902431432,901.4081902431432,0.9839293475339136,34.567921999201744,,,1.0,ok,"CI = bootstrap по МО, в % снижения MAE (больше = лучше); macro=micro на сбалансированной сетке"
municipal_20261004T140239Z,NatPath_K3,municipal_2023_2024_val2024H1_test2024H2,9833ddaaee7b2a18,afa9133e20e344b4,no_git_yet,validation,rolling_expanding,2023-06..2024-11,1,12096,72576,460.1678528127111,460.1678528127111,0.9950679266100758,17.605868101170586,,,1.0,ok,"CI = bootstrap по МО, в % снижения MAE (больше = лучше); macro=micro на сбалансированной сетке"
municipal_20261004T140239Z,NatPath_K3,municipal_2023_2024_val2024H1_test2024H2,9833ddaaee7b2a18,afa9133e20e344b4,no_git_yet,validation,rolling_expanding,2023-06..2024-11,3,12096,72576,653.9886352672148,653.9886352672148,0.990712256752844,-15.938954656942512,,,1.0,ok,"CI = bootstrap по МО, в % снижения MAE (больше = лучше); macro=micro на сбалансированной сетке"
municipal_20261004T140239Z,NatPath_K3,municipal_2023_2024_val2024H1_test2024H2,9833ddaaee7b2a18,afa9133e20e344b4,no_git_yet,validation,rolling_expanding,2023-06..2024-11,6,12096,72576,902.0512086643428,902.0512086643428,0.9833141280875198,5.436227421465038,,,1.0,ok,"CI = bootstrap по МО, в % снижения MAE (больше = лучше); macro=micro на сбалансированной сетке"
municipal_20261004T140239Z,NatPath_K3,municipal_2023_2024_val2024H1_test2024H2,9833ddaaee7b2a18,afa9133e20e344b4,no_git_yet,validation,rolling_expanding,2023-06..2024-11,12,12096,12096,888.6431164375689,888.6431164375689,0.9845413414520314,35.4945225271013,,,1.0,ok,"CI = bootstrap по МО, в % снижения MAE (больше = лучше); macro=micro на сбалансированной сетке"
municipal_20261004T140239Z,Prophet,municipal_2023_2024_val2024H1_test2024H2,9833ddaaee7b2a18,afa9133e20e344b4,no_git_yet,validation,rolling_expanding,2023-06..2024-11,1,12096,72576,558.4959052396409,558.4959052396409,0.9893149582413342,0.0,,,1.0,ok,"CI = bootstrap по МО, в % снижения MAE (больше = лучше); macro=micro на сбалансированной сетке"
municipal_20261004T140239Z,Prophet,municipal_2023_2024_val2024H1_test2024H2,9833ddaaee7b2a18,afa9133e20e344b4,no_git_yet,validation,rolling_expanding,2023-06..2024-11,3,12096,72576,564.0801551146757,564.0801551146757,0.9901088658012056,0.0,,,1.0,ok,"CI = bootstrap по МО, в % снижения MAE (больше = лучше); macro=micro на сбалансированной сетке"
municipal_20261004T140239Z,Prophet,municipal_2023_2024_val2024H1_test2024H2,9833ddaaee7b2a18,afa9133e20e344b4,no_git_yet,validation,rolling_expanding,2023-06..2024-11,6,12096,72576,953.907806412008,953.907806412008,0.969499172957439,0.0,,,1.0,ok,"CI = bootstrap по МО, в % снижения MAE (больше = лучше); macro=micro на сбалансированной сетке"
municipal_20261004T140239Z,Prophet,municipal_2023_2024_val2024H1_test2024H2,9833ddaaee7b2a18,afa9133e20e344b4,no_git_yet,validation,rolling_expanding,2023-06..2024-11,12,12096,12096,1377.6242751027198,1377.6242751027198,0.9565086809924542,0.0,,,1.0,ok,"CI = bootstrap по МО, в % снижения MAE (больше = лучше); macro=micro на сбалансированной сетке"
municipal_20261004T140239Z,Chronos2,municipal_2023_2024_val2024H1_test2024H2,9833ddaaee7b2a18,afa9133e20e344b4,no_git_yet,validation,rolling_expanding,2023-06..2024-11,1,12096,72576,706.1829224964193,706.1829224964193,0.9851937954239044,-26.443706367624745,,,1.0,ok,"CI = bootstrap по МО, в % снижения MAE (больше = лучше); macro=micro на сбалансированной сетке"
municipal_20261004T140239Z,Chronos2,municipal_2023_2024_val2024H1_test2024H2,9833ddaaee7b2a18,afa9133e20e344b4,no_git_yet,validation,rolling_expanding,2023-06..2024-11,3,12096,72576,772.0668947208916,772.0668947208916,0.9846409046996758,-36.87184130133649,,,1.0,ok,"CI = bootstrap по МО, в % снижения MAE (больше = лучше); macro=micro на сбалансированной сетке"
municipal_20261004T140239Z,Chronos2,municipal_2023_2024_val2024H1_test2024H2,9833ddaaee7b2a18,afa9133e20e344b4,no_git_yet,validation,rolling_expanding,2023-06..2024-11,6,12096,72576,996.6409479506852,996.6409479506852,0.9757663385632088,-4.479797864262382,,,1.0,ok,"CI = bootstrap по МО, в % снижения MAE (больше = лучше); macro=micro на сбалансированной сетке"
municipal_20261004T140239Z,Chronos2,municipal_2023_2024_val2024H1_test2024H2,9833ddaaee7b2a18,afa9133e20e344b4,no_git_yet,validation,rolling_expanding,2023-06..2024-11,12,12096,12096,1704.2922439417512,1704.2922439417512,0.941928233422856,-23.712413808523664,,,1.0,ok,"CI = bootstrap по МО, в % снижения MAE (больше = лучше); macro=micro на сбалансированной сетке"
municipal_20261004T140239Z,Chronos2_NatCov,municipal_2023_2024_val2024H1_test2024H2,9833ddaaee7b2a18,afa9133e20e344b4,no_git_yet,validation,rolling_expanding,2023-06..2024-11,1,12096,72576,625.8039815657669,625.8039815657669,0.9877789778236112,-12.051668722127019,,,1.0,ok,"CI = bootstrap по МО, в % снижения MAE (больше = лучше); macro=micro на сбалансированной сетке"
municipal_20261004T140239Z,Chronos2_NatCov,municipal_2023_2024_val2024H1_test2024H2,9833ddaaee7b2a18,afa9133e20e344b4,no_git_yet,validation,rolling_expanding,2023-06..2024-11,3,12096,72576,687.3554552298374,687.3554552298374,0.9880791078855244,-21.85421681606584,,,1.0,ok,"CI = bootstrap по МО, в % снижения MAE (больше = лучше); macro=micro на сбалансированной сетке"
municipal_20261004T140239Z,Chronos2_NatCov,municipal_2023_2024_val2024H1_test2024H2,9833ddaaee7b2a18,afa9133e20e344b4,no_git_yet,validation,rolling_expanding,2023-06..2024-11,6,12096,72576,940.3063104046504,940.3063104046504,0.978597124434456,1.4258711288376729,,,1.0,ok,"CI = bootstrap по МО, в % снижения MAE (больше = лучше); macro=micro на сбалансированной сетке"
municipal_20261004T140239Z,Chronos2_NatCov,municipal_2023_2024_val2024H1_test2024H2,9833ddaaee7b2a18,afa9133e20e344b4,no_git_yet,validation,rolling_expanding,2023-06..2024-11,12,12096,12096,1533.6922391265157,1533.6922391265157,0.9546672768483108,-11.328775693369584,,,1.0,ok,"CI = bootstrap по МО, в % снижения MAE (больше = лучше); macro=micro на сбалансированной сетке"
municipal_20261004T140239Z,ChronosBolt,municipal_2023_2024_val2024H1_test2024H2,9833ddaaee7b2a18,afa9133e20e344b4,no_git_yet,validation,rolling_expanding,2023-06..2024-11,1,12096,72576,728.9203300731523,728.9203300731523,0.9838055040595244,-30.51489245214523,,,1.0,ok,"CI = bootstrap по МО, в % снижения MAE (больше = лучше); macro=micro на сбалансированной сетке"
municipal_20261004T140239Z,ChronosBolt,municipal_2023_2024_val2024H1_test2024H2,9833ddaaee7b2a18,afa9133e20e344b4,no_git_yet,validation,rolling_expanding,2023-06..2024-11,3,12096,72576,735.8578888320839,735.8578888320839,0.9854695404791896,-30.45271707572948,,,1.0,ok,"CI = bootstrap по МО, в % снижения MAE (больше = лучше); macro=micro на сбалансированной сетке"
municipal_20261004T140239Z,ChronosBolt,municipal_2023_2024_val2024H1_test2024H2,9833ddaaee7b2a18,afa9133e20e344b4,no_git_yet,validation,rolling_expanding,2023-06..2024-11,6,12096,72576,995.4939741214222,995.4939741214222,0.9754616825165636,-4.3595583797384805,,,1.0,ok,"CI = bootstrap по МО, в % снижения MAE (больше = лучше); macro=micro на сбалансированной сетке"
municipal_20261004T140239Z,ChronosBolt,municipal_2023_2024_val2024H1_test2024H2,9833ddaaee7b2a18,afa9133e20e344b4,no_git_yet,validation,rolling_expanding,2023-06..2024-11,12,12096,12096,1740.5967879358425,1740.5967879358425,0.9403557005134522,-26.347714641284057,,,1.0,ok,"CI = bootstrap по МО, в % снижения MAE (больше = лучше); macro=micro на сбалансированной сетке"
municipal_20261004T140239Z,StructHGB,municipal_2023_2024_val2024H1_test2024H2,9833ddaaee7b2a18,afa9133e20e344b4,no_git_yet,validation,rolling_expanding,2023-06..2024-11,1,12096,72576,445.37980552093904,445.37980552093904,0.9951351042215216,20.25370260685541,,,1.0,ok,"CI = bootstrap по МО, в % снижения MAE (больше = лучше); macro=micro на сбалансированной сетке"
municipal_20261004T140239Z,StructHGB,municipal_2023_2024_val2024H1_test2024H2,9833ddaaee7b2a18,afa9133e20e344b4,no_git_yet,validation,rolling_expanding,2023-06..2024-11,3,12096,72576,532.3880613306948,532.3880613306948,0.9936792854313105,5.618367087836658,,,1.0,ok,"CI = bootstrap по МО, в % снижения MAE (больше = лучше); macro=micro на сбалансированной сетке"
municipal_20261004T140239Z,StructHGB,municipal_2023_2024_val2024H1_test2024H2,9833ddaaee7b2a18,afa9133e20e344b4,no_git_yet,validation,rolling_expanding,2023-06..2024-11,6,12096,72576,738.2934674189099,738.2934674189099,0.9886221244751734,22.60326810869716,,,1.0,ok,"CI = bootstrap по МО, в % снижения MAE (больше = лучше); macro=micro на сбалансированной сетке"
municipal_20261004T140239Z,StructHGB,municipal_2023_2024_val2024H1_test2024H2,9833ddaaee7b2a18,afa9133e20e344b4,no_git_yet,validation,rolling_expanding,2023-06..2024-11,12,12096,12096,888.6431164375689,888.6431164375689,0.9845413414520314,35.4945225271013,,,1.0,ok,"CI = bootstrap по МО, в % снижения MAE (больше = лучше); macro=micro на сбалансированной сетке"
municipal_20261004T140239Z,LocalOnlyHGB,municipal_2023_2024_val2024H1_test2024H2,9833ddaaee7b2a18,afa9133e20e344b4,no_git_yet,validation,rolling_expanding,2023-06..2024-11,1,12096,72576,598.7043395701014,598.7043395701014,0.9875996242612572,-7.199414347220278,,,1.0,ok,"CI = bootstrap по МО, в % снижения MAE (больше = лучше); macro=micro на сбалансированной сетке"
municipal_20261004T140239Z,LocalOnlyHGB,municipal_2023_2024_val2024H1_test2024H2,9833ddaaee7b2a18,afa9133e20e344b4,no_git_yet,validation,rolling_expanding,2023-06..2024-11,3,12096,72576,643.960525223082,643.960525223082,0.9889832954038656,-14.161173617633624,,,1.0,ok,"CI = bootstrap по МО, в % снижения MAE (больше = лучше); macro=micro на сбалансированной сетке"
municipal_20261004T140239Z,LocalOnlyHGB,municipal_2023_2024_val2024H1_test2024H2,9833ddaaee7b2a18,afa9133e20e344b4,no_git_yet,validation,rolling_expanding,2023-06..2024-11,6,12096,72576,980.0484602359342,980.0484602359342,0.9727890133521192,-2.7403752907999186,,,1.0,ok,"CI = bootstrap по МО, в % снижения MAE (больше = лучше); macro=micro на сбалансированной сетке"
municipal_20261004T140239Z,LocalOnlyHGB,municipal_2023_2024_val2024H1_test2024H2,9833ddaaee7b2a18,afa9133e20e344b4,no_git_yet,validation,rolling_expanding,2023-06..2024-11,12,12096,12096,1599.3881865563217,1599.3881865563217,0.9514133085644088,-16.09756124811799,,,1.0,ok,"CI = bootstrap по МО, в % снижения MAE (больше = лучше); macro=micro на сбалансированной сетке"
municipal_20261004T140239Z,LocalBase_K3,municipal_2023_2024_val2024H1_test2024H2,9833ddaaee7b2a18,afa9133e20e344b4,no_git_yet,validation,rolling_expanding,2023-06..2024-11,1,12096,72576,548.6659555092217,548.6659555092217,0.9912334281082632,1.760075523955967,,,1.0,ok,"CI = bootstrap по МО, в % снижения MAE (больше = лучше); macro=micro на сбалансированной сетке"
municipal_20261004T140239Z,LocalBase_K3,municipal_2023_2024_val2024H1_test2024H2,9833ddaaee7b2a18,afa9133e20e344b4,no_git_yet,validation,rolling_expanding,2023-06..2024-11,3,12096,72576,608.6921191007109,608.6921191007109,0.9900026970519894,-7.908798702015276,,,1.0,ok,"CI = bootstrap по МО, в % снижения MAE (больше = лучше); macro=micro на сбалансированной сетке"
municipal_20261004T140239Z,LocalBase_K3,municipal_2023_2024_val2024H1_test2024H2,9833ddaaee7b2a18,afa9133e20e344b4,no_git_yet,validation,rolling_expanding,2023-06..2024-11,6,12096,72576,866.8829354444614,866.8829354444614,0.9821975039874514,9.122985511029475,,,1.0,ok,"CI = bootstrap по МО, в % снижения MAE (больше = лучше); macro=micro на сбалансированной сетке"
municipal_20261004T140239Z,LocalBase_K3,municipal_2023_2024_val2024H1_test2024H2,9833ddaaee7b2a18,afa9133e20e344b4,no_git_yet,validation,rolling_expanding,2023-06..2024-11,12,12096,12096,1599.3881865563217,1599.3881865563217,0.9514133085644088,-16.09756124811799,,,1.0,ok,"CI = bootstrap по МО, в % снижения MAE (больше = лучше); macro=micro на сбалансированной сетке"
municipal_20261004T140239Z,Ensemble,municipal_2023_2024_val2024H1_test2024H2,9833ddaaee7b2a18,afa9133e20e344b4,no_git_yet,validation,rolling_expanding,2023-06..2024-11,1,12096,72576,350.7025782393925,350.7025782393925,0.996643698063382,37.20588191440507,,,1.0,ok,"CI = bootstrap по МО, в % снижения MAE (больше = лучше); macro=micro на сбалансированной сетке"
municipal_20261004T140239Z,Ensemble,municipal_2023_2024_val2024H1_test2024H2,9833ddaaee7b2a18,afa9133e20e344b4,no_git_yet,validation,rolling_expanding,2023-06..2024-11,3,12096,72576,379.36229642120566,379.36229642120566,0.9962091087194888,32.7467394515798,,,1.0,ok,"CI = bootstrap по МО, в % снижения MAE (больше = лучше); macro=micro на сбалансированной сетке"
municipal_20261004T140239Z,Ensemble,municipal_2023_2024_val2024H1_test2024H2,9833ddaaee7b2a18,afa9133e20e344b4,no_git_yet,validation,rolling_expanding,2023-06..2024-11,6,12096,72576,557.1857487540134,557.1857487540134,0.9933882898566434,41.58914047995997,,,1.0,ok,"CI = bootstrap по МО, в % снижения MAE (больше = лучше); macro=micro на сбалансированной сетке"
municipal_20261004T140239Z,Ensemble,municipal_2023_2024_val2024H1_test2024H2,9833ddaaee7b2a18,afa9133e20e344b4,no_git_yet,validation,rolling_expanding,2023-06..2024-11,12,12096,12096,695.2473813938716,695.2473813938716,0.990914162500352,49.532873806101314,,,1.0,ok,"CI = bootstrap по МО, в % снижения MAE (больше = лучше); macro=micro на сбалансированной сетке"
municipal_20261004T140239Z,LastValue,municipal_2023_2024_val2024H1_test2024H2,9833ddaaee7b2a18,afa9133e20e344b4,no_git_yet,test,rolling_expanding,2023-06..2024-11,1,12096,72576,624.3717895723104,624.3717895723104,0.9876196004086226,2.506694865855939,,,1.0,ok,"CI = bootstrap по МО, в % снижения MAE (больше = лучше); macro=micro на сбалансированной сетке"
municipal_20261004T140239Z,LastValue,municipal_2023_2024_val2024H1_test2024H2,9833ddaaee7b2a18,afa9133e20e344b4,no_git_yet,test,rolling_expanding,2023-06..2024-11,3,12096,72576,863.8406773589065,863.8406773589065,0.9789048008924622,-20.218367872245867,,,1.0,ok,"CI = bootstrap по МО, в % снижения MAE (больше = лучше); macro=micro на сбалансированной сетке"
municipal_20261004T140239Z,LastValue,municipal_2023_2024_val2024H1_test2024H2,9833ddaaee7b2a18,afa9133e20e344b4,no_git_yet,test,rolling_expanding,2023-06..2024-11,6,12096,72576,1124.215415564374,1124.215415564374,0.9690758997630154,-52.646561155429126,,,1.0,ok,"CI = bootstrap по МО, в % снижения MAE (больше = лучше); macro=micro на сбалансированной сетке"
municipal_20261004T140239Z,LastValue,municipal_2023_2024_val2024H1_test2024H2,9833ddaaee7b2a18,afa9133e20e344b4,no_git_yet,test,rolling_expanding,2023-06..2024-11,12,12096,72576,1288.618716931217,1288.618716931217,0.9690663868813618,-17.91418248990324,,,1.0,ok,"CI = bootstrap по МО, в % снижения MAE (больше = лучше); macro=micro на сбалансированной сетке"
municipal_20261004T140239Z,SeasonalNaive,municipal_2023_2024_val2024H1_test2024H2,9833ddaaee7b2a18,afa9133e20e344b4,no_git_yet,test,rolling_expanding,2023-06..2024-11,1,12096,72576,1288.618716931217,1288.618716931217,0.9690663868813618,-101.21296296458405,,,1.0,ok,"CI = bootstrap по МО, в % снижения MAE (больше = лучше); macro=micro на сбалансированной сетке"
municipal_20261004T140239Z,SeasonalNaive,municipal_2023_2024_val2024H1_test2024H2,9833ddaaee7b2a18,afa9133e20e344b4,no_git_yet,test,rolling_expanding,2023-06..2024-11,3,12096,72576,1288.618716931217,1288.618716931217,0.9690663868813618,-79.3335773822729,,,1.0,ok,"CI = bootstrap по МО, в % снижения MAE (больше = лучше); macro=micro на сбалансированной сетке"
municipal_20261004T140239Z,SeasonalNaive,municipal_2023_2024_val2024H1_test2024H2,9833ddaaee7b2a18,afa9133e20e344b4,no_git_yet,test,rolling_expanding,2023-06..2024-11,6,12096,72576,1288.618716931217,1288.618716931217,0.9690663868813618,-74.96932799246795,,,1.0,ok,"CI = bootstrap по МО, в % снижения MAE (больше = лучше); macro=micro на сбалансированной сетке"
municipal_20261004T140239Z,SeasonalNaive,municipal_2023_2024_val2024H1_test2024H2,9833ddaaee7b2a18,afa9133e20e344b4,no_git_yet,test,rolling_expanding,2023-06..2024-11,12,12096,72576,1288.618716931217,1288.618716931217,0.9690663868813618,-17.91418248990324,,,1.0,ok,"CI = bootstrap по МО, в % снижения MAE (больше = лучше); macro=micro на сбалансированной сетке"
municipal_20261004T140239Z,SeasonalNaive_NatGrowth,municipal_2023_2024_val2024H1_test2024H2,9833ddaaee7b2a18,afa9133e20e344b4,no_git_yet,test,rolling_expanding,2023-06..2024-11,1,12096,72576,546.714179956934,546.714179956934,0.9947293711425548,14.63263834483065,,,1.0,ok,"CI = bootstrap по МО, в % снижения MAE (больше = лучше); macro=micro на сбалансированной сетке"
municipal_20261004T140239Z,SeasonalNaive_NatGrowth,municipal_2023_2024_val2024H1_test2024H2,9833ddaaee7b2a18,afa9133e20e344b4,no_git_yet,test,rolling_expanding,2023-06..2024-11,3,12096,72576,542.5604498440784,542.5604498440784,0.9947173094642608,24.493331395661066,,,1.0,ok,"CI = bootstrap по МО, в % снижения MAE (больше = лучше); macro=micro на сбалансированной сетке"
municipal_20261004T140239Z,SeasonalNaive_NatGrowth,municipal_2023_2024_val2024H1_test2024H2,9833ddaaee7b2a18,afa9133e20e344b4,no_git_yet,test,rolling_expanding,2023-06..2024-11,6,12096,72576,528.96048203271,528.96048203271,0.9948761210343467,28.177467190416913,,,1.0,ok,"CI = bootstrap по МО, в % снижения MAE (больше = лучше); macro=micro на сбалансированной сетке"
municipal_20261004T140239Z,SeasonalNaive_NatGrowth,municipal_2023_2024_val2024H1_test2024H2,9833ddaaee7b2a18,afa9133e20e344b4,no_git_yet,test,rolling_expanding,2023-06..2024-11,12,12096,72576,612.4192547326944,612.4192547326944,0.9929577162288754,43.960991087532065,,,1.0,ok,"CI = bootstrap по МО, в % снижения MAE (больше = лучше); macro=micro на сбалансированной сетке"
municipal_20261004T140239Z,NatPath_K1,municipal_2023_2024_val2024H1_test2024H2,9833ddaaee7b2a18,afa9133e20e344b4,no_git_yet,test,rolling_expanding,2023-06..2024-11,1,12096,72576,402.8377648387006,402.8377648387006,0.9959439014254629,37.0983990902626,,,1.0,ok,"CI = bootstrap по МО, в % снижения MAE (больше = лучше); macro=micro на сбалансированной сетке"
municipal_20261004T140239Z,NatPath_K1,municipal_2023_2024_val2024H1_test2024H2,9833ddaaee7b2a18,afa9133e20e344b4,no_git_yet,test,rolling_expanding,2023-06..2024-11,3,12096,72576,724.3059641337794,724.3059641337794,0.9886076111815196,-0.7996996790170194,,,1.0,ok,"CI = bootstrap по МО, в % снижения MAE (больше = лучше); macro=micro на сбалансированной сетке"
municipal_20261004T140239Z,NatPath_K1,municipal_2023_2024_val2024H1_test2024H2,9833ddaaee7b2a18,afa9133e20e344b4,no_git_yet,test,rolling_expanding,2023-06..2024-11,6,12096,72576,873.1535886718876,873.1535886718876,0.9851485983248444,-18.557254086731284,,,1.0,ok,"CI = bootstrap по МО, в % снижения MAE (больше = лучше); macro=micro на сбалансированной сетке"
municipal_20261004T140239Z,NatPath_K1,municipal_2023_2024_val2024H1_test2024H2,9833ddaaee7b2a18,afa9133e20e344b4,no_git_yet,test,rolling_expanding,2023-06..2024-11,12,12096,72576,612.4192547326944,612.4192547326944,0.9929577162288754,43.960991087532065,,,1.0,ok,"CI = bootstrap по МО, в % снижения MAE (больше = лучше); macro=micro на сбалансированной сетке"
municipal_20261004T140239Z,NatPath_K3,municipal_2023_2024_val2024H1_test2024H2,9833ddaaee7b2a18,afa9133e20e344b4,no_git_yet,test,rolling_expanding,2023-06..2024-11,1,12096,72576,525.5816305745951,525.5816305745951,0.9938211565897928,17.932406399063225,17.441863697072066,18.472213632181752,1.0,ok,"CI = bootstrap по МО, в % снижения MAE (больше = лучше); macro=micro на сбалансированной сетке"
municipal_20261004T140239Z,NatPath_K3,municipal_2023_2024_val2024H1_test2024H2,9833ddaaee7b2a18,afa9133e20e344b4,no_git_yet,test,rolling_expanding,2023-06..2024-11,3,12096,72576,757.9076352405117,757.9076352405117,0.9886409185405856,-5.475953256912632,-6.207773363315937,-4.720327567989632,1.0,ok,"CI = bootstrap по МО, в % снижения MAE (больше = лучше); macro=micro на сбалансированной сетке"
municipal_20261004T140239Z,NatPath_K3,municipal_2023_2024_val2024H1_test2024H2,9833ddaaee7b2a18,afa9133e20e344b4,no_git_yet,test,rolling_expanding,2023-06..2024-11,6,12096,72576,757.1118383026785,757.1118383026785,0.9892800766128192,-2.801044112129466,-3.822071108883333,-1.803840737319888,1.0,ok,"CI = bootstrap по МО, в % снижения MAE (больше = лучше); macro=micro на сбалансированной сетке"
municipal_20261004T140239Z,NatPath_K3,municipal_2023_2024_val2024H1_test2024H2,9833ddaaee7b2a18,afa9133e20e344b4,no_git_yet,test,rolling_expanding,2023-06..2024-11,12,12096,72576,686.5261318214251,686.5261318214251,0.9916241884982682,37.17989151635158,35.164491514726826,39.253327052674095,1.0,ok,"CI = bootstrap по МО, в % снижения MAE (больше = лучше); macro=micro на сбалансированной сетке"
municipal_20261004T140239Z,Prophet,municipal_2023_2024_val2024H1_test2024H2,9833ddaaee7b2a18,afa9133e20e344b4,no_git_yet,test,rolling_expanding,2023-06..2024-11,1,12096,72576,640.4252976275836,640.4252976275836,0.9896766526600712,0.0,,,1.0,ok,"CI = bootstrap по МО, в % снижения MAE (больше = лучше); macro=micro на сбалансированной сетке"
municipal_20261004T140239Z,Prophet,municipal_2023_2024_val2024H1_test2024H2,9833ddaaee7b2a18,afa9133e20e344b4,no_git_yet,test,rolling_expanding,2023-06..2024-11,3,12096,72576,718.5596449594925,718.5596449594925,0.9884477888707164,0.0,,,1.0,ok,"CI = bootstrap по МО, в % снижения MAE (больше = лучше); macro=micro на сбалансированной сетке"
municipal_20261004T140239Z,Prophet,municipal_2023_2024_val2024H1_test2024H2,9833ddaaee7b2a18,afa9133e20e344b4,no_git_yet,test,rolling_expanding,2023-06..2024-11,6,12096,72576,736.4826348231098,736.4826348231098,0.9878578254305586,0.0,,,1.0,ok,"CI = bootstrap по МО, в % снижения MAE (больше = лучше); macro=micro на сбалансированной сетке"
municipal_20261004T140239Z,Prophet,municipal_2023_2024_val2024H1_test2024H2,9833ddaaee7b2a18,afa9133e20e344b4,no_git_yet,test,rolling_expanding,2023-06..2024-11,12,12096,72576,1092.844549926434,1092.844549926434,0.970909999276642,0.0,,,1.0,ok,"CI = bootstrap по МО, в % снижения MAE (больше = лучше); macro=micro на сбалансированной сетке"
municipal_20261004T140239Z,Chronos2,municipal_2023_2024_val2024H1_test2024H2,9833ddaaee7b2a18,afa9133e20e344b4,no_git_yet,test,rolling_expanding,2023-06..2024-11,1,12096,72576,612.9147700206418,612.9147700206418,0.988037251506879,4.295665350643228,3.7655997678587783,4.829243235888822,1.0,ok,"CI = bootstrap по МО, в % снижения MAE (больше = лучше); macro=micro на сбалансированной сетке"
municipal_20261004T140239Z,Chronos2,municipal_2023_2024_val2024H1_test2024H2,9833ddaaee7b2a18,afa9133e20e344b4,no_git_yet,test,rolling_expanding,2023-06..2024-11,3,12096,72576,877.1489121009328,877.1489121009328,0.9804443459101208,-22.0704388638998,-22.739711110539513,-21.451908145979964,1.0,ok,"CI = bootstrap по МО, в % снижения MAE (больше = лучше); macro=micro на сбалансированной сетке"
municipal_20261004T140239Z,Chronos2,municipal_2023_2024_val2024H1_test2024H2,9833ddaaee7b2a18,afa9133e20e344b4,no_git_yet,test,rolling_expanding,2023-06..2024-11,6,12096,72576,1360.6555083144383,1360.6555083144383,0.9604547899768676,-84.75052146222616,-86.93605912657537,-82.71441853611597,1.0,ok,"CI = bootstrap по МО, в % снижения MAE (больше = лучше); macro=micro на сбалансированной сетке"
municipal_20261004T140239Z,Chronos2,municipal_2023_2024_val2024H1_test2024H2,9833ddaaee7b2a18,afa9133e20e344b4,no_git_yet,test,rolling_expanding,2023-06..2024-11,12,12096,72576,1817.0386159944576,1817.0386159944576,0.9356379164654032,-66.2668872820726,-68.87050353000751,-63.558492031868525,1.0,ok,"CI = bootstrap по МО, в % снижения MAE (больше = лучше); macro=micro на сбалансированной сетке"
municipal_20261004T140239Z,Chronos2_NatCov,municipal_2023_2024_val2024H1_test2024H2,9833ddaaee7b2a18,afa9133e20e344b4,no_git_yet,test,rolling_expanding,2023-06..2024-11,1,12096,72576,506.1748382159537,506.1748382159537,0.992382184387944,20.962703988888723,20.21438462743881,21.719559094673706,1.0,ok,"CI = bootstrap по МО, в % снижения MAE (больше = лучше); macro=micro на сбалансированной сетке"
municipal_20261004T140239Z,Chronos2_NatCov,municipal_2023_2024_val2024H1_test2024H2,9833ddaaee7b2a18,afa9133e20e344b4,no_git_yet,test,rolling_expanding,2023-06..2024-11,3,12096,72576,721.8060539116725,721.8060539116725,0.9882743435062292,-0.4517939429179885,-0.8867883860820825,-0.019004808368021098,1.0,ok,"CI = bootstrap по МО, в % снижения MAE (больше = лучше); macro=micro на сбалансированной сетке"
municipal_20261004T140239Z,Chronos2_NatCov,municipal_2023_2024_val2024H1_test2024H2,9833ddaaee7b2a18,afa9133e20e344b4,no_git_yet,test,rolling_expanding,2023-06..2024-11,6,12096,72576,969.8226513495732,969.8226513495732,0.9795777900656848,-31.68303032460603,-32.73151510909731,-30.70570618778163,1.0,ok,"CI = bootstrap по МО, в % снижения MAE (больше = лучше); macro=micro на сбалансированной сетке"
municipal_20261004T140239Z,Chronos2_NatCov,municipal_2023_2024_val2024H1_test2024H2,9833ddaaee7b2a18,afa9133e20e344b4,no_git_yet,test,rolling_expanding,2023-06..2024-11,12,12096,72576,1533.2904007522095,1533.2904007522095,0.9570650570600818,-40.3026991217941,-42.45853818217889,-37.880480531405645,1.0,ok,"CI = bootstrap по МО, в % снижения MAE (больше = лучше); macro=micro на сбалансированной сетке"
municipal_20261004T140239Z,ChronosBolt,municipal_2023_2024_val2024H1_test2024H2,9833ddaaee7b2a18,afa9133e20e344b4,no_git_yet,test,rolling_expanding,2023-06..2024-11,1,12096,72576,706.7311456402668,706.7311456402668,0.98559734756315,-10.353408626784292,-10.962459386715505,-9.782936096207456,1.0,ok,"CI = bootstrap по МО, в % снижения MAE (больше = лучше); macro=micro на сбалансированной сетке"
municipal_20261004T140239Z,ChronosBolt,municipal_2023_2024_val2024H1_test2024H2,9833ddaaee7b2a18,afa9133e20e344b4,no_git_yet,test,rolling_expanding,2023-06..2024-11,3,12096,72576,1024.2259484552096,1024.2259484552096,0.9728428528062484,-42.53875174314145,-43.53036465330912,-41.59123019857977,1.0,ok,"CI = bootstrap по МО, в % снижения MAE (больше = лучше); macro=micro на сбалансированной сетке"
municipal_20261004T140239Z,ChronosBolt,municipal_2023_2024_val2024H1_test2024H2,9833ddaaee7b2a18,afa9133e20e344b4,no_git_yet,test,rolling_expanding,2023-06..2024-11,6,12096,72576,1603.3700203499782,1603.3700203499782,0.9437523244987056,-117.70642572381621,-120.62630753504268,-114.90121017190175,1.0,ok,"CI = bootstrap по МО, в % снижения MAE (больше = лучше); macro=micro на сбалансированной сетке"
municipal_20261004T140239Z,ChronosBolt,municipal_2023_2024_val2024H1_test2024H2,9833ddaaee7b2a18,afa9133e20e344b4,no_git_yet,test,rolling_expanding,2023-06..2024-11,12,12096,72576,1985.9613639458987,1985.9613639458987,0.92011073443651,-81.72404886674742,-84.65689123355043,-78.47882914262462,1.0,ok,"CI = bootstrap по МО, в % снижения MAE (больше = лучше); macro=micro на сбалансированной сетке"
municipal_20261004T140239Z,StructHGB,municipal_2023_2024_val2024H1_test2024H2,9833ddaaee7b2a18,afa9133e20e344b4,no_git_yet,test,rolling_expanding,2023-06..2024-11,1,12096,72576,499.8854305390959,499.8854305390959,0.9943430460672442,21.944771327601995,21.43342657882211,22.49451720714026,1.0,ok,"CI = bootstrap по МО, в % снижения MAE (больше = лучше); macro=micro на сбалансированной сетке"
municipal_20261004T140239Z,StructHGB,municipal_2023_2024_val2024H1_test2024H2,9833ddaaee7b2a18,afa9133e20e344b4,no_git_yet,test,rolling_expanding,2023-06..2024-11,3,12096,72576,736.3514318142934,736.3514318142934,0.9894494959684008,-2.4760347981695876,-3.1588948834759587,-1.7478823373096604,1.0,ok,"CI = bootstrap по МО, в % снижения MAE (больше = лучше); macro=micro на сбалансированной сетке"
municipal_20261004T140239Z,StructHGB,municipal_2023_2024_val2024H1_test2024H2,9833ddaaee7b2a18,afa9133e20e344b4,no_git_yet,test,rolling_expanding,2023-06..2024-11,6,12096,72576,883.1380607243989,883.1380607243989,0.9862475114166882,-19.912950960006423,-21.10026083286312,-18.796535545737928,1.0,ok,"CI = bootstrap по МО, в % снижения MAE (больше = лучше); macro=micro на сбалансированной сетке"
municipal_20261004T140239Z,StructHGB,municipal_2023_2024_val2024H1_test2024H2,9833ddaaee7b2a18,afa9133e20e344b4,no_git_yet,test,rolling_expanding,2023-06..2024-11,12,12096,72576,606.2197778835708,606.2197778835708,0.993143113795947,44.52827001567797,42.54795798763037,46.65274414627611,1.0,ok,"CI = bootstrap по МО, в % снижения MAE (больше = лучше); macro=micro на сбалансированной сетке"
municipal_20261004T140239Z,LocalOnlyHGB,municipal_2023_2024_val2024H1_test2024H2,9833ddaaee7b2a18,afa9133e20e344b4,no_git_yet,test,rolling_expanding,2023-06..2024-11,1,12096,72576,665.898100652024,665.898100652024,0.9863390708010225,-3.9774823260109864,,,1.0,ok,"CI = bootstrap по МО, в % снижения MAE (больше = лучше); macro=micro на сбалансированной сетке"
municipal_20261004T140239Z,LocalOnlyHGB,municipal_2023_2024_val2024H1_test2024H2,9833ddaaee7b2a18,afa9133e20e344b4,no_git_yet,test,rolling_expanding,2023-06..2024-11,3,12096,72576,774.6581140623101,774.6581140623101,0.9857973298960276,-7.807072035889247,,,1.0,ok,"CI = bootstrap по МО, в % снижения MAE (больше = лучше); macro=micro на сбалансированной сетке"
municipal_20261004T140239Z,LocalOnlyHGB,municipal_2023_2024_val2024H1_test2024H2,9833ddaaee7b2a18,afa9133e20e344b4,no_git_yet,test,rolling_expanding,2023-06..2024-11,6,12096,72576,930.2985119610972,930.2985119610972,0.9787454983785084,-26.31642186438497,,,1.0,ok,"CI = bootstrap по МО, в % снижения MAE (больше = лучше); macro=micro на сбалансированной сетке"
municipal_20261004T140239Z,LocalOnlyHGB,municipal_2023_2024_val2024H1_test2024H2,9833ddaaee7b2a18,afa9133e20e344b4,no_git_yet,test,rolling_expanding,2023-06..2024-11,12,12096,72576,1165.0917012485982,1165.0917012485982,0.9738670067595694,-6.610926625111284,,,1.0,ok,"CI = bootstrap по МО, в % снижения MAE (больше = лучше); macro=micro на сбалансированной сетке"
municipal_20261004T140239Z,LocalBase_K3,municipal_2023_2024_val2024H1_test2024H2,9833ddaaee7b2a18,afa9133e20e344b4,no_git_yet,test,rolling_expanding,2023-06..2024-11,1,12096,72576,691.0498778567218,691.0498778567218,0.9853980146064922,-7.904837678441779,,,1.0,ok,"CI = bootstrap по МО, в % снижения MAE (больше = лучше); macro=micro на сбалансированной сетке"
municipal_20261004T140239Z,LocalBase_K3,municipal_2023_2024_val2024H1_test2024H2,9833ddaaee7b2a18,afa9133e20e344b4,no_git_yet,test,rolling_expanding,2023-06..2024-11,3,12096,72576,815.5525779443968,815.5525779443968,0.9835737398099782,-13.49824383616368,,,1.0,ok,"CI = bootstrap по МО, в % снижения MAE (больше = лучше); macro=micro на сбалансированной сетке"
municipal_20261004T140239Z,LocalBase_K3,municipal_2023_2024_val2024H1_test2024H2,9833ddaaee7b2a18,afa9133e20e344b4,no_git_yet,test,rolling_expanding,2023-06..2024-11,6,12096,72576,1005.7365518961057,1005.7365518961057,0.9752622963414465,-36.55943865365758,,,1.0,ok,"CI = bootstrap по МО, в % снижения MAE (больше = лучше); macro=micro на сбалансированной сетке"
municipal_20261004T140239Z,LocalBase_K3,municipal_2023_2024_val2024H1_test2024H2,9833ddaaee7b2a18,afa9133e20e344b4,no_git_yet,test,rolling_expanding,2023-06..2024-11,12,12096,72576,1534.4740119439268,1534.4740119439268,0.95314501472794,-40.41100466184524,,,1.0,ok,"CI = bootstrap по МО, в % снижения MAE (больше = лучше); macro=micro на сбалансированной сетке"
municipal_20261004T140239Z,Ensemble,municipal_2023_2024_val2024H1_test2024H2,9833ddaaee7b2a18,afa9133e20e344b4,no_git_yet,test,rolling_expanding,2023-06..2024-11,1,12096,72576,439.6062550972589,439.6062550972589,0.9960501257493874,31.357137713679737,30.551946625472603,32.144938776594785,1.0,ok,"CI = bootstrap по МО, в % снижения MAE (больше = лучше); macro=micro на сбалансированной сетке"
municipal_20261004T140239Z,Ensemble,municipal_2023_2024_val2024H1_test2024H2,9833ddaaee7b2a18,afa9133e20e344b4,no_git_yet,test,rolling_expanding,2023-06..2024-11,3,12096,72576,513.8679024498036,513.8679024498036,0.9946945107718672,28.4863955199193,27.698831578253035,29.205417349501342,1.0,ok,"CI = bootstrap по МО, в % снижения MAE (больше = лучше); macro=micro на сбалансированной сетке"
municipal_20261004T140239Z,Ensemble,municipal_2023_2024_val2024H1_test2024H2,9833ddaaee7b2a18,afa9133e20e344b4,no_git_yet,test,rolling_expanding,2023-06..2024-11,6,12096,72576,466.1041704644917,466.1041704644917,0.9958269538677452,36.712130276304244,35.630655918573275,37.73452362176806,1.0,ok,"CI = bootstrap по МО, в % снижения MAE (больше = лучше); macro=micro на сбалансированной сетке"
municipal_20261004T140239Z,Ensemble,municipal_2023_2024_val2024H1_test2024H2,9833ddaaee7b2a18,afa9133e20e344b4,no_git_yet,test,rolling_expanding,2023-06..2024-11,12,12096,72576,583.4047481131722,583.4047481131722,0.9936622728592652,46.61594385473718,44.90904417897296,48.52500819423804,1.0,ok,"CI = bootstrap по МО, в % снижения MAE (больше = лучше); macro=micro на сбалансированной сетке"
