model,stage,h,n_target_months,n_series,mae,r2,r2_change,wape,coverage,run_id
LastValue,test,1,6,12096,624.3717895723104,0.9876196004086226,-0.04680238307271467,0.06802218928312993,1.0,municipal_20261004T140239Z
LastValue,test,3,6,12096,863.8406773589065,0.9789048008924622,-0.05258005574574964,0.09411112905345237,1.0,municipal_20261004T140239Z
LastValue,test,6,6,12096,1124.2154155643739,0.9690758997630154,-0.19706210504595245,0.12247765685396331,1.0,municipal_20261004T140239Z
LastValue,test,12,6,12096,1288.618716931217,0.9690663868813618,-0.5333198731799,0.1403885757505508,1.0,municipal_20261004T140239Z
SeasonalNaive,test,1,6,12096,1288.618716931217,0.9690663868813618,-1.6155359276281094,0.1403885757505508,1.0,municipal_20261004T140239Z
SeasonalNaive,test,3,6,12096,1288.618716931217,0.9690663868813618,-0.543484091088728,0.1403885757505508,1.0,municipal_20261004T140239Z
SeasonalNaive,test,6,6,12096,1288.618716931217,0.9690663868813618,-0.1974303456754305,0.1403885757505508,1.0,municipal_20261004T140239Z
SeasonalNaive,test,12,6,12096,1288.618716931217,0.9690663868813618,-0.5333198731799,0.1403885757505508,1.0,municipal_20261004T140239Z
SeasonalNaive_NatGrowth,test,1,6,12096,546.714179956934,0.9947293711425549,0.5543514724590888,0.05956178042296831,1.0,municipal_20261004T140239Z
SeasonalNaive_NatGrowth,test,3,6,12096,542.5604498440784,0.9947173094642608,0.7364113668588687,0.0591092522647675,1.0,municipal_20261004T140239Z
SeasonalNaive_NatGrowth,test,6,6,12096,528.96048203271,0.9948761210343469,0.8016562715286453,0.057627603669876536,1.0,municipal_20261004T140239Z
SeasonalNaive_NatGrowth,test,12,6,12096,612.4192547326944,0.9929577162288754,0.6509275002107138,0.0667200202856637,1.0,municipal_20261004T140239Z
NatPath_K1,test,1,6,12096,402.8377648387006,0.9959439014254627,0.6570438924474931,0.04388716330220678,1.0,municipal_20261004T140239Z
NatPath_K1,test,3,6,12096,724.3059641337794,0.9886076111815197,0.4315578062807468,0.07890951867789646,1.0,municipal_20261004T140239Z
NatPath_K1,test,6,6,12096,873.1535886718876,0.9851485983248445,0.4251069549023616,0.09512572424607396,1.0,municipal_20261004T140239Z
NatPath_K1,test,12,6,12096,612.4192547326944,0.9929577162288754,0.6509275002107138,0.0667200202856637,1.0,municipal_20261004T140239Z
NatPath_K3,test,1,6,12096,525.5816305745951,0.9938211565897929,0.4775590271785062,0.0572594946725099,1.0,municipal_20261004T140239Z
NatPath_K3,test,3,6,12096,757.9076352405117,0.9886409185405857,0.4332197323750957,0.08257025298784547,1.0,municipal_20261004T140239Z
NatPath_K3,test,6,6,12096,757.1118383026785,0.9892800766128191,0.5850351681229274,0.08248355488450339,1.0,municipal_20261004T140239Z
NatPath_K3,test,12,6,12096,686.5261318214251,0.9916241884982682,0.5848270882434982,0.07479359456416253,1.0,municipal_20261004T140239Z
Prophet,test,1,6,12096,640.4252976275836,0.9896766526600711,0.1271279640883769,0.06977113883823724,1.0,municipal_20261004T140239Z
Prophet,test,3,6,12096,718.5596449594925,0.9884477888707165,0.4235832061853837,0.07828348589249087,1.0,municipal_20261004T140239Z
Prophet,test,6,6,12096,736.4826348231098,0.9878578254305586,0.52998027627179,0.08023610615718559,1.0,municipal_20261004T140239Z
Prophet,test,12,6,12096,1092.844549926434,0.970909999276642,-0.44193554270152124,0.1190599576624907,1.0,municipal_20261004T140239Z
Chronos2,test,1,6,12096,612.9147700206418,0.988037251506879,-0.011488646894743493,0.0667740042024139,1.0,municipal_20261004T140239Z
Chronos2,test,3,6,12096,877.1489121009328,0.9804443459101208,0.024238104265404736,0.09556099478692269,1.0,municipal_20261004T140239Z
Chronos2,test,6,6,12096,1360.6555083144383,0.9604547899768676,-0.5307825285781402,0.14823662452638572,1.0,municipal_20261004T140239Z
Chronos2,test,12,6,12096,1817.0386159944576,0.9356379164654033,-2.1903050375774114,0.19795728560477677,1.0,municipal_20261004T140239Z
Chronos2_NatCov,test,1,6,12096,506.1748382159537,0.9923821843879439,0.35588932508585525,0.055145221533900994,1.0,municipal_20261004T140239Z
Chronos2_NatCov,test,3,6,12096,721.8060539116725,0.9882743435062291,0.41492886116164696,0.0786371659400582,1.0,municipal_20261004T140239Z
Chronos2_NatCov,test,6,6,12096,969.8226513495731,0.9795777900656848,0.20946273533209825,0.10565733600224977,1.0,municipal_20261004T140239Z
Chronos2_NatCov,test,12,6,12096,1533.2904007522097,0.9570650570600818,-1.128202774474988,0.1670443341737398,1.0,municipal_20261004T140239Z
ChronosBolt,test,1,6,12096,706.7311456402668,0.9855973475631501,-0.21779032915570373,0.07699482994572095,1.0,municipal_20261004T140239Z
ChronosBolt,test,3,6,12096,1024.2259484552096,0.9728428528062485,-0.35505104082570527,0.11158430361217472,1.0,municipal_20261004T140239Z
ChronosBolt,test,6,6,12096,1603.3700203499782,0.9437523244987055,-1.1773296659733896,0.17467915885477556,1.0,municipal_20261004T140239Z
ChronosBolt,test,12,6,12096,1985.9613639458987,0.92011073443651,-2.959957670397045,0.2163605756433134,1.0,municipal_20261004T140239Z
StructHGB,test,1,6,12096,499.88543053909586,0.9943430460672442,0.5216864517147239,0.054460021967522365,1.0,municipal_20261004T140239Z
StructHGB,test,3,6,12096,736.3514318142934,0.9894494959684009,0.47356504837358004,0.08022181224440912,1.0,municipal_20261004T140239Z
StructHGB,test,6,6,12096,883.1380607243989,0.9862475114166882,0.467645531899074,0.09621348262848464,1.0,municipal_20261004T140239Z
StructHGB,test,12,6,12096,606.2197778835708,0.993143113795947,0.6601173020272643,0.06604461823398497,1.0,municipal_20261004T140239Z
LocalOnlyHGB,test,1,6,12096,665.898100652024,0.9863390708010223,-0.1550752570569105,0.0725462735541847,1.0,municipal_20261004T140239Z
LocalOnlyHGB,test,3,6,12096,774.6581140623101,0.9857973298960275,0.2913341460505079,0.08439513402832283,1.0,municipal_20261004T140239Z
LocalOnlyHGB,test,6,6,12096,930.2985119610972,0.9787454983785084,0.17724498828599355,0.1013513783410663,1.0,municipal_20261004T140239Z
LocalOnlyHGB,test,12,6,12096,1165.0917012485982,0.9738670067595694,-0.29536235316414094,0.12693092410344653,1.0,municipal_20261004T140239Z
LocalBase_K3,test,1,6,12096,691.0498778567218,0.9853980146064922,-0.2346445681900906,0.07528643410980014,1.0,municipal_20261004T140239Z
LocalBase_K3,test,3,6,12096,815.5525779443968,0.9835737398099782,0.18038441929996685,0.08885038170170809,1.0,municipal_20261004T140239Z
LocalBase_K3,test,6,6,12096,1005.7365518961055,0.9752622963414463,0.04241134297918325,0.10956997616580541,1.0,municipal_20261004T140239Z
LocalBase_K3,test,12,6,12096,1534.4740119439268,0.9531450147279399,-1.3225117544356273,0.1671732827038708,1.0,municipal_20261004T140239Z
Ensemble,test,1,6,12096,439.6062550972589,0.9960501257493874,0.6660254987845051,0.047892906748328495,1.0,municipal_20261004T140239Z
Ensemble,test,3,6,12096,513.8679024498036,0.9946945107718671,0.7352737881714922,0.05598334247437569,1.0,municipal_20261004T140239Z
Ensemble,test,6,6,12096,466.10417046449174,0.9958269538677453,0.8384627087207435,0.05077972233612584,1.0,municipal_20261004T140239Z
Ensemble,test,12,6,12096,583.4047481131722,0.9936622728592653,0.6858510210750369,0.06355903464507016,1.0,municipal_20261004T140239Z
