run_id,method,split_id,label_version,data_hash,stage,warning_window_months,threshold,event_precision,event_recall,event_f1,pr_auc,brier_score,false_alarms_per_100_series_months,median_lead_months,median_detection_delay_months,n_events,n_alarms,status,notes
shocks_municipal,BOCPD,cal_months10-17_test18-23,semi_synthetic_injection_5pct_seeds5,9833ddaaee7b2a18,test,,0.5,0.1279024039644196,0.3527272727272727,0.18773081243506923,,,2.097293534070142,,1.0,605.0,1668.2,ok,инъекция ±1.5/2.5/4σ в реальные остатки МО; не верифицированные шоки
shocks_municipal,CUSUM,cal_months10-17_test18-23,semi_synthetic_injection_5pct_seeds5,9833ddaaee7b2a18,test,,10.0,0.16111107549165085,0.4492561983471074,0.2371675323969833,,,1.9139616511472746,,1.4,605.0,1687.0,ok,инъекция ±1.5/2.5/4σ в реальные остатки МО; не верифицированные шоки
shocks_municipal,PageHinkley,cal_months10-17_test18-23,semi_synthetic_injection_5pct_seeds5,9833ddaaee7b2a18,test,,12.0,0.09031199749763164,0.31404958677685946,0.1402821160751653,,,2.716328721028051,,1.2,605.0,2103.6,ok,инъекция ±1.5/2.5/4σ в реальные остатки МО; не верифицированные шоки
shocks_municipal,CUSUM,cal_months10-17_test18-23,offline_dp_mean_shift_penalty4,9833ddaaee7b2a18,test,,,0.0153846153846153,0.0238095238095238,0.0186915887850467,,,,,2.0,210,325.0,sensitivity_only,"proxy-метки, не истина"
shocks_municipal,PageHinkley,cal_months10-17_test18-23,offline_dp_mean_shift_penalty4,9833ddaaee7b2a18,test,,,0.130879345603272,0.3047619047619048,0.1831187410586552,,,,,2.0,210,489.0,sensitivity_only,"proxy-метки, не истина"
shocks_municipal,BOCPD,cal_months10-17_test18-23,offline_dp_mean_shift_penalty4,9833ddaaee7b2a18,test,,,0.4157303370786517,0.7047619047619048,0.5229681978798587,,,,,1.0,210,356.0,sensitivity_only,"proxy-метки, не истина"
shocks_weekly,CUSUM,cal_first55pct_test_last30pct,offline_dp_mean_shift_penalty16,weekly_growth_46cat,test,,20.0,0.5,0.2241379310344827,0.3095238095238095,,,0.6143667296786389,,4.0,58,26.0,ok,единицы: недели; proxy-метки
shocks_weekly,PageHinkley,cal_first55pct_test_last30pct,offline_dp_mean_shift_penalty16,weekly_growth_46cat,test,,24.0,0.5294117647058824,0.3103448275862069,0.391304347826087,,,0.7561436672967864,,3.0,58,34.0,ok,единицы: недели; proxy-метки
shocks_weekly,BOCPD,cal_first55pct_test_last30pct,offline_dp_mean_shift_penalty16,weekly_growth_46cat,test,,0.9,0.3571428571428571,0.0862068965517241,0.1388888888888889,,,0.4253308128544423,,1.0,58,14.0,ok,единицы: недели; proxy-метки
shocks_weekly,EarlyWarning_HGB,train_gap8w_test,offline_dp_mean_shift_penalty16,weekly_growth_46cat,test,4 нед.,,0.2023121387283237,0.1583710407239819,,0.1616043201968394,0.1081369802942881,9.1728525980912,,,,,no_skill_demonstrated,PR-AUC базовая=0.117; Brier константы=0.103
shocks_weekly,EarlyWarning_Logistic,train_gap8w_test,offline_dp_mean_shift_penalty16,weekly_growth_46cat,test,4 нед.,,0.1354166666666666,0.0588235294117647,,0.1132297397985998,0.1092700980966944,5.090137857900318,,,,,no_skill_demonstrated,PR-AUC базовая=0.117; Brier константы=0.103
shocks_weekly,EarlyWarning_BOCPD_score_only,train_gap8w_test,offline_dp_mean_shift_penalty16,weekly_growth_46cat,test,4 нед.,,0.1333333333333333,0.0542986425339366,,0.1359892920373583,,4.7720042417815485,,,,,no_skill_demonstrated,PR-AUC базовая=0.117; Brier константы=0.103
shocks_weekly,EarlyWarning_HGB,train_gap8w_test,offline_dp_mean_shift_penalty16,weekly_growth_46cat,test,13 нед.,,0.3571428571428571,0.1123595505617977,,0.3887100985918491,0.2470660182255475,11.41304347826087,,,,,no_skill_demonstrated,PR-AUC базовая=0.363; Brier константы=0.232
shocks_weekly,EarlyWarning_Logistic,train_gap8w_test,offline_dp_mean_shift_penalty16,weekly_growth_46cat,test,13 нед.,,0.4545454545454545,0.0187265917602996,,0.3513818762373424,0.2709245063817002,1.4945652173913044,,,,,no_skill_demonstrated,PR-AUC базовая=0.363; Brier константы=0.232
shocks_weekly,EarlyWarning_BOCPD_score_only,train_gap8w_test,offline_dp_mean_shift_penalty16,weekly_growth_46cat,test,13 нед.,,0.373134328358209,0.046816479400749,,0.3651690282350647,,4.551630434782608,,,,,no_skill_demonstrated,PR-AUC базовая=0.363; Brier константы=0.232
