variant,alpha,shrink,h,validation_mae,base_model
financial_only,100,0.0,1,268.8700172011329,Ensemble
mass_14d,100,0.0,1,268.8700172011329,Ensemble
coverage_14d,100,0.0,1,268.8700172011329,Ensemble
fractions_14d,100,0.0,1,268.8700172011329,Ensemble
mass_30d,100,0.0,1,268.8700172011329,Ensemble
coverage_30d,100,0.0,1,268.8700172011329,Ensemble
fractions_30d,100,0.0,1,268.8700172011329,Ensemble
mass_90d,100,0.0,1,268.8700172011329,Ensemble
coverage_90d,100,0.0,1,268.8700172011329,Ensemble
fractions_90d,100,0.0,1,268.8700172011329,Ensemble
coverage_14d,1000,0.1,3,286.6061405899357,Ensemble
coverage_30d,1000,0.1,3,289.0556718996668,Ensemble
mass_14d,1000,0.1,3,289.6771444623147,Ensemble
financial_only,100,0.0,3,291.1790668889668,Ensemble
fractions_14d,100,0.0,3,291.1790668889668,Ensemble
mass_30d,100,0.0,3,291.1790668889668,Ensemble
fractions_30d,100,0.0,3,291.1790668889668,Ensemble
mass_90d,100,0.0,3,291.1790668889668,Ensemble
coverage_90d,100,0.0,3,291.1790668889668,Ensemble
fractions_90d,100,0.0,3,291.1790668889668,Ensemble
coverage_14d,100,0.1,6,427.1829797782791,Ensemble
financial_only,100,0.1,6,437.3077893336425,Ensemble
coverage_30d,100,0.1,6,447.2124942935774,Ensemble
fractions_14d,100,0.1,6,451.2054958103018,Ensemble
mass_14d,100,0.0,6,454.9736502666419,Ensemble
mass_30d,100,0.0,6,454.9736502666419,Ensemble
fractions_30d,100,0.0,6,454.9736502666419,Ensemble
mass_90d,100,0.0,6,454.9736502666419,Ensemble
coverage_90d,100,0.0,6,454.9736502666419,Ensemble
fractions_90d,100,0.0,6,454.9736502666419,Ensemble
financial_only,100,0.0,12,675.2767478747246,Ensemble
mass_14d,100,0.0,12,675.2767478747246,Ensemble
coverage_14d,100,0.0,12,675.2767478747246,Ensemble
fractions_14d,100,0.0,12,675.2767478747246,Ensemble
mass_30d,100,0.0,12,675.2767478747246,Ensemble
coverage_30d,100,0.0,12,675.2767478747246,Ensemble
fractions_30d,100,0.0,12,675.2767478747246,Ensemble
mass_90d,100,0.0,12,675.2767478747246,Ensemble
coverage_90d,100,0.0,12,675.2767478747246,Ensemble
fractions_90d,100,0.0,12,675.2767478747246,Ensemble
fractions_14d,1000,0.1,1,325.7280109167498,PastOnlyBlend
financial_only,1000,0.1,1,326.7812877906629,PastOnlyBlend
coverage_14d,1000,0.1,1,326.8264761653193,PastOnlyBlend
coverage_30d,1000,0.1,1,327.0461891393731,PastOnlyBlend
fractions_30d,1000,0.1,1,327.1546776879422,PastOnlyBlend
coverage_90d,1000,0.1,1,327.2840107454126,PastOnlyBlend
fractions_90d,1000,0.1,1,328.9051400953368,PastOnlyBlend
mass_14d,100,0.0,1,329.88897092118225,PastOnlyBlend
mass_30d,100,0.0,1,329.88897092118225,PastOnlyBlend
mass_90d,100,0.0,1,329.88897092118225,PastOnlyBlend
coverage_14d,1000,0.1,3,381.0520445616094,PastOnlyBlend
coverage_30d,1000,0.1,3,383.8376194734654,PastOnlyBlend
mass_14d,1000,0.1,3,384.35425435911657,PastOnlyBlend
coverage_90d,1000,0.1,3,390.8210270496748,PastOnlyBlend
mass_30d,1000,0.1,3,395.57158292809135,PastOnlyBlend
financial_only,100,0.0,3,399.5667190062694,PastOnlyBlend
fractions_14d,100,0.0,3,399.5667190062694,PastOnlyBlend
fractions_30d,100,0.0,3,399.5667190062694,PastOnlyBlend
mass_90d,100,0.0,3,399.5667190062694,PastOnlyBlend
fractions_90d,100,0.0,3,399.5667190062694,PastOnlyBlend
coverage_14d,100,0.1,6,489.39200630425967,PastOnlyBlend
fractions_14d,100,0.1,6,514.8259726693249,PastOnlyBlend
financial_only,100,0.1,6,519.2247263531085,PastOnlyBlend
coverage_30d,100,0.1,6,520.4277805877447,PastOnlyBlend
mass_14d,100,0.0,6,526.2736804777401,PastOnlyBlend
mass_30d,100,0.0,6,526.2736804777401,PastOnlyBlend
fractions_30d,100,0.0,6,526.2736804777401,PastOnlyBlend
mass_90d,100,0.0,6,526.2736804777401,PastOnlyBlend
coverage_90d,100,0.0,6,526.2736804777401,PastOnlyBlend
fractions_90d,100,0.0,6,526.2736804777401,PastOnlyBlend
financial_only,100,0.0,12,656.2073089077942,PastOnlyBlend
mass_14d,100,0.0,12,656.2073089077942,PastOnlyBlend
coverage_14d,100,0.0,12,656.2073089077942,PastOnlyBlend
fractions_14d,100,0.0,12,656.2073089077942,PastOnlyBlend
mass_30d,100,0.0,12,656.2073089077942,PastOnlyBlend
coverage_30d,100,0.0,12,656.2073089077942,PastOnlyBlend
fractions_30d,100,0.0,12,656.2073089077942,PastOnlyBlend
mass_90d,100,0.0,12,656.2073089077942,PastOnlyBlend
coverage_90d,100,0.0,12,656.2073089077942,PastOnlyBlend
fractions_90d,100,0.0,12,656.2073089077942,PastOnlyBlend
financial_only,100,0.0,3,401.1741352026958,Prophet
mass_14d,100,0.0,3,401.1741352026958,Prophet
coverage_14d,100,0.0,3,401.1741352026958,Prophet
fractions_14d,100,0.0,3,401.1741352026958,Prophet
mass_30d,100,0.0,3,401.1741352026958,Prophet
coverage_30d,100,0.0,3,401.1741352026958,Prophet
fractions_30d,100,0.0,3,401.1741352026958,Prophet
mass_90d,100,0.0,3,401.1741352026958,Prophet
coverage_90d,100,0.0,3,401.1741352026958,Prophet
fractions_90d,100,0.0,3,401.1741352026958,Prophet
financial_only,100,0.0,1,403.5339398397679,Prophet
mass_14d,100,0.0,1,403.5339398397679,Prophet
coverage_14d,100,0.0,1,403.5339398397679,Prophet
fractions_14d,100,0.0,1,403.5339398397679,Prophet
mass_30d,100,0.0,1,403.5339398397679,Prophet
coverage_30d,100,0.0,1,403.5339398397679,Prophet
fractions_30d,100,0.0,1,403.5339398397679,Prophet
mass_90d,100,0.0,1,403.5339398397679,Prophet
coverage_90d,100,0.0,1,403.5339398397679,Prophet
fractions_90d,100,0.0,1,403.5339398397679,Prophet
financial_only,100,0.0,6,687.5703362032898,Prophet
mass_14d,100,0.0,6,687.5703362032898,Prophet
coverage_14d,100,0.0,6,687.5703362032898,Prophet
fractions_14d,100,0.0,6,687.5703362032898,Prophet
mass_30d,100,0.0,6,687.5703362032898,Prophet
coverage_30d,100,0.0,6,687.5703362032898,Prophet
fractions_30d,100,0.0,6,687.5703362032898,Prophet
mass_90d,100,0.0,6,687.5703362032898,Prophet
coverage_90d,100,0.0,6,687.5703362032898,Prophet
fractions_90d,100,0.0,6,687.5703362032898,Prophet
financial_only,100,0.0,12,995.6516567587088,Prophet
mass_14d,100,0.0,12,995.6516567587088,Prophet
coverage_14d,100,0.0,12,995.6516567587088,Prophet
fractions_14d,100,0.0,12,995.6516567587088,Prophet
mass_30d,100,0.0,12,995.6516567587088,Prophet
coverage_30d,100,0.0,12,995.6516567587088,Prophet
fractions_30d,100,0.0,12,995.6516567587088,Prophet
mass_90d,100,0.0,12,995.6516567587088,Prophet
coverage_90d,100,0.0,12,995.6516567587088,Prophet
fractions_90d,100,0.0,12,995.6516567587088,Prophet
coverage_14d,100,0.5,1,411.6754782113387,SeasonalNaive_NatGrowth
financial_only,1000,0.5,1,415.5037248562883,SeasonalNaive_NatGrowth
coverage_30d,1000,0.5,1,416.7053870584753,SeasonalNaive_NatGrowth
fractions_14d,1000,0.5,1,418.24775769460535,SeasonalNaive_NatGrowth
coverage_90d,1000,0.5,1,419.538374835771,SeasonalNaive_NatGrowth
fractions_30d,1000,0.5,1,422.72904296804955,SeasonalNaive_NatGrowth
fractions_90d,1000,0.5,1,427.2947948117851,SeasonalNaive_NatGrowth
mass_30d,1000,0.5,1,443.7861170501437,SeasonalNaive_NatGrowth
mass_90d,1000,0.5,1,452.72702578824794,SeasonalNaive_NatGrowth
mass_14d,1000,0.25,1,468.88745140138764,SeasonalNaive_NatGrowth
mass_14d,1000,0.1,3,476.6527712572337,SeasonalNaive_NatGrowth
coverage_14d,1000,0.1,3,479.4496124221204,SeasonalNaive_NatGrowth
coverage_30d,1000,0.1,3,480.4887838772119,SeasonalNaive_NatGrowth
mass_30d,1000,0.1,3,484.89471979584187,SeasonalNaive_NatGrowth
coverage_90d,1000,0.1,3,484.9046226719568,SeasonalNaive_NatGrowth
coverage_14d,100,0.1,6,485.3142746152775,SeasonalNaive_NatGrowth
financial_only,100,0.1,6,485.34010339993387,SeasonalNaive_NatGrowth
coverage_90d,100,0.1,6,486.9333710911348,SeasonalNaive_NatGrowth
fractions_14d,1000,0.1,3,488.97614861918686,SeasonalNaive_NatGrowth
financial_only,1000,0.1,3,489.8612035141493,SeasonalNaive_NatGrowth
fractions_30d,1000,0.1,3,491.1660612667768,SeasonalNaive_NatGrowth
fractions_90d,1000,0.1,3,491.67183624041627,SeasonalNaive_NatGrowth
coverage_30d,100,0.1,6,492.6055573802,SeasonalNaive_NatGrowth
mass_90d,1000,0.1,3,493.2674212395759,SeasonalNaive_NatGrowth
mass_14d,1000,0.1,6,496.3386217224596,SeasonalNaive_NatGrowth
fractions_14d,1000,0.1,6,502.6287793417507,SeasonalNaive_NatGrowth
fractions_90d,1000,0.1,6,507.10599293839766,SeasonalNaive_NatGrowth
fractions_30d,1000,0.1,6,507.49723099560174,SeasonalNaive_NatGrowth
mass_30d,1000,0.1,6,509.2868545333734,SeasonalNaive_NatGrowth
mass_90d,1000,0.1,6,518.6988442988594,SeasonalNaive_NatGrowth
financial_only,100,0.0,12,741.3078227572971,SeasonalNaive_NatGrowth
mass_14d,100,0.0,12,741.3078227572971,SeasonalNaive_NatGrowth
coverage_14d,100,0.0,12,741.3078227572971,SeasonalNaive_NatGrowth
fractions_14d,100,0.0,12,741.3078227572971,SeasonalNaive_NatGrowth
mass_30d,100,0.0,12,741.3078227572971,SeasonalNaive_NatGrowth
coverage_30d,100,0.0,12,741.3078227572971,SeasonalNaive_NatGrowth
fractions_30d,100,0.0,12,741.3078227572971,SeasonalNaive_NatGrowth
mass_90d,100,0.0,12,741.3078227572971,SeasonalNaive_NatGrowth
coverage_90d,100,0.0,12,741.3078227572971,SeasonalNaive_NatGrowth
fractions_90d,100,0.0,12,741.3078227572971,SeasonalNaive_NatGrowth
mass_14d,100,0.1,1,322.7536531796355,NatPath_K3
fractions_14d,100,0.25,1,337.37334360643257,NatPath_K3
mass_30d,100,0.1,1,339.49532078537214,NatPath_K3
fractions_30d,100,0.1,1,341.54097446828007,NatPath_K3
mass_90d,100,0.25,1,344.26530518835705,NatPath_K3
coverage_30d,100,0.25,1,345.01038828568085,NatPath_K3
coverage_90d,100,0.25,1,345.2881758800233,NatPath_K3
fractions_90d,100,0.1,1,345.84600674868693,NatPath_K3
coverage_14d,100,0.25,1,347.0529794577314,NatPath_K3
financial_only,100,0.25,1,350.483206950792,NatPath_K3
coverage_30d,1000,0.25,3,356.75199673062866,NatPath_K3
coverage_14d,1000,0.25,3,356.9103134788307,NatPath_K3
mass_30d,100,0.1,3,359.57015689327847,NatPath_K3
mass_90d,100,0.1,3,361.8400158307924,NatPath_K3
coverage_90d,1000,0.25,3,365.721464733112,NatPath_K3
fractions_90d,100,0.1,3,367.66583441555633,NatPath_K3
fractions_14d,100,0.1,3,376.25398613803935,NatPath_K3
mass_14d,100,0.1,3,379.03375583085204,NatPath_K3
fractions_30d,100,0.1,3,381.39440228434205,NatPath_K3
financial_only,100,0.25,3,392.48930106584186,NatPath_K3
fractions_14d,1000,0.5,6,637.2338120996953,NatPath_K3
coverage_14d,100,0.25,6,641.5082236871784,NatPath_K3
mass_14d,1000,0.5,6,661.0085039103817,NatPath_K3
coverage_90d,1000,0.5,6,671.8685595318473,NatPath_K3
financial_only,100,0.0,12,677.4798027755868,NatPath_K3
mass_14d,100,0.0,12,677.4798027755868,NatPath_K3
coverage_14d,100,0.0,12,677.4798027755868,NatPath_K3
fractions_14d,100,0.0,12,677.4798027755868,NatPath_K3
mass_30d,100,0.0,12,677.4798027755868,NatPath_K3
coverage_30d,100,0.0,12,677.4798027755868,NatPath_K3
fractions_30d,100,0.0,12,677.4798027755868,NatPath_K3
mass_90d,100,0.0,12,677.4798027755868,NatPath_K3
coverage_90d,100,0.0,12,677.4798027755868,NatPath_K3
fractions_90d,100,0.0,12,677.4798027755868,NatPath_K3
mass_90d,1000,0.5,6,678.7024508889821,NatPath_K3
fractions_90d,1000,0.5,6,681.1129896975938,NatPath_K3
mass_30d,1000,0.5,6,684.6847725790631,NatPath_K3
financial_only,100,0.5,6,686.875469818104,NatPath_K3
fractions_30d,1000,0.5,6,687.0051202824512,NatPath_K3
coverage_30d,1000,0.1,6,696.4920154070873,NatPath_K3
mass_14d,100,0.1,1,329.2976596952832,NatPath_K1
coverage_30d,100,0.25,1,349.7892053682443,NatPath_K1
coverage_14d,100,0.25,1,350.7920528416443,NatPath_K1
fractions_14d,100,0.1,1,351.2295994626725,NatPath_K1
coverage_90d,100,0.1,1,351.6716342116146,NatPath_K1
mass_30d,100,0.1,1,352.1652527721194,NatPath_K1
mass_90d,100,0.1,1,352.5248182968333,NatPath_K1
financial_only,100,0.1,1,352.75264433898997,NatPath_K1
fractions_90d,100,0.1,1,353.10920648718223,NatPath_K1
fractions_30d,100,0.1,1,353.4243037966378,NatPath_K1
mass_14d,100,0.1,3,366.0198765938753,NatPath_K1
coverage_14d,100,0.1,3,372.93426196987514,NatPath_K1
coverage_90d,100,0.1,3,373.4739059933836,NatPath_K1
coverage_30d,100,0.1,3,373.5681292978093,NatPath_K1
mass_90d,100,0.1,3,377.2892122050581,NatPath_K1
mass_30d,100,0.1,3,378.39215189562094,NatPath_K1
fractions_90d,100,0.1,3,382.2460655798336,NatPath_K1
fractions_14d,100,0.1,3,383.17438642560415,NatPath_K1
fractions_30d,100,0.1,3,392.56370960651816,NatPath_K1
financial_only,100,0.1,3,397.2159106371945,NatPath_K1
financial_only,100,0.5,6,668.7336151732775,NatPath_K1
fractions_14d,1000,0.5,6,696.2552832064107,NatPath_K1
coverage_14d,100,0.1,6,707.2773679423516,NatPath_K1
mass_14d,1000,0.5,6,716.6826942695641,NatPath_K1
fractions_90d,100,0.25,6,716.9714901777347,NatPath_K1
coverage_90d,100,0.25,6,719.8543057105846,NatPath_K1
mass_90d,100,0.25,6,721.2854462396685,NatPath_K1
mass_30d,1000,0.5,6,728.5278519701257,NatPath_K1
fractions_30d,1000,0.1,6,729.9991082925517,NatPath_K1
coverage_30d,1000,0.1,6,736.1485869027216,NatPath_K1
financial_only,100,0.0,12,741.3078227572971,NatPath_K1
mass_14d,100,0.0,12,741.3078227572971,NatPath_K1
coverage_14d,100,0.0,12,741.3078227572971,NatPath_K1
fractions_14d,100,0.0,12,741.3078227572971,NatPath_K1
mass_30d,100,0.0,12,741.3078227572971,NatPath_K1
coverage_30d,100,0.0,12,741.3078227572971,NatPath_K1
fractions_30d,100,0.0,12,741.3078227572971,NatPath_K1
mass_90d,100,0.0,12,741.3078227572971,NatPath_K1
coverage_90d,100,0.0,12,741.3078227572971,NatPath_K1
fractions_90d,100,0.0,12,741.3078227572971,NatPath_K1
mass_14d,100,0.1,1,330.87534633688847,StructHGB
fractions_14d,100,0.1,1,345.0975074515731,StructHGB
fractions_30d,100,0.1,1,346.23152754652403,StructHGB
mass_30d,100,0.1,1,347.1881690443823,StructHGB
financial_only,100,0.0,1,349.08756455532847,StructHGB
coverage_14d,100,0.0,1,349.08756455532847,StructHGB
coverage_30d,100,0.0,1,349.08756455532847,StructHGB
mass_90d,100,0.0,1,349.08756455532847,StructHGB
coverage_90d,100,0.0,1,349.08756455532847,StructHGB
fractions_90d,100,0.0,1,349.08756455532847,StructHGB
mass_14d,1000,0.1,3,365.11009407095554,StructHGB
coverage_14d,100,0.1,3,373.165002736635,StructHGB
coverage_30d,1000,0.1,3,378.7042173078591,StructHGB
fractions_14d,100,0.1,3,379.5662633386653,StructHGB
coverage_90d,1000,0.1,3,383.07714101693085,StructHGB
mass_90d,1000,0.1,3,386.0420203809767,StructHGB
fractions_90d,100,0.1,3,387.7502849684601,StructHGB
mass_30d,1000,0.1,3,391.03436474509186,StructHGB
fractions_30d,100,0.1,3,391.3416022623158,StructHGB
financial_only,1000,0.1,3,392.2064717632396,StructHGB
financial_only,100,0.0,6,612.7467417920757,StructHGB
mass_14d,100,0.0,6,612.7467417920757,StructHGB
coverage_14d,100,0.0,6,612.7467417920757,StructHGB
fractions_14d,100,0.0,6,612.7467417920757,StructHGB
mass_30d,100,0.0,6,612.7467417920757,StructHGB
coverage_30d,100,0.0,6,612.7467417920757,StructHGB
fractions_30d,100,0.0,6,612.7467417920757,StructHGB
mass_90d,100,0.0,6,612.7467417920757,StructHGB
coverage_90d,100,0.0,6,612.7467417920757,StructHGB
fractions_90d,100,0.0,6,612.7467417920757,StructHGB
financial_only,100,0.0,12,677.4798027755868,StructHGB
mass_14d,100,0.0,12,677.4798027755868,StructHGB
coverage_14d,100,0.0,12,677.4798027755868,StructHGB
fractions_14d,100,0.0,12,677.4798027755868,StructHGB
mass_30d,100,0.0,12,677.4798027755868,StructHGB
coverage_30d,100,0.0,12,677.4798027755868,StructHGB
fractions_30d,100,0.0,12,677.4798027755868,StructHGB
mass_90d,100,0.0,12,677.4798027755868,StructHGB
coverage_90d,100,0.0,12,677.4798027755868,StructHGB
fractions_90d,100,0.0,12,677.4798027755868,StructHGB
mass_14d,100,0.1,3,389.39781205640213,Chronos2_NatCov
fractions_14d,100,0.1,3,419.5005525679866,Chronos2_NatCov
mass_30d,1000,0.1,3,431.785398326453,Chronos2_NatCov
coverage_14d,1000,0.1,3,439.500094926072,Chronos2_NatCov
fractions_30d,100,0.1,3,440.6973734410241,Chronos2_NatCov
mass_90d,1000,0.1,3,441.46233550616205,Chronos2_NatCov
fractions_90d,100,0.1,3,446.3682313353925,Chronos2_NatCov
coverage_30d,1000,0.1,3,447.72268639796596,Chronos2_NatCov
mass_14d,100,0.1,1,448.6786719358671,Chronos2_NatCov
coverage_90d,1000,0.1,3,449.74434892903514,Chronos2_NatCov
financial_only,1000,0.1,3,460.93730976574,Chronos2_NatCov
financial_only,100,0.0,1,466.40707903913625,Chronos2_NatCov
coverage_14d,100,0.0,1,466.40707903913625,Chronos2_NatCov
fractions_14d,100,0.0,1,466.40707903913625,Chronos2_NatCov
mass_30d,100,0.0,1,466.40707903913625,Chronos2_NatCov
coverage_30d,100,0.0,1,466.40707903913625,Chronos2_NatCov
fractions_30d,100,0.0,1,466.40707903913625,Chronos2_NatCov
mass_90d,100,0.0,1,466.40707903913625,Chronos2_NatCov
coverage_90d,100,0.0,1,466.40707903913625,Chronos2_NatCov
fractions_90d,100,0.0,1,466.40707903913625,Chronos2_NatCov
fractions_14d,100,0.5,6,531.4500147183478,Chronos2_NatCov
mass_14d,1000,0.5,6,547.5327976444876,Chronos2_NatCov
coverage_14d,1000,0.5,6,553.7101560627068,Chronos2_NatCov
coverage_90d,1000,0.5,6,600.5847510299702,Chronos2_NatCov
mass_90d,1000,0.5,6,606.2916696943203,Chronos2_NatCov
fractions_90d,1000,0.5,6,608.0760672266404,Chronos2_NatCov
mass_30d,1000,0.5,6,620.7044061256914,Chronos2_NatCov
financial_only,100,0.25,6,622.2411195659402,Chronos2_NatCov
coverage_30d,100,0.25,6,623.1732804254927,Chronos2_NatCov
fractions_30d,1000,0.5,6,625.7945748976284,Chronos2_NatCov
financial_only,100,0.0,12,1174.0086788275303,Chronos2_NatCov
mass_14d,100,0.0,12,1174.0086788275303,Chronos2_NatCov
coverage_14d,100,0.0,12,1174.0086788275303,Chronos2_NatCov
fractions_14d,100,0.0,12,1174.0086788275303,Chronos2_NatCov
mass_30d,100,0.0,12,1174.0086788275303,Chronos2_NatCov
coverage_30d,100,0.0,12,1174.0086788275303,Chronos2_NatCov
fractions_30d,100,0.0,12,1174.0086788275303,Chronos2_NatCov
mass_90d,100,0.0,12,1174.0086788275303,Chronos2_NatCov
coverage_90d,100,0.0,12,1174.0086788275303,Chronos2_NatCov
fractions_90d,100,0.0,12,1174.0086788275303,Chronos2_NatCov
