origin_index,horizon_months,max_training_target_index,training_examples,stage,variant
35,1,35,60,development,ridge_1
35,3,35,50,development,ridge_1
35,6,35,35,development,ridge_1
35,12,35,5,development,ridge_1
36,1,36,65,development,ridge_1
36,3,36,55,development,ridge_1
36,6,36,40,development,ridge_1
36,12,36,10,development,ridge_1
37,1,37,70,development,ridge_1
37,3,37,60,development,ridge_1
37,6,37,45,development,ridge_1
37,12,37,15,development,ridge_1
38,1,38,75,development,ridge_1
38,3,38,65,development,ridge_1
38,6,38,50,development,ridge_1
38,12,38,20,development,ridge_1
39,1,39,80,development,ridge_1
39,3,39,70,development,ridge_1
39,6,39,55,development,ridge_1
39,12,39,25,development,ridge_1
40,1,40,85,development,ridge_1
40,3,40,75,development,ridge_1
40,6,40,60,development,ridge_1
40,12,40,30,development,ridge_1
41,1,41,90,development,ridge_1
41,3,41,80,development,ridge_1
41,6,41,65,development,ridge_1
41,12,41,35,development,ridge_1
42,1,42,95,development,ridge_1
42,3,42,85,development,ridge_1
42,6,42,70,development,ridge_1
42,12,42,40,development,ridge_1
43,1,43,100,development,ridge_1
43,3,43,90,development,ridge_1
43,6,43,75,development,ridge_1
43,12,43,45,development,ridge_1
44,1,44,105,development,ridge_1
44,3,44,95,development,ridge_1
44,6,44,80,development,ridge_1
44,12,44,50,development,ridge_1
45,1,45,110,development,ridge_1
45,3,45,100,development,ridge_1
45,6,45,85,development,ridge_1
45,12,45,55,development,ridge_1
46,1,46,115,development,ridge_1
46,3,46,105,development,ridge_1
46,6,46,90,development,ridge_1
46,12,46,60,development,ridge_1
47,1,47,120,development,ridge_1
47,3,47,110,development,ridge_1
47,6,47,95,development,ridge_1
47,12,47,65,development,ridge_1
48,1,48,125,development,ridge_1
48,3,48,115,development,ridge_1
48,6,48,100,development,ridge_1
48,12,48,70,development,ridge_1
49,1,49,130,development,ridge_1
49,3,49,120,development,ridge_1
49,6,49,105,development,ridge_1
49,12,49,75,development,ridge_1
50,1,50,135,development,ridge_1
50,3,50,125,development,ridge_1
50,6,50,110,development,ridge_1
50,12,50,80,development,ridge_1
51,1,51,140,development,ridge_1
51,3,51,130,development,ridge_1
51,6,51,115,development,ridge_1
51,12,51,85,development,ridge_1
52,1,52,145,development,ridge_1
52,3,52,135,development,ridge_1
52,6,52,120,development,ridge_1
52,12,52,90,development,ridge_1
53,1,53,150,development,ridge_1
53,3,53,140,development,ridge_1
53,6,53,125,development,ridge_1
53,12,53,95,development,ridge_1
54,1,54,155,development,ridge_1
54,3,54,145,development,ridge_1
54,6,54,130,development,ridge_1
54,12,54,100,development,ridge_1
55,1,55,160,development,ridge_1
55,3,55,150,development,ridge_1
55,6,55,135,development,ridge_1
55,12,55,105,development,ridge_1
56,1,56,165,development,ridge_1
56,3,56,155,development,ridge_1
56,6,56,140,development,ridge_1
56,12,56,110,development,ridge_1
57,1,57,170,development,ridge_1
57,3,57,160,development,ridge_1
57,6,57,145,development,ridge_1
57,12,57,115,development,ridge_1
58,1,58,175,development,ridge_1
58,3,58,165,development,ridge_1
58,6,58,150,development,ridge_1
58,12,58,120,development,ridge_1
59,1,59,180,development,ridge_1
59,3,59,170,development,ridge_1
59,6,59,155,development,ridge_1
59,12,59,125,development,ridge_1
60,1,60,185,development,ridge_1
60,3,60,175,development,ridge_1
60,6,60,160,development,ridge_1
60,12,60,130,development,ridge_1
61,1,61,190,development,ridge_1
61,3,61,180,development,ridge_1
61,6,61,165,development,ridge_1
61,12,61,135,development,ridge_1
62,1,62,195,development,ridge_1
62,3,62,185,development,ridge_1
62,6,62,170,development,ridge_1
62,12,62,140,development,ridge_1
63,1,63,200,development,ridge_1
63,3,63,190,development,ridge_1
63,6,63,175,development,ridge_1
63,12,63,145,development,ridge_1
64,1,64,205,development,ridge_1
64,3,64,195,development,ridge_1
64,6,64,180,development,ridge_1
64,12,64,150,development,ridge_1
65,1,65,210,development,ridge_1
65,3,65,200,development,ridge_1
65,6,65,185,development,ridge_1
65,12,65,155,development,ridge_1
66,1,66,215,development,ridge_1
66,3,66,205,development,ridge_1
66,6,66,190,development,ridge_1
66,12,66,160,development,ridge_1
67,1,67,220,development,ridge_1
67,3,67,210,development,ridge_1
67,6,67,195,development,ridge_1
67,12,67,165,development,ridge_1
68,1,68,225,development,ridge_1
68,3,68,215,development,ridge_1
68,6,68,200,development,ridge_1
68,12,68,170,development,ridge_1
35,1,35,60,development,ridge_10
35,3,35,50,development,ridge_10
35,6,35,35,development,ridge_10
35,12,35,5,development,ridge_10
36,1,36,65,development,ridge_10
36,3,36,55,development,ridge_10
36,6,36,40,development,ridge_10
36,12,36,10,development,ridge_10
37,1,37,70,development,ridge_10
37,3,37,60,development,ridge_10
37,6,37,45,development,ridge_10
37,12,37,15,development,ridge_10
38,1,38,75,development,ridge_10
38,3,38,65,development,ridge_10
38,6,38,50,development,ridge_10
38,12,38,20,development,ridge_10
39,1,39,80,development,ridge_10
39,3,39,70,development,ridge_10
39,6,39,55,development,ridge_10
39,12,39,25,development,ridge_10
40,1,40,85,development,ridge_10
40,3,40,75,development,ridge_10
40,6,40,60,development,ridge_10
40,12,40,30,development,ridge_10
41,1,41,90,development,ridge_10
41,3,41,80,development,ridge_10
41,6,41,65,development,ridge_10
41,12,41,35,development,ridge_10
42,1,42,95,development,ridge_10
42,3,42,85,development,ridge_10
42,6,42,70,development,ridge_10
42,12,42,40,development,ridge_10
43,1,43,100,development,ridge_10
43,3,43,90,development,ridge_10
43,6,43,75,development,ridge_10
43,12,43,45,development,ridge_10
44,1,44,105,development,ridge_10
44,3,44,95,development,ridge_10
44,6,44,80,development,ridge_10
44,12,44,50,development,ridge_10
45,1,45,110,development,ridge_10
45,3,45,100,development,ridge_10
45,6,45,85,development,ridge_10
45,12,45,55,development,ridge_10
46,1,46,115,development,ridge_10
46,3,46,105,development,ridge_10
46,6,46,90,development,ridge_10
46,12,46,60,development,ridge_10
47,1,47,120,development,ridge_10
47,3,47,110,development,ridge_10
47,6,47,95,development,ridge_10
47,12,47,65,development,ridge_10
48,1,48,125,development,ridge_10
48,3,48,115,development,ridge_10
48,6,48,100,development,ridge_10
48,12,48,70,development,ridge_10
49,1,49,130,development,ridge_10
49,3,49,120,development,ridge_10
49,6,49,105,development,ridge_10
49,12,49,75,development,ridge_10
50,1,50,135,development,ridge_10
50,3,50,125,development,ridge_10
50,6,50,110,development,ridge_10
50,12,50,80,development,ridge_10
51,1,51,140,development,ridge_10
51,3,51,130,development,ridge_10
51,6,51,115,development,ridge_10
51,12,51,85,development,ridge_10
52,1,52,145,development,ridge_10
52,3,52,135,development,ridge_10
52,6,52,120,development,ridge_10
52,12,52,90,development,ridge_10
53,1,53,150,development,ridge_10
53,3,53,140,development,ridge_10
53,6,53,125,development,ridge_10
53,12,53,95,development,ridge_10
54,1,54,155,development,ridge_10
54,3,54,145,development,ridge_10
54,6,54,130,development,ridge_10
54,12,54,100,development,ridge_10
55,1,55,160,development,ridge_10
55,3,55,150,development,ridge_10
55,6,55,135,development,ridge_10
55,12,55,105,development,ridge_10
56,1,56,165,development,ridge_10
56,3,56,155,development,ridge_10
56,6,56,140,development,ridge_10
56,12,56,110,development,ridge_10
57,1,57,170,development,ridge_10
57,3,57,160,development,ridge_10
57,6,57,145,development,ridge_10
57,12,57,115,development,ridge_10
58,1,58,175,development,ridge_10
58,3,58,165,development,ridge_10
58,6,58,150,development,ridge_10
58,12,58,120,development,ridge_10
59,1,59,180,development,ridge_10
59,3,59,170,development,ridge_10
59,6,59,155,development,ridge_10
59,12,59,125,development,ridge_10
60,1,60,185,development,ridge_10
60,3,60,175,development,ridge_10
60,6,60,160,development,ridge_10
60,12,60,130,development,ridge_10
61,1,61,190,development,ridge_10
61,3,61,180,development,ridge_10
61,6,61,165,development,ridge_10
61,12,61,135,development,ridge_10
62,1,62,195,development,ridge_10
62,3,62,185,development,ridge_10
62,6,62,170,development,ridge_10
62,12,62,140,development,ridge_10
63,1,63,200,development,ridge_10
63,3,63,190,development,ridge_10
63,6,63,175,development,ridge_10
63,12,63,145,development,ridge_10
64,1,64,205,development,ridge_10
64,3,64,195,development,ridge_10
64,6,64,180,development,ridge_10
64,12,64,150,development,ridge_10
65,1,65,210,development,ridge_10
65,3,65,200,development,ridge_10
65,6,65,185,development,ridge_10
65,12,65,155,development,ridge_10
66,1,66,215,development,ridge_10
66,3,66,205,development,ridge_10
66,6,66,190,development,ridge_10
66,12,66,160,development,ridge_10
67,1,67,220,development,ridge_10
67,3,67,210,development,ridge_10
67,6,67,195,development,ridge_10
67,12,67,165,development,ridge_10
68,1,68,225,development,ridge_10
68,3,68,215,development,ridge_10
68,6,68,200,development,ridge_10
68,12,68,170,development,ridge_10
35,1,35,60,development,forest
35,3,35,50,development,forest
35,6,35,35,development,forest
35,12,35,5,development,forest
36,1,36,65,development,forest
36,3,36,55,development,forest
36,6,36,40,development,forest
36,12,36,10,development,forest
37,1,37,70,development,forest
37,3,37,60,development,forest
37,6,37,45,development,forest
37,12,37,15,development,forest
38,1,38,75,development,forest
38,3,38,65,development,forest
38,6,38,50,development,forest
38,12,38,20,development,forest
39,1,39,80,development,forest
39,3,39,70,development,forest
39,6,39,55,development,forest
39,12,39,25,development,forest
40,1,40,85,development,forest
40,3,40,75,development,forest
40,6,40,60,development,forest
40,12,40,30,development,forest
41,1,41,90,development,forest
41,3,41,80,development,forest
41,6,41,65,development,forest
41,12,41,35,development,forest
42,1,42,95,development,forest
42,3,42,85,development,forest
42,6,42,70,development,forest
42,12,42,40,development,forest
43,1,43,100,development,forest
43,3,43,90,development,forest
43,6,43,75,development,forest
43,12,43,45,development,forest
44,1,44,105,development,forest
44,3,44,95,development,forest
44,6,44,80,development,forest
44,12,44,50,development,forest
45,1,45,110,development,forest
45,3,45,100,development,forest
45,6,45,85,development,forest
45,12,45,55,development,forest
46,1,46,115,development,forest
46,3,46,105,development,forest
46,6,46,90,development,forest
46,12,46,60,development,forest
47,1,47,120,development,forest
47,3,47,110,development,forest
47,6,47,95,development,forest
47,12,47,65,development,forest
48,1,48,125,development,forest
48,3,48,115,development,forest
48,6,48,100,development,forest
48,12,48,70,development,forest
49,1,49,130,development,forest
49,3,49,120,development,forest
49,6,49,105,development,forest
49,12,49,75,development,forest
50,1,50,135,development,forest
50,3,50,125,development,forest
50,6,50,110,development,forest
50,12,50,80,development,forest
51,1,51,140,development,forest
51,3,51,130,development,forest
51,6,51,115,development,forest
51,12,51,85,development,forest
52,1,52,145,development,forest
52,3,52,135,development,forest
52,6,52,120,development,forest
52,12,52,90,development,forest
53,1,53,150,development,forest
53,3,53,140,development,forest
53,6,53,125,development,forest
53,12,53,95,development,forest
54,1,54,155,development,forest
54,3,54,145,development,forest
54,6,54,130,development,forest
54,12,54,100,development,forest
55,1,55,160,development,forest
55,3,55,150,development,forest
55,6,55,135,development,forest
55,12,55,105,development,forest
56,1,56,165,development,forest
56,3,56,155,development,forest
56,6,56,140,development,forest
56,12,56,110,development,forest
57,1,57,170,development,forest
57,3,57,160,development,forest
57,6,57,145,development,forest
57,12,57,115,development,forest
58,1,58,175,development,forest
58,3,58,165,development,forest
58,6,58,150,development,forest
58,12,58,120,development,forest
59,1,59,180,development,forest
59,3,59,170,development,forest
59,6,59,155,development,forest
59,12,59,125,development,forest
60,1,60,185,development,forest
60,3,60,175,development,forest
60,6,60,160,development,forest
60,12,60,130,development,forest
61,1,61,190,development,forest
61,3,61,180,development,forest
61,6,61,165,development,forest
61,12,61,135,development,forest
62,1,62,195,development,forest
62,3,62,185,development,forest
62,6,62,170,development,forest
62,12,62,140,development,forest
63,1,63,200,development,forest
63,3,63,190,development,forest
63,6,63,175,development,forest
63,12,63,145,development,forest
64,1,64,205,development,forest
64,3,64,195,development,forest
64,6,64,180,development,forest
64,12,64,150,development,forest
65,1,65,210,development,forest
65,3,65,200,development,forest
65,6,65,185,development,forest
65,12,65,155,development,forest
66,1,66,215,development,forest
66,3,66,205,development,forest
66,6,66,190,development,forest
66,12,66,160,development,forest
67,1,67,220,development,forest
67,3,67,210,development,forest
67,6,67,195,development,forest
67,12,67,165,development,forest
68,1,68,225,development,forest
68,3,68,215,development,forest
68,6,68,200,development,forest
68,12,68,170,development,forest
35,1,35,60,development,catboost_d3
35,3,35,50,development,catboost_d3
35,6,35,35,development,catboost_d3
35,12,35,5,development,catboost_d3
36,1,36,65,development,catboost_d3
36,3,36,55,development,catboost_d3
36,6,36,40,development,catboost_d3
36,12,36,10,development,catboost_d3
37,1,37,70,development,catboost_d3
37,3,37,60,development,catboost_d3
37,6,37,45,development,catboost_d3
37,12,37,15,development,catboost_d3
38,1,38,75,development,catboost_d3
38,3,38,65,development,catboost_d3
38,6,38,50,development,catboost_d3
38,12,38,20,development,catboost_d3
39,1,39,80,development,catboost_d3
39,3,39,70,development,catboost_d3
39,6,39,55,development,catboost_d3
39,12,39,25,development,catboost_d3
40,1,40,85,development,catboost_d3
40,3,40,75,development,catboost_d3
40,6,40,60,development,catboost_d3
40,12,40,30,development,catboost_d3
41,1,41,90,development,catboost_d3
41,3,41,80,development,catboost_d3
41,6,41,65,development,catboost_d3
41,12,41,35,development,catboost_d3
42,1,42,95,development,catboost_d3
42,3,42,85,development,catboost_d3
42,6,42,70,development,catboost_d3
42,12,42,40,development,catboost_d3
43,1,43,100,development,catboost_d3
43,3,43,90,development,catboost_d3
43,6,43,75,development,catboost_d3
43,12,43,45,development,catboost_d3
44,1,44,105,development,catboost_d3
44,3,44,95,development,catboost_d3
44,6,44,80,development,catboost_d3
44,12,44,50,development,catboost_d3
45,1,45,110,development,catboost_d3
45,3,45,100,development,catboost_d3
45,6,45,85,development,catboost_d3
45,12,45,55,development,catboost_d3
46,1,46,115,development,catboost_d3
46,3,46,105,development,catboost_d3
46,6,46,90,development,catboost_d3
46,12,46,60,development,catboost_d3
47,1,47,120,development,catboost_d3
47,3,47,110,development,catboost_d3
47,6,47,95,development,catboost_d3
47,12,47,65,development,catboost_d3
48,1,48,125,development,catboost_d3
48,3,48,115,development,catboost_d3
48,6,48,100,development,catboost_d3
48,12,48,70,development,catboost_d3
49,1,49,130,development,catboost_d3
49,3,49,120,development,catboost_d3
49,6,49,105,development,catboost_d3
49,12,49,75,development,catboost_d3
50,1,50,135,development,catboost_d3
50,3,50,125,development,catboost_d3
50,6,50,110,development,catboost_d3
50,12,50,80,development,catboost_d3
51,1,51,140,development,catboost_d3
51,3,51,130,development,catboost_d3
51,6,51,115,development,catboost_d3
51,12,51,85,development,catboost_d3
52,1,52,145,development,catboost_d3
52,3,52,135,development,catboost_d3
52,6,52,120,development,catboost_d3
52,12,52,90,development,catboost_d3
53,1,53,150,development,catboost_d3
53,3,53,140,development,catboost_d3
53,6,53,125,development,catboost_d3
53,12,53,95,development,catboost_d3
54,1,54,155,development,catboost_d3
54,3,54,145,development,catboost_d3
54,6,54,130,development,catboost_d3
54,12,54,100,development,catboost_d3
55,1,55,160,development,catboost_d3
55,3,55,150,development,catboost_d3
55,6,55,135,development,catboost_d3
55,12,55,105,development,catboost_d3
56,1,56,165,development,catboost_d3
56,3,56,155,development,catboost_d3
56,6,56,140,development,catboost_d3
56,12,56,110,development,catboost_d3
57,1,57,170,development,catboost_d3
57,3,57,160,development,catboost_d3
57,6,57,145,development,catboost_d3
57,12,57,115,development,catboost_d3
58,1,58,175,development,catboost_d3
58,3,58,165,development,catboost_d3
58,6,58,150,development,catboost_d3
58,12,58,120,development,catboost_d3
59,1,59,180,development,catboost_d3
59,3,59,170,development,catboost_d3
59,6,59,155,development,catboost_d3
59,12,59,125,development,catboost_d3
60,1,60,185,development,catboost_d3
60,3,60,175,development,catboost_d3
60,6,60,160,development,catboost_d3
60,12,60,130,development,catboost_d3
61,1,61,190,development,catboost_d3
61,3,61,180,development,catboost_d3
61,6,61,165,development,catboost_d3
61,12,61,135,development,catboost_d3
62,1,62,195,development,catboost_d3
62,3,62,185,development,catboost_d3
62,6,62,170,development,catboost_d3
62,12,62,140,development,catboost_d3
63,1,63,200,development,catboost_d3
63,3,63,190,development,catboost_d3
63,6,63,175,development,catboost_d3
63,12,63,145,development,catboost_d3
64,1,64,205,development,catboost_d3
64,3,64,195,development,catboost_d3
64,6,64,180,development,catboost_d3
64,12,64,150,development,catboost_d3
65,1,65,210,development,catboost_d3
65,3,65,200,development,catboost_d3
65,6,65,185,development,catboost_d3
65,12,65,155,development,catboost_d3
66,1,66,215,development,catboost_d3
66,3,66,205,development,catboost_d3
66,6,66,190,development,catboost_d3
66,12,66,160,development,catboost_d3
67,1,67,220,development,catboost_d3
67,3,67,210,development,catboost_d3
67,6,67,195,development,catboost_d3
67,12,67,165,development,catboost_d3
68,1,68,225,development,catboost_d3
68,3,68,215,development,catboost_d3
68,6,68,200,development,catboost_d3
68,12,68,170,development,catboost_d3
35,1,35,60,development,catboost_d5
35,3,35,50,development,catboost_d5
35,6,35,35,development,catboost_d5
35,12,35,5,development,catboost_d5
36,1,36,65,development,catboost_d5
36,3,36,55,development,catboost_d5
36,6,36,40,development,catboost_d5
36,12,36,10,development,catboost_d5
37,1,37,70,development,catboost_d5
37,3,37,60,development,catboost_d5
37,6,37,45,development,catboost_d5
37,12,37,15,development,catboost_d5
38,1,38,75,development,catboost_d5
38,3,38,65,development,catboost_d5
38,6,38,50,development,catboost_d5
38,12,38,20,development,catboost_d5
39,1,39,80,development,catboost_d5
39,3,39,70,development,catboost_d5
39,6,39,55,development,catboost_d5
39,12,39,25,development,catboost_d5
40,1,40,85,development,catboost_d5
40,3,40,75,development,catboost_d5
40,6,40,60,development,catboost_d5
40,12,40,30,development,catboost_d5
41,1,41,90,development,catboost_d5
41,3,41,80,development,catboost_d5
41,6,41,65,development,catboost_d5
41,12,41,35,development,catboost_d5
42,1,42,95,development,catboost_d5
42,3,42,85,development,catboost_d5
42,6,42,70,development,catboost_d5
42,12,42,40,development,catboost_d5
43,1,43,100,development,catboost_d5
43,3,43,90,development,catboost_d5
43,6,43,75,development,catboost_d5
43,12,43,45,development,catboost_d5
44,1,44,105,development,catboost_d5
44,3,44,95,development,catboost_d5
44,6,44,80,development,catboost_d5
44,12,44,50,development,catboost_d5
45,1,45,110,development,catboost_d5
45,3,45,100,development,catboost_d5
45,6,45,85,development,catboost_d5
45,12,45,55,development,catboost_d5
46,1,46,115,development,catboost_d5
46,3,46,105,development,catboost_d5
46,6,46,90,development,catboost_d5
46,12,46,60,development,catboost_d5
47,1,47,120,development,catboost_d5
47,3,47,110,development,catboost_d5
47,6,47,95,development,catboost_d5
47,12,47,65,development,catboost_d5
48,1,48,125,development,catboost_d5
48,3,48,115,development,catboost_d5
48,6,48,100,development,catboost_d5
48,12,48,70,development,catboost_d5
49,1,49,130,development,catboost_d5
49,3,49,120,development,catboost_d5
49,6,49,105,development,catboost_d5
49,12,49,75,development,catboost_d5
50,1,50,135,development,catboost_d5
50,3,50,125,development,catboost_d5
50,6,50,110,development,catboost_d5
50,12,50,80,development,catboost_d5
51,1,51,140,development,catboost_d5
51,3,51,130,development,catboost_d5
51,6,51,115,development,catboost_d5
51,12,51,85,development,catboost_d5
52,1,52,145,development,catboost_d5
52,3,52,135,development,catboost_d5
52,6,52,120,development,catboost_d5
52,12,52,90,development,catboost_d5
53,1,53,150,development,catboost_d5
53,3,53,140,development,catboost_d5
53,6,53,125,development,catboost_d5
53,12,53,95,development,catboost_d5
54,1,54,155,development,catboost_d5
54,3,54,145,development,catboost_d5
54,6,54,130,development,catboost_d5
54,12,54,100,development,catboost_d5
55,1,55,160,development,catboost_d5
55,3,55,150,development,catboost_d5
55,6,55,135,development,catboost_d5
55,12,55,105,development,catboost_d5
56,1,56,165,development,catboost_d5
56,3,56,155,development,catboost_d5
56,6,56,140,development,catboost_d5
56,12,56,110,development,catboost_d5
57,1,57,170,development,catboost_d5
57,3,57,160,development,catboost_d5
57,6,57,145,development,catboost_d5
57,12,57,115,development,catboost_d5
58,1,58,175,development,catboost_d5
58,3,58,165,development,catboost_d5
58,6,58,150,development,catboost_d5
58,12,58,120,development,catboost_d5
59,1,59,180,development,catboost_d5
59,3,59,170,development,catboost_d5
59,6,59,155,development,catboost_d5
59,12,59,125,development,catboost_d5
60,1,60,185,development,catboost_d5
60,3,60,175,development,catboost_d5
60,6,60,160,development,catboost_d5
60,12,60,130,development,catboost_d5
61,1,61,190,development,catboost_d5
61,3,61,180,development,catboost_d5
61,6,61,165,development,catboost_d5
61,12,61,135,development,catboost_d5
62,1,62,195,development,catboost_d5
62,3,62,185,development,catboost_d5
62,6,62,170,development,catboost_d5
62,12,62,140,development,catboost_d5
63,1,63,200,development,catboost_d5
63,3,63,190,development,catboost_d5
63,6,63,175,development,catboost_d5
63,12,63,145,development,catboost_d5
64,1,64,205,development,catboost_d5
64,3,64,195,development,catboost_d5
64,6,64,180,development,catboost_d5
64,12,64,150,development,catboost_d5
65,1,65,210,development,catboost_d5
65,3,65,200,development,catboost_d5
65,6,65,185,development,catboost_d5
65,12,65,155,development,catboost_d5
66,1,66,215,development,catboost_d5
66,3,66,205,development,catboost_d5
66,6,66,190,development,catboost_d5
66,12,66,160,development,catboost_d5
67,1,67,220,development,catboost_d5
67,3,67,210,development,catboost_d5
67,6,67,195,development,catboost_d5
67,12,67,165,development,catboost_d5
68,1,68,225,development,catboost_d5
68,3,68,215,development,catboost_d5
68,6,68,200,development,catboost_d5
68,12,68,170,development,catboost_d5
