base_model,financial_only,matched_coverage,original,selected_fractions,selected_mass,previous_news,change_pct,region
Chronos2_NatCov,472.4216546947486,474.07212081955987,471.5784480483444,475.8220143108943,480.856180626076,475.8220143108943,1.9673784109787151,Оренбургская область
Ensemble,396.60114156826273,399.7484585627058,396.60114156826273,396.60114156826273,406.8013499116769,396.60114156826273,2.57190594638228,Оренбургская область
NatPath_K1,445.3567652575699,443.5814643262956,442.44499286966783,457.23301442163614,452.8983848592545,477.8163275738332,2.3626421720328805,Оренбургская область
NatPath_K3,502.1589678792541,509.6240477567012,507.92449500689816,523.7199042863964,524.1009948386514,523.7199042863964,3.1848237269072044,Оренбургская область
PastOnlyBlend,414.3744926473794,426.15461903898205,414.2372068638815,415.5069175464128,433.31127766070233,415.5069175464128,4.604625195604073,Оренбургская область
Prophet,496.7654240980447,496.7654240980447,496.7654240980447,496.7654240980447,496.7654240980447,496.7654240980447,0.0,Оренбургская область
SeasonalNaive_NatGrowth,497.44311857489714,502.84165136583783,528.3770465090065,500.0584829187219,505.7071600485337,500.0584829187219,-4.290475260091831,Оренбургская область
StructHGB,491.093089328799,489.1101312602484,495.16109734994393,501.252281598963,502.06364892532144,505.19403909534856,1.3940011871528935,Оренбургская область
Chronos2_NatCov,524.1401812780762,521.9255950297891,522.2370113627115,523.1427581105484,522.5799149301511,523.1427581105484,0.06566052577252623,Нижегородская область
Ensemble,387.70964656829835,387.70964656829835,387.70964656829835,387.70964656829835,387.70964656829835,387.70964656829835,0.0,Нижегородская область
NatPath_K1,456.71426534743944,466.537414214151,455.2575884246826,467.0402306802456,466.28809882087546,467.0402306802456,2.4229163174108725,Нижегородская область
NatPath_K3,531.4305510800148,523.3496720865123,529.7522062810262,518.7763709542231,520.2009689960089,518.7763709542231,-1.8029631914266209,Нижегородская область
PastOnlyBlend,413.7224165911572,406.9329432656644,399.81178160137597,403.07072315948056,400.3899106003971,403.07072315948056,0.14460029084324422,Нижегородская область
Prophet,564.8305461300745,564.8305461300745,564.8305461300745,564.8305461300745,564.8305461300745,564.8305461300745,0.0,Нижегородская область
SeasonalNaive_NatGrowth,409.1968925089467,399.51441532269575,428.562763759825,398.81315352977686,394.9098340630864,398.81315352977686,-7.852509023765386,Нижегородская область
StructHGB,506.55098322378916,504.5082455462078,510.73488246493866,501.15157444205477,502.3023394395865,501.15157444205477,-1.651060719537023,Нижегородская область
Chronos2_NatCov,543.8276872874492,543.9255327602269,546.0069281449394,546.6100419238763,550.2073458080065,546.1600523015629,0.7692975027511206,Костромская область
Ensemble,447.00650201231747,445.8179842773121,451.80617472482106,454.92792213966345,453.0474136674299,454.92792213966345,0.27472819364737777,Костромская область
NatPath_K1,528.3024872001989,511.8497164594695,513.2982300538865,559.2114417696132,536.8165159420486,559.2114417696132,4.581797581046221,Костромская область
NatPath_K3,577.9681440471041,560.5551085173915,584.2887423946744,612.7120446700092,601.0837425152181,625.5895559540107,2.874435001384823,Костромская область
PastOnlyBlend,468.9472853452765,466.28654969819297,466.07069453738984,486.28847850032525,479.22494344608003,477.441685175507,2.8223720270047714,Костромская область
Prophet,586.8894302504402,586.8894302504402,586.8894302504402,586.8894302504402,586.8894302504402,599.5867306593443,0.0,Костромская область
SeasonalNaive_NatGrowth,529.8028971197319,527.51827403947,584.012224954272,546.2790513462458,530.5521610585135,546.2790513462458,-9.153928909612185,Костромская область
StructHGB,555.4762789138522,545.511603660763,561.2162429870122,570.2061765744863,567.0655912086335,564.1733406483892,1.0422628166442127,Костромская область
