base_model,h,comparator,mae_difference,ci_low,ci_high,target_months
Ensemble,1,original,0.0,0.0,0.0,6
Ensemble,1,financial_only,0.0,0.0,0.0,6
Ensemble,1,matched_coverage,0.0,0.0,0.0,6
Ensemble,1,selected_fractions,0.0,0.0,0.0,6
Ensemble,3,original,0.0,0.0,0.0,6
Ensemble,3,financial_only,0.0,0.0,0.0,6
Ensemble,3,matched_coverage,0.0,0.0,0.0,6
Ensemble,3,selected_fractions,0.0,0.0,0.0,6
Ensemble,6,original,44.310422855473035,-23.83607868445257,147.8580384501639,6
Ensemble,6,financial_only,11.535401646993892,-0.1767291777481702,26.498520265611518,6
Ensemble,6,matched_coverage,2.7300961137882225,-13.746119901335021,22.671599157604636,6
Ensemble,6,selected_fractions,7.296317841235492,-4.582567919679359,19.08961425373009,6
Ensemble,12,original,0.0,0.0,0.0,6
Ensemble,12,financial_only,0.0,0.0,0.0,6
Ensemble,12,matched_coverage,0.0,0.0,0.0,6
Ensemble,12,selected_fractions,0.0,0.0,0.0,6
PastOnlyBlend,1,original,-6.088904314118433,-26.104164222946594,24.161096023226587,6
PastOnlyBlend,1,financial_only,-11.062452111154366,-35.174508852418455,17.45698331140895,6
PastOnlyBlend,1,matched_coverage,-6.026489776877301,-20.183558554058003,10.622614635163947,6
PastOnlyBlend,1,selected_fractions,-3.919591987019689,-17.510412883512267,10.272099601908423,6
PastOnlyBlend,3,original,7.245162312160577,-22.857185063352997,29.10663400266985,6
PastOnlyBlend,3,financial_only,-15.602559870365852,-35.00201648201453,-0.879140711364122,6
PastOnlyBlend,3,matched_coverage,-7.059575553657317,-18.747824921488395,2.548604644801064,6
PastOnlyBlend,3,selected_fractions,-1.442033131147291,-10.22483956834951,4.9808853073936605,6
PastOnlyBlend,6,original,133.7181099146059,35.61363120845247,286.40952233856814,6
PastOnlyBlend,6,financial_only,18.28490519300284,-22.561248305885172,56.45658826784299,6
PastOnlyBlend,6,matched_coverage,7.061822740237833,-18.54066840048017,36.44682558178688,6
PastOnlyBlend,6,selected_fractions,14.113571590290741,-5.663632539733418,32.87638838530447,6
PastOnlyBlend,12,original,0.0,0.0,0.0,6
PastOnlyBlend,12,financial_only,0.0,0.0,0.0,6
PastOnlyBlend,12,matched_coverage,0.0,0.0,0.0,6
PastOnlyBlend,12,selected_fractions,0.0,0.0,0.0,6
Prophet,1,original,0.0,0.0,0.0,6
Prophet,1,financial_only,0.0,0.0,0.0,6
Prophet,1,matched_coverage,0.0,0.0,0.0,6
Prophet,1,selected_fractions,0.0,0.0,0.0,6
Prophet,3,original,0.0,0.0,0.0,6
Prophet,3,financial_only,0.0,0.0,0.0,6
Prophet,3,matched_coverage,0.0,0.0,0.0,6
Prophet,3,selected_fractions,0.0,0.0,0.0,6
Prophet,6,original,0.0,0.0,0.0,6
Prophet,6,financial_only,0.0,0.0,0.0,6
Prophet,6,matched_coverage,0.0,0.0,0.0,6
Prophet,6,selected_fractions,0.0,0.0,0.0,6
Prophet,12,original,0.0,0.0,0.0,6
Prophet,12,financial_only,0.0,0.0,0.0,6
Prophet,12,matched_coverage,0.0,0.0,0.0,6
Prophet,12,selected_fractions,0.0,0.0,0.0,6
SeasonalNaive_NatGrowth,1,original,-46.58262375968871,-55.335640654758606,-36.47401580342821,6
SeasonalNaive_NatGrowth,1,financial_only,-18.575109723978173,-42.858989615930334,-0.6270682817570256,6
SeasonalNaive_NatGrowth,1,matched_coverage,-6.522989353419348,-21.268653757072695,6.310669082068333,6
SeasonalNaive_NatGrowth,1,selected_fractions,-6.80271125725336,-16.863340674364,1.2663823822273723,6
SeasonalNaive_NatGrowth,3,original,-20.72323563378842,-45.07889675647769,4.357985506748975,6
SeasonalNaive_NatGrowth,3,financial_only,-9.999007167742365,-15.90975799563494,-4.282426631042093,6
SeasonalNaive_NatGrowth,3,matched_coverage,-2.686173165799326,-5.495042612673795,0.40769413632595164,6
SeasonalNaive_NatGrowth,3,selected_fractions,-1.0039276761274927,-2.673387524738189,1.122407483795913,6
SeasonalNaive_NatGrowth,6,original,328.7409961176042,106.98099661328581,558.8771741697914,6
SeasonalNaive_NatGrowth,6,financial_only,11.055002486199195,-69.0422607352334,86.99749889147732,6
SeasonalNaive_NatGrowth,6,matched_coverage,30.706171105430332,-26.32047758776846,90.2097755674076,6
SeasonalNaive_NatGrowth,6,selected_fractions,34.59262407606381,1.9160262331274052,62.952787233943376,6
SeasonalNaive_NatGrowth,12,original,0.0,0.0,0.0,6
SeasonalNaive_NatGrowth,12,financial_only,0.0,0.0,0.0,6
SeasonalNaive_NatGrowth,12,matched_coverage,0.0,0.0,0.0,6
SeasonalNaive_NatGrowth,12,selected_fractions,0.0,0.0,0.0,6
NatPath_K3,1,original,-4.569273535782803,-16.899992425640885,7.939762091972082,6
NatPath_K3,1,financial_only,-7.4565993845614855,-19.874716341041353,4.412198381784008,6
NatPath_K3,1,matched_coverage,-2.6962983629417416,-13.325534365558767,7.154109985616011,6
NatPath_K3,1,selected_fractions,-1.8442133214945267,-14.818013101114703,13.032378824621953,6
NatPath_K3,3,original,-14.533201034251832,-75.4435823016011,37.07561088012124,6
NatPath_K3,3,financial_only,-15.002564783450019,-56.76686132010228,24.16611621674926,6
NatPath_K3,3,matched_coverage,-3.6011078180651865,-40.077561972242144,30.614229205426906,6
NatPath_K3,3,selected_fractions,4.693409405066061,-20.12524426688276,26.341705681698816,6
NatPath_K3,6,original,340.06781093112414,2.416304672893076,682.4327218127102,6
NatPath_K3,6,financial_only,351.5169922266266,91.29340223930039,611.6842437798831,6
NatPath_K3,6,matched_coverage,350.16754039111765,78.56600591578957,622.3237537547748,6
NatPath_K3,6,selected_fractions,356.9412155576883,107.72313386607692,609.2073824966196,6
NatPath_K3,12,original,0.0,0.0,0.0,6
NatPath_K3,12,financial_only,0.0,0.0,0.0,6
NatPath_K3,12,matched_coverage,0.0,0.0,0.0,6
NatPath_K3,12,selected_fractions,0.0,0.0,0.0,6
NatPath_K1,1,original,-0.9519815032972506,-15.25330916387145,10.06924384122777,6
NatPath_K1,1,financial_only,-2.617829853172986,-16.270778084863615,8.923200725950842,6
NatPath_K1,1,matched_coverage,-4.461387423549276,-16.88199888571801,7.447849349712844,6
NatPath_K1,1,selected_fractions,-6.594358532652276,-15.575817011061394,0.5501186358375916,6
NatPath_K1,3,original,23.01300229568302,-28.18106383449032,85.31281981006053,6
NatPath_K1,3,financial_only,21.76549680004514,-22.145723670052636,62.98509402620719,6
NatPath_K1,3,matched_coverage,3.9627566369982876,-23.274392838148835,25.787628308716208,6
NatPath_K1,3,selected_fractions,5.090094813912016,-7.1379736388335395,18.966246184023706,6
NatPath_K1,6,original,374.6503269492983,-53.454861228384964,809.725842143757,6
NatPath_K1,6,financial_only,251.73179631923063,39.635387398816434,469.68829069527897,6
NatPath_K1,6,matched_coverage,13.996903996622512,-52.4277157214626,85.3364416420752,6
NatPath_K1,6,selected_fractions,38.55023002758673,15.743167111844587,61.17159074826276,6
NatPath_K1,12,original,0.0,0.0,0.0,6
NatPath_K1,12,financial_only,0.0,0.0,0.0,6
NatPath_K1,12,matched_coverage,0.0,0.0,0.0,6
NatPath_K1,12,selected_fractions,0.0,0.0,0.0,6
StructHGB,1,original,-3.4623734247529825,-7.713499152665517,0.6476883468641405,6
StructHGB,1,financial_only,-3.4623734247529825,-7.713499152665517,0.6476883468641405,6
StructHGB,1,matched_coverage,-3.4623734247529825,-7.713499152665517,0.6476883468641405,6
StructHGB,1,selected_fractions,-1.5078825480434217,-5.8314299033703,3.7013712329209234,6
StructHGB,3,original,-13.402712625951436,-31.2791322244237,11.767410960692944,6
StructHGB,3,financial_only,-5.034914143652428,-18.370237084396518,7.581010958708704,6
StructHGB,3,matched_coverage,-0.9494387884897127,-12.29603477792916,10.21417753694594,6
StructHGB,3,selected_fractions,3.809412543106806,-7.719641537644804,15.571583367320025,6
StructHGB,6,original,0.0,0.0,0.0,6
StructHGB,6,financial_only,0.0,0.0,0.0,6
StructHGB,6,matched_coverage,0.0,0.0,0.0,6
StructHGB,6,selected_fractions,0.0,0.0,0.0,6
StructHGB,12,original,0.0,0.0,0.0,6
StructHGB,12,financial_only,0.0,0.0,0.0,6
StructHGB,12,matched_coverage,0.0,0.0,0.0,6
StructHGB,12,selected_fractions,0.0,0.0,0.0,6
Chronos2_NatCov,1,original,0.0,0.0,0.0,6
Chronos2_NatCov,1,financial_only,0.0,0.0,0.0,6
Chronos2_NatCov,1,matched_coverage,0.0,0.0,0.0,6
Chronos2_NatCov,1,selected_fractions,0.0,0.0,0.0,6
Chronos2_NatCov,3,original,0.6858071348788153,-18.108389029419918,17.04276349433146,6
Chronos2_NatCov,3,financial_only,-3.1205326958504074,-23.842706110316588,12.915031930079337,6
Chronos2_NatCov,3,matched_coverage,1.3086398007237297,-12.276942539131731,13.028163128214743,6
Chronos2_NatCov,3,selected_fractions,-1.1256863607948482,-9.373007408721959,6.960104226139919,6
Chronos2_NatCov,6,original,101.89478875036106,-245.86757738001273,346.1061374216553,6
Chronos2_NatCov,6,financial_only,112.63434954561681,-70.33435882259516,311.4051281563553,6
Chronos2_NatCov,6,matched_coverage,-80.6246334345364,-198.5452386737749,52.7596390592574,6
Chronos2_NatCov,6,selected_fractions,23.65015064257832,-72.01562927698808,126.03609032808448,6
Chronos2_NatCov,12,original,0.0,0.0,0.0,6
Chronos2_NatCov,12,financial_only,0.0,0.0,0.0,6
Chronos2_NatCov,12,matched_coverage,0.0,0.0,0.0,6
Chronos2_NatCov,12,selected_fractions,0.0,0.0,0.0,6
