base_model,original,transferred_news,financial_only,local_news_coverage,local_news,local_policy,local_news_change_pct,local_policy_change_pct,region
Chronos2_NatCov,522.2370113627115,523.7513278752898,524.1401812780762,524.1654944477497,523.1427581105484,529.4995857888681,0.1734359549648401,1.3906663580211864,Нижегородская область
Ensemble,387.70964656829835,387.70964656829835,387.70964656829835,387.70964656829835,387.70964656829835,387.70964656829835,0.0,0.0,Нижегородская область
NatPath_K1,455.2575884246826,457.66433673832745,456.71426534743944,467.02510531070294,467.0402306802456,467.0402306802456,2.588126492593834,2.588126492593834,Нижегородская область
NatPath_K3,529.7522062810262,523.6072184020363,531.4305510800148,525.9481859103923,518.7763709542231,505.18514732110395,-2.0718810033573676,-4.637462320806229,Нижегородская область
PastOnlyBlend,399.81178160137597,399.14711767663533,413.7224165911572,409.06977204230185,403.07072315948056,403.07072315948056,0.8151189404803194,0.8151189404803194,Нижегородская область
Prophet,564.8305461300745,564.8305461300745,564.8305461300745,564.8305461300745,564.8305461300745,564.8305461300745,0.0,0.0,Нижегородская область
SeasonalNaive_NatGrowth,428.562763759825,398.81315352977686,409.1968925089467,401.06111457509235,398.81315352977686,398.81315352977686,-6.9417160672223925,-6.9417160672223925,Нижегородская область
StructHGB,510.73488246493866,497.00415988181703,506.55098322378916,505.4169779788767,501.15157444205477,494.98442162644756,-1.8763762476203705,-3.083881947219913,Нижегородская область
Chronos2_NatCov,546.0069281449394,554.3654631008765,543.8276872874492,543.4961634718186,546.1600523015629,562.8342170950152,0.028044361477941315,3.08188194740433,Костромская область
Ensemble,451.80617472482106,451.80617472482106,447.00650201231747,446.40158832978705,454.92792213966345,452.0703600634946,0.6909483733248623,0.05847315806040143,Костромская область
NatPath_K1,513.2982300538865,520.7435086534342,528.3024872001989,515.6832815902957,559.2114417696132,573.0797919706258,8.944743820937529,11.646555241475,Костромская область
NatPath_K3,584.2887423946744,586.58692378952,577.9681440471041,571.6117387222217,625.5895559540107,627.4041067454623,7.068562264278322,7.379119469952822,Костромская область
PastOnlyBlend,466.07069453738984,466.9151479498246,468.9472853452765,464.5717167274736,477.441685175507,489.6770215169015,2.4397566230598855,5.0649670224262255,Костромская область
Prophet,586.8894302504402,586.8894302504402,586.8894302504402,586.8894302504402,599.5867306593443,611.038996171628,2.1634910690904396,4.114840833116151,Костромская область
SeasonalNaive_NatGrowth,584.012224954272,546.2790513462458,529.8028971197319,529.189479487661,546.2790513462458,553.3400368003788,-6.4610246148495865,-5.251977072277015,Костромская область
StructHGB,561.2162429870122,562.126003114188,555.4762789138522,559.1713625443326,564.1733406483892,564.1733406483892,0.5269087804084638,0.5269087804084638,Костромская область
