series_id,index,period,method,score,alarm,z
Всего,36,2021-12-01,CUSUM,0.8382571191463946,False,-1.3382571191463946
Всего,37,2022-01-01,CUSUM,1.9385301858437254,False,-1.6002730666973308
Всего,38,2022-02-01,CUSUM,2.701147116322911,False,-1.2626169304791854
Всего,39,2022-03-01,CUSUM,2.9264889369203475,False,-0.7253418205974365
Всего,40,2022-04-01,CUSUM,4.899121587951734,False,-2.472632651031386
Всего,41,2022-05-01,CUSUM,6.714741320887764,False,-2.3156197329360304
Всего,42,2022-06-01,CUSUM,8.132306532268798,True,-1.9175652113810338
Всего,43,2022-07-01,CUSUM,1.1496427536574594,False,-1.6496427536574594
Всего,44,2022-08-01,CUSUM,1.9905286187761009,False,-1.3408858651186413
Всего,45,2022-09-01,CUSUM,2.6722355153431527,False,-1.1817068965670519
Всего,46,2022-10-01,CUSUM,3.0231624850444936,False,-0.8509269697013409
Всего,47,2022-11-01,CUSUM,2.946285090051607,False,-0.42312260500711346
Всего,48,2022-12-01,CUSUM,3.1167737034174587,False,-0.6704886133658514
Всего,49,2023-01-01,CUSUM,2.7300151497758263,False,-0.11324144635836761
Всего,50,2023-02-01,CUSUM,2.3907277381308862,False,-0.16071258835506
Всего,51,2023-03-01,CUSUM,2.3207345961876835,False,-0.4300068580567972
Всего,52,2023-04-01,CUSUM,0.9550832009572088,False,0.8656513952304747
Всего,53,2023-05-01,CUSUM,0.9347255773202516,False,1.069074182089777
Всего,54,2023-06-01,CUSUM,1.6279377356573268,False,1.1932121583370752
Всего,55,2023-07-01,CUSUM,2.428724034064314,False,1.3007862984069873
Всего,56,2023-08-01,CUSUM,3.2834536199153685,False,1.3547295858510549
Всего,57,2023-09-01,CUSUM,4.061530375565263,False,1.2780767556498942
Всего,58,2023-10-01,CUSUM,4.743743922444795,False,1.1822135468795318
Всего,59,2023-11-01,CUSUM,4.978724647071301,False,0.7349807246265065
Всего,60,2023-12-01,CUSUM,5.103232831438147,False,0.6245081843668456
Всего,61,2024-01-01,CUSUM,4.946029847884144,False,0.34279701644599697
Всего,62,2024-02-01,CUSUM,5.033227877978214,False,0.5871980300940706
Всего,63,2024-03-01,CUSUM,4.836265081657931,False,0.3030372036797175
Всего,64,2024-04-01,CUSUM,4.28506915468612,False,-0.05119592697181102
Всего,65,2024-05-01,CUSUM,3.642046792872814,False,-0.143022361813306
Всего,66,2024-06-01,CUSUM,2.864355786225563,False,-0.27769100664725127
Всего,67,2024-07-01,CUSUM,2.091462352984843,False,-0.27289343324071985
Всего,68,2024-08-01,CUSUM,1.1120822040535345,False,-0.4793801489313085
Всего,69,2024-09-01,CUSUM,0.1015082389108567,False,-0.5105739651426778
Всего,70,2024-10-01,CUSUM,0.24244793440250378,False,-0.731873969259826
Всего,71,2024-11-01,CUSUM,0.20709275318254128,False,-0.46464481878003755
Всего,72,2024-12-01,CUSUM,0.17747434113858407,False,-0.4703815879560428
Всего,73,2025-01-01,CUSUM,0.0,False,-0.2301995690128303
Всего,74,2025-02-01,CUSUM,0.28803701703711493,False,-0.7880370170371149
Всего,75,2025-03-01,CUSUM,0.08800483307699825,False,-0.29996781603988326
Всего,76,2025-04-01,CUSUM,0.0,False,-0.15857564934273377
Всего,77,2025-05-01,CUSUM,0.0,False,0.06083838166495763
Всего,78,2025-06-01,CUSUM,0.0,False,-0.094317180074132
Всего,79,2025-07-01,CUSUM,0.0,False,0.10838816423019311
Всего,80,2025-08-01,CUSUM,0.0,False,0.05580756530997409
Всего,81,2025-09-01,CUSUM,0.0,False,-0.4780046409932022
Всего,82,2025-10-01,CUSUM,0.28071340452558935,False,0.7807134045255893
Всего,83,2025-11-01,CUSUM,0.4535128461911153,False,-0.9535128461911153
Всего,84,2025-12-01,CUSUM,0.25263108923504696,False,-0.29911824304393164
Всего,85,2026-01-01,CUSUM,1.4910506419290472,False,-1.7384195526940003
Всего,86,2026-02-01,CUSUM,2.413760696147073,False,-1.4227100542180255
Всего,87,2026-03-01,CUSUM,1.6518091572747817,False,0.2619515388722913
Всего,88,2026-04-01,CUSUM,0.9337758470710347,False,0.21803331020374697
Всего,89,2026-05-01,CUSUM,0.005187475229396221,False,0.5051874752293962
Всего,90,2026-06-01,CUSUM,0.17003440880004828,False,0.664846933570652
Всего,91,2026-07-01,CUSUM,0.0,False,0.12303473889710512
Всего,92,2026-08-01,CUSUM,0.0,False,0.33154701091762145
Непродовольственные товары,36,2021-12-01,CUSUM,0.489390298724662,False,-0.989390298724662
Непродовольственные товары,37,2022-01-01,CUSUM,1.0270710796455105,False,-1.0376807809208486
Непродовольственные товары,38,2022-02-01,CUSUM,1.05935520858378,False,-0.5322841289382695
Непродовольственные товары,39,2022-03-01,CUSUM,0.9374476256808613,False,-0.37809241709708125
Непродовольственные товары,40,2022-04-01,CUSUM,3.795174479108221,False,-3.3577268534273594
Непродовольственные товары,41,2022-05-01,CUSUM,6.107646969373787,False,-2.812472490265566
Непродовольственные товары,42,2022-06-01,CUSUM,7.753808156175404,False,-2.146161186801617
Непродовольственные товары,43,2022-07-01,CUSUM,9.121860077368455,True,-1.8680519211930495
Непродовольственные товары,44,2022-08-01,CUSUM,0.9848032212631621,False,-1.484803221263162
Непродовольственные товары,45,2022-09-01,CUSUM,1.5971924374789879,False,-1.1123892162158258
Непродовольственные товары,46,2022-10-01,CUSUM,1.9541041460327873,False,-0.8569117085537993
Непродовольственные товары,47,2022-11-01,CUSUM,1.9048947351888357,False,-0.4507905891560486
Непродовольственные товары,48,2022-12-01,CUSUM,2.1999602386989587,False,-0.7950655035101232
Непродовольственные товары,49,2023-01-01,CUSUM,1.6438569791392807,False,0.05610325955967802
Непродовольственные товары,50,2023-02-01,CUSUM,1.265473306205328,False,-0.12161632706604732
Непродовольственные товары,51,2023-03-01,CUSUM,0.9503661051166221,False,-0.184892798911294
Непродовольственные товары,52,2023-04-01,CUSUM,1.963914638587938,False,2.463914638587938
Непродовольственные товары,53,2023-05-01,CUSUM,4.119544952972207,False,2.6556303143842697
Непродовольственные товары,54,2023-06-01,CUSUM,6.415018223939976,False,2.7954732709677685
Непродовольственные товары,55,2023-07-01,CUSUM,8.94943901193351,True,3.034420787993534
Непродовольственные товары,56,2023-08-01,CUSUM,1.9670411030622543,False,2.4670411030622543
Непродовольственные товары,57,2023-09-01,CUSUM,3.3386769421033105,False,1.8716358390410563
Непродовольственные товары,58,2023-10-01,CUSUM,4.433538177116296,False,1.5948612350129858
Непродовольственные товары,59,2023-11-01,CUSUM,4.810399811985358,False,0.8768616348690618
Непродовольственные товары,60,2023-12-01,CUSUM,4.894076155008294,False,0.5836763430229361
Непродовольственные товары,61,2024-01-01,CUSUM,4.67778847665226,False,0.28371232164396604
Непродовольственные товары,62,2024-02-01,CUSUM,4.525318942151662,False,0.3475304654994013
Непродовольственные товары,63,2024-03-01,CUSUM,4.273431351977582,False,0.24811240982591962
Непродовольственные товары,64,2024-04-01,CUSUM,3.6371378236170573,False,-0.13629352836052458
Непродовольственные товары,65,2024-05-01,CUSUM,2.897432509156585,False,-0.23970531446047225
Непродовольственные товары,66,2024-06-01,CUSUM,2.0497889981658797,False,-0.3476435109907056
Непродовольственные товары,67,2024-07-01,CUSUM,1.0690550016528948,False,-0.48073399651298493
Непродовольственные товары,68,2024-08-01,CUSUM,0.26948114218540864,False,-0.7694811421854086
Непродовольственные товары,69,2024-09-01,CUSUM,0.3017073823485985,False,-0.5322262401631899
Непродовольственные товары,70,2024-10-01,CUSUM,0.5769230610659224,False,-0.7752156787173239
Непродовольственные товары,71,2024-11-01,CUSUM,0.5312523213233513,False,-0.454329260257429
Непродовольственные товары,72,2024-12-01,CUSUM,0.42795845786898634,False,-0.39670613654563497
Непродовольственные товары,73,2025-01-01,CUSUM,0.3538974988931325,False,-0.42593904102414615
Непродовольственные товары,74,2025-02-01,CUSUM,0.6211649521057176,False,-0.7672674532125853
Непродовольственные товары,75,2025-03-01,CUSUM,0.6647576687210717,False,-0.5435927166153541
Непродовольственные товары,76,2025-04-01,CUSUM,0.6473886490495273,False,-0.4826309803284556
Непродовольственные товары,77,2025-05-01,CUSUM,0.25660321214762705,False,-0.10921456309809977
Непродовольственные товары,78,2025-06-01,CUSUM,0.0,False,0.14367725793708744
Непродовольственные товары,79,2025-07-01,CUSUM,0.0,False,0.4537318405850884
Непродовольственные товары,80,2025-08-01,CUSUM,0.42998203937111645,False,0.9299820393711165
Непродовольственные товары,81,2025-09-01,CUSUM,0.3930596741205854,False,0.463077634749469
Непродовольственные товары,82,2025-10-01,CUSUM,2.2998383786763776,False,2.4067787045557925
Непродовольственные товары,83,2025-11-01,CUSUM,2.7623356152510614,False,0.9624972365746837
Непродовольственные товары,84,2025-12-01,CUSUM,3.8058544470420426,False,1.5435188317909811
Непродовольственные товары,85,2026-01-01,CUSUM,2.8737103313798578,False,-0.43214411566218475
Непродовольственные товары,86,2026-02-01,CUSUM,2.4516360746492256,False,0.07792574326936783
Непродовольственные товары,87,2026-03-01,CUSUM,4.085265496159956,False,2.1336294215107308
Непродовольственные товары,88,2026-04-01,CUSUM,5.775882443831254,False,2.1906169476712978
Непродовольственные товары,89,2026-05-01,CUSUM,8.07502656857413,True,2.799144124742876
Непродовольственные товары,90,2026-06-01,CUSUM,1.8361225098382112,False,2.3361225098382112
Непродовольственные товары,91,2026-07-01,CUSUM,2.7831359003959664,False,1.4470133905577551
Непродовольственные товары,92,2026-08-01,CUSUM,3.4934979293670176,False,1.210362028971051
Общественное питание,36,2021-12-01,CUSUM,0.30217677424024414,False,-0.8021767742402441
Общественное питание,37,2022-01-01,CUSUM,0.813783592339363,False,-1.011606818099119
Общественное питание,38,2022-02-01,CUSUM,1.3551327914619535,False,-1.0413491991225905
Общественное питание,39,2022-03-01,CUSUM,2.0945750723524297,False,-1.2394422808904764
Общественное питание,40,2022-04-01,CUSUM,2.8551261872457028,False,-1.260551114893273
Общественное питание,41,2022-05-01,CUSUM,3.2893395901356843,False,-0.9342134028899813
Общественное питание,42,2022-06-01,CUSUM,3.2658956904484535,False,-0.47655610031276907
Общественное питание,43,2022-07-01,CUSUM,2.970855247814304,False,-0.20495955736585028
Общественное питание,44,2022-08-01,CUSUM,2.604436888495557,False,-0.13358164068125297
Общественное питание,45,2022-09-01,CUSUM,2.097236373191298,False,0.007200515304258695
Общественное питание,46,2022-10-01,CUSUM,1.4540879749841944,False,0.14314839820710365
Общественное питание,47,2022-11-01,CUSUM,0.5027134442557277,False,0.4513745307284666
Общественное питание,48,2022-12-01,CUSUM,0.06912176363516342,False,-0.06640831937943568
Общественное питание,49,2023-01-01,CUSUM,0.0,False,0.2598590920181898
Общественное питание,50,2023-02-01,CUSUM,0.0,False,0.03953683277699843
Общественное питание,51,2023-03-01,CUSUM,0.0,False,0.3442792551779066
Общественное питание,52,2023-04-01,CUSUM,0.0,False,0.14753482825027991
Общественное питание,53,2023-05-01,CUSUM,0.0,False,0.3077806641023304
Общественное питание,54,2023-06-01,CUSUM,0.0,False,-0.22786494411914052
Общественное питание,55,2023-07-01,CUSUM,0.054252378192775064,False,-0.5542523781927751
Общественное питание,56,2023-08-01,CUSUM,1.0150344339767432,False,-1.4607820557839681
Общественное питание,57,2023-09-01,CUSUM,2.1575738072185766,False,-1.6425393732418334
Общественное питание,58,2023-10-01,CUSUM,2.287527560413636,False,-0.6299537531950592
Общественное питание,59,2023-11-01,CUSUM,2.2319864969157224,False,-0.44445893650208673
Общественное питание,60,2023-12-01,CUSUM,1.5699016771444714,False,0.16208481977125108
Общественное питание,61,2024-01-01,CUSUM,1.3197210724557897,False,-0.24981939531131828
Общественное питание,62,2024-02-01,CUSUM,0.3680771877291571,False,0.8680771877291571
Общественное питание,63,2024-03-01,CUSUM,0.0,False,0.06789912339741776
Общественное питание,64,2024-04-01,CUSUM,0.0,False,0.4609644647768393
Общественное питание,65,2024-05-01,CUSUM,0.0,False,0.16073406465248066
Общественное питание,66,2024-06-01,CUSUM,0.31422446627769807,False,0.8142244662776981
Общественное питание,67,2024-07-01,CUSUM,0.8961143540866214,False,1.0818898878089234
Общественное питание,68,2024-08-01,CUSUM,1.7299208667838508,False,1.3338065126972294
Общественное питание,69,2024-09-01,CUSUM,1.0425827989348821,False,-0.18733806784896878
Общественное питание,70,2024-10-01,CUSUM,0.23164846597293276,False,-0.31093433296194944
Общественное питание,71,2024-11-01,CUSUM,0.0,False,-0.051292016274357456
Общественное питание,72,2024-12-01,CUSUM,0.0,False,0.10300980534508083
Общественное питание,73,2025-01-01,CUSUM,4.27791523393087,False,4.77791523393087
Общественное питание,74,2025-02-01,CUSUM,6.967722784352543,False,3.1898075504216727
Общественное питание,75,2025-03-01,CUSUM,10.185187539788279,True,3.7174647554357354
Общественное питание,76,2025-04-01,CUSUM,3.1907785846727896,False,3.6907785846727896
Общественное питание,77,2025-05-01,CUSUM,6.163642470643937,False,3.472863885971148
Общественное питание,78,2025-06-01,CUSUM,7.249403111245601,False,1.5857606406016636
Общественное питание,79,2025-07-01,CUSUM,7.699481862393677,False,0.9500787511480754
Общественное питание,80,2025-08-01,CUSUM,7.80283080278452,False,0.6033489403908429
Общественное питание,81,2025-09-01,CUSUM,7.644275903129698,False,0.3414451003451777
Общественное питание,82,2025-10-01,CUSUM,6.917581623892726,False,-0.2266942792369712
Общественное питание,83,2025-11-01,CUSUM,4.977359738372122,False,-1.440221885520604
Общественное питание,84,2025-12-01,CUSUM,2.857994518100769,False,-1.6193652202713535
Общественное питание,85,2026-01-01,CUSUM,6.9377162250902416,False,-5.3781291192982845
Общественное питание,86,2026-02-01,CUSUM,11.131774460849414,True,-4.694058235759172
Общественное питание,87,2026-03-01,CUSUM,3.4745049280635585,False,-3.9745049280635585
Общественное питание,88,2026-04-01,CUSUM,6.843380458564477,False,-3.868875530500919
Общественное питание,89,2026-05-01,CUSUM,8.96134006568862,True,-2.6179596071241433
Общественное питание,90,2026-06-01,CUSUM,1.1800887738558878,False,-1.6800887738558878
Общественное питание,91,2026-07-01,CUSUM,2.083818819585619,False,-1.4037300457297313
Общественное питание,92,2026-08-01,CUSUM,2.2162850664591853,False,-0.6324662468735665
Продовольственные товары,36,2021-12-01,CUSUM,0.31899139950539335,False,-0.8189913995053933
Продовольственные товары,37,2022-01-01,CUSUM,1.2784515959989302,False,-1.459460196493537
Продовольственные товары,38,2022-02-01,CUSUM,1.5393814736649798,False,-0.7609298776660498
Продовольственные товары,39,2022-03-01,CUSUM,1.807669006338541,False,2.307669006338541
Продовольственные товары,40,2022-04-01,CUSUM,0.6873601444852946,False,-0.6203088618532464
Продовольственные товары,41,2022-05-01,CUSUM,0.20292099550286513,False,-0.5826121336496187
Продовольственные товары,42,2022-06-01,CUSUM,0.984509343967432,False,-1.2815883484645667
Продовольственные товары,43,2022-07-01,CUSUM,2.0872484958373065,False,-1.6027391518698746
Продовольственные товары,44,2022-08-01,CUSUM,3.6414713367747034,False,-2.054222840937397
Продовольственные товары,45,2022-09-01,CUSUM,5.788725283084807,False,-2.6472539463101032
Продовольственные товары,46,2022-10-01,CUSUM,8.560931602157684,True,-3.2722063190728767
Продовольственные товары,47,2022-11-01,CUSUM,2.360320399538308,False,-2.860320399538308
Продовольственные товары,48,2022-12-01,CUSUM,4.810810011626156,False,-2.9504896120878485
Продовольственные товары,49,2023-01-01,CUSUM,6.291003816335964,False,-1.9801938047098078
Продовольственные товары,50,2023-02-01,CUSUM,7.688079893735008,False,-1.8970760773990438
Продовольственные товары,51,2023-03-01,CUSUM,10.228094887429226,True,-3.0400149936942173
Продовольственные товары,52,2023-04-01,CUSUM,0.9164806470477422,False,-1.4164806470477422
Продовольственные товары,53,2023-05-01,CUSUM,1.3371268231133988,False,-0.9206461760656567
Продовольственные товары,54,2023-06-01,CUSUM,1.0382047305163289,False,-0.20107790740293002
Продовольственные товары,55,2023-07-01,CUSUM,0.4439473236560406,False,0.09425740686028825
Продовольственные товары,56,2023-08-01,CUSUM,0.114462793104528,False,0.614462793104528
Продовольственные товары,57,2023-09-01,CUSUM,0.30521036573032856,False,0.6907475726258006
Продовольственные товары,58,2023-10-01,CUSUM,0.44462656202584916,False,0.6394161962955206
Продовольственные товары,59,2023-11-01,CUSUM,0.7195444717892294,False,0.7749179097633802
Продовольственные товары,60,2023-12-01,CUSUM,1.1783705597739524,False,0.958826087984723
Продовольственные товары,61,2024-01-01,CUSUM,1.559483941532314,False,0.8811133817583615
Продовольственные товары,62,2024-02-01,CUSUM,2.3132693864139666,False,1.2537854448816528
Продовольственные товары,63,2024-03-01,CUSUM,2.5719916351091445,False,0.7587222486951777
Продовольственные товары,64,2024-04-01,CUSUM,2.4685491549785876,False,0.39655751986944304
Продовольственные товары,65,2024-05-01,CUSUM,2.4534657361434675,False,0.4849165811648797
Продовольственные товары,66,2024-06-01,CUSUM,2.1862614004830667,False,0.23279566433959922
Продовольственные товары,67,2024-07-01,CUSUM,1.9064970603150142,False,0.2202356598319476
Продовольственные товары,68,2024-08-01,CUSUM,1.2409749114271438,False,-0.16552214888787034
Продовольственные товары,69,2024-09-01,CUSUM,0.2663756916596288,False,-0.47459921976751496
Продовольственные товары,70,2024-10-01,CUSUM,0.06631120917078615,False,-0.5663112091707861
Продовольственные товары,71,2024-11-01,CUSUM,0.09555574010202184,False,-0.5292445309312357
Продовольственные товары,72,2024-12-01,CUSUM,0.300909818072592,False,-0.7053540779705701
Продовольственные товары,73,2025-01-01,CUSUM,0.47178243152106203,False,-0.67087261344847
Продовольственные товары,74,2025-02-01,CUSUM,1.3613619567573556,False,-1.3895795252362935
Продовольственные товары,75,2025-03-01,CUSUM,1.0916769570742693,False,-0.23031500031691365
Продовольственные товары,76,2025-04-01,CUSUM,0.6879434367367971,False,-0.0962664796625278
Продовольственные товары,77,2025-05-01,CUSUM,0.2038458277825319,False,-0.01590239104573474
Продовольственные товары,78,2025-06-01,CUSUM,0.1802234898459405,False,-0.47637766206340854
Продовольственные товары,79,2025-07-01,CUSUM,0.0,False,-7.503831867847946e-06
Продовольственные товары,80,2025-08-01,CUSUM,0.26087171718094904,False,-0.760871717180949
Продовольственные товары,81,2025-09-01,CUSUM,1.081984683403049,False,-1.3211129662221002
Продовольственные товары,82,2025-10-01,CUSUM,1.4589440107756628,False,-0.8769593273726138
Продовольственные товары,83,2025-11-01,CUSUM,3.0694530794265407,False,-2.110509068650878
Продовольственные товары,84,2025-12-01,CUSUM,4.130367511726456,False,-1.5609144322999153
Продовольственные товары,85,2026-01-01,CUSUM,5.113410881195466,False,-1.4830433694690097
Продовольственные товары,86,2026-02-01,CUSUM,6.190576695529219,False,-1.577165814333753
Продовольственные товары,87,2026-03-01,CUSUM,6.180572937007215,False,-0.4899962414779953
Продовольственные товары,88,2026-04-01,CUSUM,6.126710637590394,False,-0.4461377005831792
Продовольственные товары,89,2026-05-01,CUSUM,5.954192337244816,False,-0.327481699654422
Продовольственные товары,90,2026-06-01,CUSUM,5.217972400489562,False,0.23621993675525374
Продовольственные товары,91,2026-07-01,CUSUM,4.293207517268348,False,0.4247648832212141
Продовольственные товары,92,2026-08-01,CUSUM,2.694226713551579,False,1.098980803716769
Услуги,36,2021-12-01,CUSUM,0.6598103044123025,False,-1.1598103044123025
Услуги,37,2022-01-01,CUSUM,1.1573460056413003,False,-0.9975357012289979
Услуги,38,2022-02-01,CUSUM,1.9566595999150342,False,-1.2993135942737337
Услуги,39,2022-03-01,CUSUM,3.0076292512142597,False,-1.5509696512992253
Услуги,40,2022-04-01,CUSUM,4.3288013394558345,False,-1.821172088241575
Услуги,41,2022-05-01,CUSUM,5.281774856981384,False,-1.45297351752555
Услуги,42,2022-06-01,CUSUM,5.721134252631212,False,-0.9393593956498281
Услуги,43,2022-07-01,CUSUM,5.757737135622634,False,-0.5366028829914213
Услуги,44,2022-08-01,CUSUM,5.78280206407293,False,-0.5250649284502965
Услуги,45,2022-09-01,CUSUM,6.025795730304282,False,-0.742993666231352
Услуги,46,2022-10-01,CUSUM,6.151599996217905,False,-0.6258042659136225
Услуги,47,2022-11-01,CUSUM,6.08542330408253,False,-0.43382330786462525
Услуги,48,2022-12-01,CUSUM,5.735648307080237,False,-0.15022500299770677
Услуги,49,2023-01-01,CUSUM,5.069366689663303,False,0.16628161741693384
Услуги,50,2023-02-01,CUSUM,4.145782813829217,False,0.4235838758340863
Услуги,51,2023-03-01,CUSUM,3.1351256522015216,False,0.5106571616276951
Услуги,52,2023-04-01,CUSUM,2.052395169837224,False,0.5827304823642976
Услуги,53,2023-05-01,CUSUM,0.6251352470638494,False,0.9272599227733747
Услуги,54,2023-06-01,CUSUM,0.7138281506363966,False,0.6931805838710291
Услуги,55,2023-07-01,CUSUM,0.701992265454908,False,0.48816411481851146
Услуги,56,2023-08-01,CUSUM,0.5613819668701576,False,0.35938970141524956
Услуги,57,2023-09-01,CUSUM,0.3843413368003159,False,0.3229593699301582
Услуги,58,2023-10-01,CUSUM,0.34241135229548547,False,0.4580700154951696
Услуги,59,2023-11-01,CUSUM,0.09847265579211917,False,0.25606130349663375
Услуги,60,2023-12-01,CUSUM,0.0,False,-0.18286912944925326
Услуги,61,2024-01-01,CUSUM,0.034956700113297545,False,-0.5349567001132975
Услуги,62,2024-02-01,CUSUM,0.0,False,-0.21537003863996035
Услуги,63,2024-03-01,CUSUM,0.2733603503576243,False,-0.7733603503576243
Услуги,64,2024-04-01,CUSUM,0.02394648812855349,False,-0.2505861377709292
Услуги,65,2024-05-01,CUSUM,0.0,False,-0.08191708909145126
Услуги,66,2024-06-01,CUSUM,0.0,False,-0.09447525701553292
Услуги,67,2024-07-01,CUSUM,0.11834609090889803,False,0.618346090908898
Услуги,68,2024-08-01,CUSUM,0.0,False,0.0902820062566051
Услуги,69,2024-09-01,CUSUM,0.0,False,-0.18339510139902349
Услуги,70,2024-10-01,CUSUM,0.0,False,-0.13820576017814842
Услуги,71,2024-11-01,CUSUM,0.0,False,-0.17966233013135902
Услуги,72,2024-12-01,CUSUM,0.0,False,0.037132665233736796
Услуги,73,2025-01-01,CUSUM,0.0,False,-0.17451173336229697
Услуги,74,2025-02-01,CUSUM,0.023113639878569292,False,-0.5231136398785693
Услуги,75,2025-03-01,CUSUM,0.0,False,0.04227211507194153
Услуги,76,2025-04-01,CUSUM,0.0,False,0.4606899740883941
Услуги,77,2025-05-01,CUSUM,0.0,False,-0.4031029188160439
Услуги,78,2025-06-01,CUSUM,0.0,False,-0.18142344061205173
Услуги,79,2025-07-01,CUSUM,0.5772178201214608,False,-1.0772178201214608
Услуги,80,2025-08-01,CUSUM,0.916642994578325,False,-0.8394251744568643
Услуги,81,2025-09-01,CUSUM,0.6051141208767294,False,-0.18847112629840437
Услуги,82,2025-10-01,CUSUM,0.22450833950907545,False,-0.119394218632346
Услуги,83,2025-11-01,CUSUM,0.08559935482701397,False,-0.36109101531793847
Услуги,84,2025-12-01,CUSUM,0.0,False,-0.1195292858588627
Услуги,85,2026-01-01,CUSUM,0.0,False,-0.2903300327407127
Услуги,86,2026-02-01,CUSUM,0.0,False,-0.06377814842490098
Услуги,87,2026-03-01,CUSUM,0.0,False,0.36450763800525177
Услуги,88,2026-04-01,CUSUM,0.0,False,-0.021963905513473117
Услуги,89,2026-05-01,CUSUM,0.00011726708825121612,False,-0.5001172670882512
Услуги,90,2026-06-01,CUSUM,0.17006914515283234,False,-0.6699518780645811
Услуги,91,2026-07-01,CUSUM,0.8821766500521999,False,-1.2121075048993675
Услуги,92,2026-08-01,CUSUM,1.3318564478576407,False,-0.9496797978054408
Всего,36,2021-12-01,PageHinkley,0.0,False,-1.3382571191463946
Всего,37,2022-01-01,PageHinkley,0.03100797377546813,False,-1.6002730666973308
Всего,38,2022-02-01,PageHinkley,0.03776544162845147,False,-1.2626169304791854
Всего,39,2022-03-01,PageHinkley,0.4440458552611019,False,-0.7253418205974365
Всего,40,2022-04-01,PageHinkley,0.8928083334410394,False,-2.472632651031386
Всего,41,2022-05-01,PageHinkley,1.4893045128957758,False,-2.3156197329360304
Всего,42,2022-06-01,PageHinkley,1.64511164823841,False,-1.9175652113810338
Всего,43,2022-07-01,PageHinkley,1.5345107411550873,False,-1.6496427536574594
Всего,44,2022-08-01,PageHinkley,1.150637145046518,False,-1.3408858651186413
Всего,45,2022-09-01,PageHinkley,0.6518898368523749,False,-1.1817068965670519
Всего,46,2022-10-01,PageHinkley,1.0458274816298525,False,-0.8509269697013409
Всего,47,2022-11-01,PageHinkley,1.9459208451494394,False,-0.42312260500711346
Всего,48,2022-12-01,PageHinkley,2.5407460960671457,False,-0.6704886133658514
Всего,49,2023-01-01,PageHinkley,3.6033847698548227,False,-0.11324144635836761
Всего,50,2023-02-01,PageHinkley,4.544207799526408,False,-0.16071258835506
Всего,51,2023-03-01,PageHinkley,5.167516011998141,False,-0.4300068580567972
Всего,52,2023-04-01,PageHinkley,6.967719744477204,False,0.8656513952304747
Всего,53,2023-05-01,PageHinkley,8.854478123852328,False,1.069074182089777
Всего,54,2023-06-01,PageHinkley,10.754274671284094,False,1.1932121583370752
Всего,55,2023-07-01,PageHinkley,12.65627682441069,True,1.3007862984069873
Всего,56,2023-08-01,PageHinkley,0.0,False,1.3547295858510549
Всего,57,2023-09-01,PageHinkley,0.0,False,1.2780767556498942
Всего,58,2023-10-01,PageHinkley,0.0,False,1.1822135468795318
Всего,59,2023-11-01,PageHinkley,0.3025194286252403,False,0.7349807246265065
Всего,60,2023-12-01,PageHinkley,0.6129130037331612,False,0.6245081843668456
Всего,61,2024-01-01,PageHinkley,1.0896669562571357,False,0.34279701644599697
Всего,62,2024-02-01,PageHinkley,1.274540903865051,False,0.5871980300940706
Всего,63,2024-03-01,PageHinkley,1.672446331134536,False,0.3030372036797175
Всего,64,2024-04-01,PageHinkley,2.329902827064325,False,-0.05119592697181102
Всего,65,2024-05-01,PageHinkley,2.994257464758481,False,-0.143022361813306
Всего,66,2024-06-01,PageHinkley,3.7115513579658463,False,-0.27769100664725127
Всего,67,2024-07-01,PageHinkley,4.356339651116611,False,-0.27289343324071985
Всего,68,2024-08-01,PageHinkley,5.134439659277859,False,-0.4793801489313085
Всего,69,2024-09-01,PageHinkley,5.878783924766719,False,-0.5105739651426778
Всего,70,2024-10-01,PageHinkley,6.773385243065659,False,-0.731873969259826
Всего,71,2024-11-01,PageHinkley,7.355296650396115,False,-0.46464481878003755
Всего,72,2024-12-01,PageHinkley,7.902494934166901,False,-0.4703815879560428
Всего,73,2025-01-01,PageHinkley,8.186899184281831,False,-0.2301995690128303
Всего,74,2025-02-01,PageHinkley,8.97954921409793,False,-0.7880370170371149
Всего,75,2025-03-01,PageHinkley,9.263901001475853,False,-0.29996781603988326
Всего,76,2025-04-01,PageHinkley,9.395291116409924,False,-0.15857564934273377
Всего,77,2025-05-01,PageHinkley,9.306722832885104,False,0.06083838166495763
Всего,78,2025-06-01,PageHinkley,9.366067185959622,False,-0.094317180074132
Всего,79,2025-07-01,PageHinkley,9.224512902697725,False,0.10838816423019311
Всего,80,2025-08-01,PageHinkley,9.135098165729714,False,0.05580756530997409
Всего,81,2025-09-01,PageHinkley,9.55855727085968,False,-0.4780046409932022
Всего,82,2025-10-01,PageHinkley,8.750530143077848,False,0.7807134045255893
Всего,83,2025-11-01,PageHinkley,9.640079297336476,False,-0.9535128461911153
Всего,84,2025-12-01,PageHinkley,9.863676794961318,False,-0.29911824304393164
Всего,85,2026-01-01,PageHinkley,11.467812308660399,False,-1.7384195526940003
Всего,86,2026-02-01,PageHinkley,12.711450387908565,True,-1.4227100542180255
Всего,87,2026-03-01,PageHinkley,0.0,False,0.2619515388722913
Всего,88,2026-04-01,PageHinkley,0.0,False,0.21803331020374697
Всего,89,2026-05-01,PageHinkley,0.07679670046091805,False,0.5051874752293962
Всего,90,2026-06-01,PageHinkley,0.22913881956254845,False,0.664846933570652
Всего,91,2026-07-01,PageHinkley,0.13157606045753323,False,0.12303473889710512
Всего,92,2026-08-01,PageHinkley,0.05079588415504732,False,0.33154701091762145
Непродовольственные товары,36,2021-12-01,PageHinkley,0.0,False,-0.989390298724662
Непродовольственные товары,37,2022-01-01,PageHinkley,0.0,False,-1.0376807809208486
Непродовольственные товары,38,2022-02-01,PageHinkley,0.22083427392299046,False,-0.5322841289382695
Непродовольственные товары,39,2022-03-01,PageHinkley,0.4771037632461244,False,-0.37809241709708125
Непродовольственные товары,40,2022-04-01,PageHinkley,1.9986919576057152,False,-3.3577268534273594
Непродовольственные товары,41,2022-05-01,PageHinkley,3.1932232863089833,False,-2.812472490265566
Непродовольственные товары,42,2022-06-01,PageHinkley,3.6316975936569715,False,-2.146161186801617
Непродовольственные товары,43,2022-07-01,PageHinkley,3.7595170051789646,False,-1.8680519211930495
Непродовольственные товары,44,2022-08-01,PageHinkley,3.5213576377052807,False,-1.484803221263162
Непродовольственные товары,45,2022-09-01,PageHinkley,2.9618416024363627,False,-1.1123892162158258
Непродовольственные товары,46,2022-10-01,PageHinkley,2.21184747249914,False,-0.8569117085537993
Непродовольственные товары,47,2022-11-01,PageHinkley,1.8157751779035505,False,-0.4507905891560486
Непродовольственные товары,48,2022-12-01,PageHinkley,2.2916189294755362,False,-0.7950655035101232
Непродовольственные товары,49,2023-01-01,PageHinkley,3.5167019787857665,False,0.05610325955967802
Непродовольственные товары,50,2023-02-01,PageHinkley,4.4875745439579715,False,-0.12161632706604732
Непродовольственные товары,51,2023-03-01,PageHinkley,5.3321958814519945,False,-0.184892798911294
Непродовольственные товары,52,2023-04-01,PageHinkley,8.614246493210352,False,2.463914638587938
Непродовольственные товары,53,2023-05-01,PageHinkley,11.889470209234226,False,2.6556303143842697
Непродовольственные товары,54,2023-06-01,PageHinkley,15.119533372757,True,2.7954732709677685
Непродовольственные товары,55,2023-07-01,PageHinkley,0.0,False,3.034420787993534
Непродовольственные товары,56,2023-08-01,PageHinkley,0.18368984246563977,False,2.4670411030622543
Непродовольственные товары,57,2023-09-01,PageHinkley,0.669753246790198,False,1.8716358390410563
Непродовольственные товары,58,2023-10-01,PageHinkley,1.2168817530546696,False,1.5948612350129858
Непродовольственные товары,59,2023-11-01,PageHinkley,2.2089842381813862,False,0.8768616348690618
Непродовольственные товары,60,2023-12-01,PageHinkley,3.263390718992088,False,0.5836763430229361
Непродовольственные товары,61,2024-01-01,PageHinkley,4.409994006583235,False,0.28371232164396604
Непродовольственные товары,62,2024-02-01,PageHinkley,5.344931007351983,False,0.3475304654994013
Непродовольственные товары,63,2024-03-01,PageHinkley,6.253246613078409,False,0.24811240982591962
Непродовольственные товары,64,2024-04-01,PageHinkley,7.406696002599993,False,-0.13629352836052458
Непродовольственные товары,65,2024-05-01,PageHinkley,8.54020616225593,False,-0.23970531446047225
Непродовольственные товары,66,2024-06-01,PageHinkley,9.669867155426587,False,-0.3476435109907056
Непродовольственные товары,67,2024-07-01,PageHinkley,10.82779159729699,False,-0.48073399651298493
Непродовольственные товары,68,2024-08-01,PageHinkley,12.163986642872471,True,-0.7694811421854086
Непродовольственные товары,69,2024-09-01,PageHinkley,0.0,False,-0.5322262401631899
Непродовольственные товары,70,2024-10-01,PageHinkley,0.021494719277067004,False,-0.7752156787173239
Непродовольственные товары,71,2024-11-01,PageHinkley,0.032927799455218676,False,-0.454329260257429
Непродовольственные товары,72,2024-12-01,PageHinkley,0.07584099183047818,False,-0.39670613654563497
Непродовольственные товары,73,2025-01-01,PageHinkley,0.0667852221478768,False,-0.42593904102414615
Непродовольственные товары,74,2025-02-01,PageHinkley,0.10865348489253379,False,-0.7672674532125853
Непродовольственные товары,75,2025-03-01,PageHinkley,0.0,False,-0.5435927166153541
Непродовольственные товары,76,2025-04-01,PageHinkley,0.0,False,-0.4826309803284556
Непродовольственные товары,77,2025-05-01,PageHinkley,0.2893545557865912,False,-0.10921456309809977
Непродовольственные товары,78,2025-06-01,PageHinkley,0.7673762949261917,False,0.14367725793708744
Непродовольственные товары,79,2025-07-01,PageHinkley,1.4747184056421931,False,0.4537318405850884
Непродовольственные товары,80,2025-08-01,PageHinkley,2.551344689352387,False,0.9299820393711165
Непродовольственные товары,81,2025-09-01,PageHinkley,3.106472577741814,False,0.463077634749469
Непродовольственные товары,82,2025-10-01,PageHinkley,5.419670896066439,False,2.4067787045557925
Непродовольственные товары,83,2025-11-01,PageHinkley,6.223993289720388,False,0.9624972365746837
Непродовольственные товары,84,2025-12-01,PageHinkley,7.516503279286244,False,1.5435188317909811
Непродовольственные товары,85,2026-01-01,PageHinkley,6.8676534365687765,False,-0.43214411566218475
Непродовольственные товары,86,2026-02-01,PageHinkley,6.731027896326523,False,0.07792574326936783
Непродовольственные товары,87,2026-03-01,PageHinkley,8.543838763904628,False,2.1336294215107308
Непродовольственные товары,88,2026-04-01,PageHinkley,10.315147237956364,False,2.1906169476712978
Непродовольственные товары,89,2026-05-01,PageHinkley,12.576895477121425,True,2.799144124742876
Непродовольственные товары,90,2026-06-01,PageHinkley,0.0,False,2.3361225098382112
Непродовольственные товары,91,2026-07-01,PageHinkley,0.3445545596402281,False,1.4470133905577551
Непродовольственные товары,92,2026-08-01,PageHinkley,0.6986918404581828,False,1.210362028971051
Общественное питание,36,2021-12-01,PageHinkley,0.0,False,-0.8021767742402441
Общественное питание,37,2022-01-01,PageHinkley,0.004715021929437374,False,-1.011606818099119
Общественное питание,38,2022-02-01,PageHinkley,0.0,False,-1.0413491991225905
Общественное питание,39,2022-03-01,PageHinkley,0.11579851280236894,False,-1.2394422808904764
Общественное питание,40,2022-04-01,PageHinkley,0.20532439024650156,False,-1.260551114893273
Общественное питание,41,2022-05-01,PageHinkley,0.014009862132632556,False,-0.9342134028899813
Общественное питание,42,2022-06-01,PageHinkley,0.4040102890267854,False,-0.47655610031276907
Общественное питание,43,2022-07-01,PageHinkley,0.9704076376377231,False,-0.20495955736585028
Общественное питание,44,2022-08-01,PageHinkley,1.5262078734559763,False,-0.13358164068125297
Общественное питание,45,2022-09-01,PageHinkley,2.143132026079365,False,0.007200515304258695
Общественное питание,46,2022-10-01,PageHinkley,2.818470240194123,False,0.14314839820710365
Общественное питание,47,2022-11-01,PageHinkley,3.7117375579439,False,0.4513745307284666
Общественное питание,48,2022-12-01,PageHinkley,4.05064629730563,False,-0.06640831937943568
Общественное питание,49,2023-01-01,PageHinkley,4.661167008725032,False,0.2598590920181898
Общественное питание,50,2023-02-01,PageHinkley,5.018685564091363,False,0.03953683277699843
Общественное питание,51,2023-03-01,PageHinkley,5.633305230748149,False,0.3442792551779066
Общественное питание,52,2023-04-01,PageHinkley,6.020717221081475,False,0.14753482825027991
Общественное питание,53,2023-05-01,PageHinkley,6.53239405692322,False,0.3077806641023304
Общественное питание,54,2023-06-01,PageHinkley,6.504423640984532,False,-0.22786494411914052
Общественное питание,55,2023-07-01,PageHinkley,6.162783683472826,False,-0.5542523781927751
Общественное питание,56,2023-08-01,PageHinkley,4.969288792898636,False,-1.4607820557839681
Общественное питание,57,2023-09-01,PageHinkley,3.6520025943225836,False,-1.6425393732418334
Общественное питание,58,2023-10-01,PageHinkley,3.356202040946752,False,-0.6299537531950592
Общественное питание,59,2023-11-01,PageHinkley,3.2463257099590117,False,-0.44445893650208673
Общественное питание,60,2023-12-01,PageHinkley,3.7191264382331854,False,0.16208481977125108
Общественное питание,61,2024-01-01,PageHinkley,3.7738346239943437,False,-0.24981939531131828
Общественное питание,62,2024-02-01,PageHinkley,4.899305882840361,False,0.8680771877291571
Общественное питание,63,2024-03-01,PageHinkley,5.2094100346934145,False,0.06789912339741776
Общественное питание,64,2024-04-01,PageHinkley,5.884884028159253,False,0.4609644647768393
Общественное питание,65,2024-05-01,PageHinkley,6.24428616838935,False,0.16073406465248066
Общественное питание,66,2024-06-01,PageHinkley,7.221278950829977,False,0.8142244662776981
Общественное питание,67,2024-07-01,PageHinkley,8.42391658592771,False,1.0818898878089234
Общественное питание,68,2024-08-01,PageHinkley,9.831363141065685,False,1.3338065126972294
Общественное питание,69,2024-09-01,PageHinkley,9.718067998757705,False,-0.18733806784896878
Общественное питание,70,2024-10-01,PageHinkley,9.485087774405915,False,-0.31093433296194944
Общественное питание,71,2024-11-01,PageHinkley,9.508231475287944,False,-0.051292016274357456
Общественное питание,72,2024-12-01,PageHinkley,9.678178470154236,False,0.10300980534508083
Общественное питание,73,2025-01-01,PageHinkley,14.392903198252316,True,4.77791523393087
Общественное питание,74,2025-02-01,PageHinkley,0.0,False,3.1898075504216727
Общественное питание,75,2025-03-01,PageHinkley,0.16382860250703155,False,3.7174647554357354
Общественное питание,76,2025-04-01,PageHinkley,0.22192355700308858,False,3.6907785846727896
Общественное питание,77,2025-05-01,PageHinkley,0.0770587488489001,False,3.472863885971148
Общественное питание,78,2025-06-01,PageHinkley,1.4455744428189383,False,1.5857606406016636
Общественное питание,79,2025-07-01,PageHinkley,3.163288053046044,False,0.9500787511480754
Общественное питание,80,2025-08-01,PageHinkley,4.918525271032619,False,0.6033489403908429
Общественное питание,81,2025-09-01,PageHinkley,6.671023696810829,False,0.3414451003451777
Общественное питание,82,2025-10-01,PageHinkley,8.722701746020038,False,-0.2266942792369712
Общественное питание,83,2025-11-01,PageHinkley,11.651386835963594,False,-1.440221885520604
Общественное питание,84,2025-12-01,PageHinkley,14.4675944947766,True,-1.6193652202713535
Общественное питание,85,2026-01-01,PageHinkley,0.0,False,-5.3781291192982845
Общественное питание,86,2026-02-01,PageHinkley,0.24203544176955613,False,-4.694058235759172
Общественное питание,87,2026-03-01,PageHinkley,0.8497612747463364,False,-3.9745049280635585
Общественное питание,88,2026-04-01,PageHinkley,1.3597776976509013,False,-3.868875530500919
Общественное питание,89,2026-05-01,PageHinkley,2.7485235746759735,False,-2.6179596071241433
Общественное питание,90,2026-06-01,PageHinkley,4.670704166587079,False,-1.6800887738558878
Общественное питание,91,2026-07-01,PageHinkley,6.540880726619019,False,-1.4037300457297313
Общественное питание,92,2026-08-01,PageHinkley,8.839641040646109,False,-0.6324662468735665
Продовольственные товары,36,2021-12-01,PageHinkley,0.0,False,-0.8189913995053933
Продовольственные товары,37,2022-01-01,PageHinkley,0.22023439849407186,False,-1.459460196493537
Продовольственные товары,38,2022-02-01,PageHinkley,0.15219728022227696,False,-0.7609298776660498
Продовольственные товары,39,2022-03-01,PageHinkley,2.5427944033924277,False,2.307669006338541
Продовольственные товары,40,2022-04-01,PageHinkley,2.0928898073751183,False,-0.6203088618532464
Продовольственные товары,41,2022-05-01,PageHinkley,1.7327165841970502,False,-0.5826121336496187
Продовольственные товары,42,2022-06-01,PageHinkley,1.1322059089036767,False,-1.2815883484645667
Продовольственные товары,43,2022-07-01,PageHinkley,2.032574940378083,False,-1.6027391518698746
Продовольственные товары,44,2022-08-01,PageHinkley,3.2231106919709083,False,-2.054222840937397
Продовольственные товары,45,2022-09-01,PageHinkley,4.818320863239887,False,-2.6472539463101032
Продовольственные товары,46,2022-10-01,PageHinkley,6.8275595396323885,False,-3.2722063190728767
Продовольственные товары,47,2022-11-01,PageHinkley,8.283466233418828,False,-2.860320399538308
Продовольственные товары,48,2022-12-01,PageHinkley,9.7029209161905,False,-2.9504896120878485
Продовольственные товары,49,2023-01-01,PageHinkley,10.112854157627446,False,-1.9801938047098078
Продовольственные товары,50,2023-02-01,PageHinkley,10.411215304145212,False,-1.8970760773990438
Продовольственные товары,51,2023-03-01,PageHinkley,11.756184113032347,False,-3.0400149936942173
Продовольственные товары,52,2023-04-01,PageHinkley,11.488122430435318,False,-1.4164806470477422
Продовольственные товары,53,2023-05-01,PageHinkley,10.761109396499489,False,-0.9206461760656567
Продовольственные товары,54,2023-06-01,PageHinkley,9.3854007940377,False,-0.20107790740293002
Продовольственные товары,55,2023-07-01,PageHinkley,7.792909073148942,False,0.09425740686028825
Продовольственные товары,56,2023-08-01,PageHinkley,5.7760546854032295,False,0.614462793104528
Продовольственные товары,57,2023-09-01,PageHinkley,6.782671360020329,False,0.6907475726258006
Продовольственные товары,58,2023-10-01,PageHinkley,8.453394500600352,False,0.6394161962955206
Продовольственные товары,59,2023-11-01,PageHinkley,10.180193319062905,False,0.7749179097633802
Продовольственные товары,60,2023-12-01,PageHinkley,12.010472035879445,True,0.958826087984723
Продовольственные товары,61,2024-01-01,PageHinkley,0.0,False,0.8811133817583615
Продовольственные товары,62,2024-02-01,PageHinkley,0.08633603156164557,False,1.2537854448816528
Продовольственные товары,63,2024-03-01,PageHinkley,0.10581810974988637,False,0.7587222486951777
Продовольственные товары,64,2024-04-01,PageHinkley,0.43180523868160203,False,0.39655751986944304
Продовольственные товары,65,2024-05-01,PageHinkley,0.6019076927906253,False,0.4849165811648797
Продовольственные товары,66,2024-06-01,PageHinkley,0.9370938352358784,False,0.23279566433959922
Продовольственные товары,67,2024-07-01,PageHinkley,1.2208762469097967,False,0.2202356598319476
Продовольственные товары,68,2024-08-01,PageHinkley,1.794223939754316,False,-0.16552214888787034
Продовольственные товары,69,2024-09-01,PageHinkley,2.567490396398017,False,-0.47459921976751496
Продовольственные товары,70,2024-10-01,PageHinkley,3.3359709978402927,False,-0.5663112091707861
Продовольственные товары,71,2024-11-01,PageHinkley,3.9918018371154966,False,-0.5292445309312357
Продовольственные товары,72,2024-12-01,PageHinkley,4.746080524570491,False,-0.7053540779705701
Продовольственные товары,73,2025-01-01,PageHinkley,5.402816422662393,False,-0.67087261344847
Продовольственные товары,74,2025-02-01,PageHinkley,6.672870460407852,False,-1.3895795252362935
Продовольственные товары,75,2025-03-01,PageHinkley,6.7696073390455265,False,-0.23031500031691365
Продовольственные товары,76,2025-04-01,PageHinkley,6.728377674654859,False,-0.0962664796625278
Продовольственные товары,77,2025-05-01,PageHinkley,6.608054142412543,False,-0.01590239104573474
Продовольственные товары,78,2025-06-01,PageHinkley,6.923753006811492,False,-0.47637766206340854
Продовольственные товары,79,2025-07-01,PageHinkley,6.76627493897009,False,-7.503831867847946e-06
Продовольственные товары,80,2025-08-01,PageHinkley,7.334491777202385,False,-0.760871717180949
Продовольственные товары,81,2025-09-01,PageHinkley,8.404451860319952,False,-1.3211129662221002
Продовольственные товары,82,2025-10-01,PageHinkley,8.997267102575847,False,-0.8769593273726138
Продовольственные товары,83,2025-11-01,PageHinkley,10.739877086825913,False,-2.110509068650878
Продовольственные товары,84,2025-12-01,PageHinkley,11.879016795229221,False,-1.5609144322999153
Продовольственные товары,85,2026-01-01,PageHinkley,12.893834694978727,True,-1.4830433694690097
Продовольственные товары,86,2026-02-01,PageHinkley,0.0,False,-1.577165814333753
Продовольственные товары,87,2026-03-01,PageHinkley,0.4435847864278789,False,-0.4899962414779953
Продовольственные товары,88,2026-04-01,PageHinkley,0.7352136713096755,False,-0.4461377005831792
Продовольственные товары,89,2026-05-01,PageHinkley,1.017927335667591,False,-0.327481699654422
Продовольственные товары,90,2026-06-01,PageHinkley,1.675059576281664,False,0.23621993675525374
Продовольственные товары,91,2026-07-01,PageHinkley,2.3631238988483583,False,0.4247648832212141
Продовольственные товары,92,2026-08-01,PageHinkley,3.516506964330286,False,1.098980803716769
Услуги,36,2021-12-01,PageHinkley,0.0,False,-1.1598103044123025
Услуги,37,2022-01-01,PageHinkley,0.0,False,-0.9975357012289979
Услуги,38,2022-02-01,PageHinkley,0.047093727635388966,False,-1.2993135942737337
Услуги,39,2022-03-01,PageHinkley,0.2461560661310493,False,-1.5509696512992253
Услуги,40,2022-04-01,PageHinkley,0.6015678864814573,False,-1.821172088241575
Услуги,41,2022-05-01,PageHinkley,0.5742455945101101,False,-1.45297351752555
Услуги,42,2022-06-01,PageHinkley,0.2779454975832021,False,-0.9393593956498281
Услуги,43,2022-07-01,PageHinkley,0.86105975654461,False,-0.5366028829914213
Услуги,44,2022-08-01,PageHinkley,1.3785283907690835,False,-0.5250649284502965
Услуги,45,2022-09-01,PageHinkley,1.6381142975681602,False,-0.742993666231352
Услуги,46,2022-10-01,PageHinkley,1.9715463949470746,False,-0.6258042659136225
Услуги,47,2022-11-01,PageHinkley,2.444841695755994,False,-0.43382330786462525
Услуги,48,2022-12-01,PageHinkley,3.135820408687536,False,-0.15022500299770677
Услуги,49,2023-01-01,PageHinkley,4.064199646794706,False,0.16628161741693384
Услуги,50,2023-02-01,PageHinkley,5.16416904355074,False,0.4235838758340863
Услуги,51,2023-03-01,PageHinkley,6.27077155844103,False,0.5106571616276951
Услуги,52,2023-04-01,PageHinkley,7.374231168442812,False,0.5827304823642976
Услуги,53,2023-05-01,PageHinkley,8.736220827164178,False,0.9272599227733747
Услуги,54,2023-06-01,PageHinkley,9.799504288045355,False,0.6931805838710291
Услуги,55,2023-07-01,PageHinkley,10.60985793028258,False,0.48816411481851146
Услуги,56,2023-08-01,PageHinkley,11.254219100600643,False,0.35938970141524956
Услуги,57,2023-09-01,PageHinkley,11.829971264941204,False,0.3229593699301582
Услуги,58,2023-10-01,PageHinkley,12.505579170068277,True,0.4580700154951696
Услуги,59,2023-11-01,PageHinkley,0.0,False,0.25606130349663375
Услуги,60,2023-12-01,PageHinkley,0.1194652164729435,False,-0.18286912944925326
Услуги,61,2024-01-01,PageHinkley,0.400500407897602,False,-0.5349567001132975
Услуги,62,2024-02-01,PageHinkley,0.346586805361093,False,-0.21537003863996035
Услуги,63,2024-03-01,PageHinkley,0.729848172706017,False,-0.7733603503576243
Услуги,64,2024-04-01,PageHinkley,0.5969208016712078,False,-0.2505861377709292
Услуги,65,2024-05-01,PageHinkley,0.324123870487533,False,-0.08191708909145126
Услуги,66,2024-06-01,PageHinkley,0.11300584903581856,False,-0.09447525701553292
Услуги,67,2024-07-01,PageHinkley,0.7712549741705518,False,0.618346090908898
Услуги,68,2024-08-01,PageHinkley,0.878421510604748,False,0.0902820062566051
Услуги,69,2024-09-01,PageHinkley,0.7179573549489005,False,-0.18339510139902349
Услуги,70,2024-10-01,PageHinkley,0.6039554417168425,False,-0.13820576017814842
Услуги,71,2024-11-01,PageHinkley,0.45276299569967127,False,-0.17966233013135902
Услуги,72,2024-12-01,PageHinkley,0.5065367915227441,False,0.037132665233736796
Услуги,73,2025-01-01,PageHinkley,0.3525242289346473,False,-0.17451173336229697
Услуги,74,2025-02-01,PageHinkley,0.27745106478534587,False,-0.5231136398785693
Услуги,75,2025-03-01,PageHinkley,0.07687970839074332,False,0.04227211507194153
Услуги,76,2025-04-01,PageHinkley,0.5391051887197618,False,0.4606899740883941
Услуги,77,2025-05-01,PageHinkley,0.18569544349250267,False,-0.4031029188160439
Услуги,78,2025-06-01,PageHinkley,0.14651061051658765,False,-0.18142344061205173
Услуги,79,2025-07-01,PageHinkley,0.9575673215008678,False,-1.0772178201214608
Услуги,80,2025-08-01,PageHinkley,1.5002284747605659,False,-0.8394251744568643
Услуги,81,2025-09-01,PageHinkley,1.3922961405095762,False,-0.18847112629840437
Услуги,82,2025-10-01,PageHinkley,1.2184956170057386,False,-0.119394218632346
Услуги,83,2025-11-01,PageHinkley,1.2796760392602233,False,-0.36109101531793847
Услуги,84,2025-12-01,PageHinkley,1.1023863207942703,False,-0.1195292858588627
Услуги,85,2026-01-01,PageHinkley,1.0924339777873562,False,-0.2903300327407127
Услуги,86,2026-02-01,PageHinkley,0.860804901440442,False,-0.06377814842490098
Услуги,87,2026-03-01,PageHinkley,0.4722365300627027,False,0.36450763800525177
Услуги,88,2026-04-01,PageHinkley,0.5212345765865312,False,-0.021963905513473117
Услуги,89,2026-05-01,PageHinkley,0.21853740166220925,False,-0.5001172670882512
Услуги,90,2026-06-01,PageHinkley,0.5916477889057943,False,-0.6699518780645811
Услуги,91,2026-07-01,PageHinkley,1.476148166193912,False,-1.2121075048993675
Услуги,92,2026-08-01,PageHinkley,2.076983404911803,False,-0.9496797978054408
Всего,36,2021-12-01,BOCPD,1.0,False,-1.3382571191463946
Всего,37,2022-01-01,BOCPD,1.0,False,-1.6002730666973308
Всего,38,2022-02-01,BOCPD,0.08196282858361692,False,-1.2626169304791854
Всего,39,2022-03-01,BOCPD,0.0632918752386146,False,-0.7253418205974365
Всего,40,2022-04-01,BOCPD,0.05231888388336063,False,-2.472632651031386
Всего,41,2022-05-01,BOCPD,0.04925322290745623,False,-2.3156197329360304
Всего,42,2022-06-01,BOCPD,0.04096028048440521,False,-1.9175652113810338
Всего,43,2022-07-01,BOCPD,0.029306010610522414,False,-1.6496427536574594
Всего,44,2022-08-01,BOCPD,0.03092468842487768,False,-1.3408858651186413
Всего,45,2022-09-01,BOCPD,0.03530342358088381,False,-1.1817068965670519
Всего,46,2022-10-01,BOCPD,0.05032609438330856,False,-0.8509269697013409
Всего,47,2022-11-01,BOCPD,0.09728431769267194,False,-0.42312260500711346
Всего,48,2022-12-01,BOCPD,0.09917332490492473,False,-0.6704886133658514
Всего,49,2023-01-01,BOCPD,0.16036938799055311,False,-0.11324144635836761
Всего,50,2023-02-01,BOCPD,0.16048969409156857,False,-0.16071258835506
Всего,51,2023-03-01,BOCPD,0.11910381779998747,False,-0.4300068580567972
Всего,52,2023-04-01,BOCPD,0.19667307135563403,False,0.8656513952304747
Всего,53,2023-05-01,BOCPD,0.2670386169833706,False,1.069074182089777
Всего,54,2023-06-01,BOCPD,0.3068999831479834,False,1.1932121583370752
Всего,55,2023-07-01,BOCPD,0.1392961945337426,False,1.3007862984069873
Всего,56,2023-08-01,BOCPD,0.08339341321097014,False,1.3547295858510549
Всего,57,2023-09-01,BOCPD,0.057137469493371375,False,1.2780767556498942
Всего,58,2023-10-01,BOCPD,0.043528000173212754,False,1.1822135468795318
Всего,59,2023-11-01,BOCPD,0.042317732343817596,False,0.7349807246265065
Всего,60,2023-12-01,BOCPD,0.04516853665654331,False,0.6245081843668456
Всего,61,2024-01-01,BOCPD,0.05903568198545266,False,0.34279701644599697
Всего,62,2024-02-01,BOCPD,0.05087804152439731,False,0.5871980300940706
Всего,63,2024-03-01,BOCPD,0.057375214719422155,False,0.3030372036797175
Всего,64,2024-04-01,BOCPD,0.08657641982182034,False,-0.05119592697181102
Всего,65,2024-05-01,BOCPD,0.11764627605225908,False,-0.143022361813306
Всего,66,2024-06-01,BOCPD,0.13910676341733583,False,-0.27769100664725127
Всего,67,2024-07-01,BOCPD,0.1202404263384955,False,-0.27289343324071985
Всего,68,2024-08-01,BOCPD,0.11230744350751437,False,-0.4793801489313085
Всего,69,2024-09-01,BOCPD,0.09354330196868171,False,-0.5105739651426778
Всего,70,2024-10-01,BOCPD,0.086485914572558,False,-0.731873969259826
Всего,71,2024-11-01,BOCPD,0.06127317830651197,False,-0.46464481878003755
Всего,72,2024-12-01,BOCPD,0.047520010683718146,False,-0.4703815879560428
Всего,73,2025-01-01,BOCPD,0.03936157573526071,False,-0.2301995690128303
Всего,74,2025-02-01,BOCPD,0.0419497064055974,False,-0.7880370170371149
Всего,75,2025-03-01,BOCPD,0.03593666214696736,False,-0.29996781603988326
Всего,76,2025-04-01,BOCPD,0.034004384672288036,False,-0.15857564934273377
Всего,77,2025-05-01,BOCPD,0.03861157250977994,False,0.06083838166495763
Всего,78,2025-06-01,BOCPD,0.03503296696946772,False,-0.094317180074132
Всего,79,2025-07-01,BOCPD,0.03864883824128378,False,0.10838816423019311
Всего,80,2025-08-01,BOCPD,0.03671694044040534,False,0.05580756530997409
Всего,81,2025-09-01,BOCPD,0.03061530841623182,False,-0.4780046409932022
Всего,82,2025-10-01,BOCPD,0.11605210281886481,False,0.7807134045255893
Всего,83,2025-11-01,BOCPD,0.09906646246486857,False,-0.9535128461911153
Всего,84,2025-12-01,BOCPD,0.05546643431077425,False,-0.29911824304393164
Всего,85,2026-01-01,BOCPD,0.2741002969127988,False,-1.7384195526940003
Всего,86,2026-02-01,BOCPD,0.3229626951162312,False,-1.4227100542180255
Всего,87,2026-03-01,BOCPD,0.18389927629227784,False,0.2619515388722913
Всего,88,2026-04-01,BOCPD,0.08833979501025539,False,0.21803331020374697
Всего,89,2026-05-01,BOCPD,0.12178225672904919,False,0.5051874752293962
Всего,90,2026-06-01,BOCPD,0.13884182043335574,False,0.664846933570652
Всего,91,2026-07-01,BOCPD,0.09104944995429715,False,0.12303473889710512
Всего,92,2026-08-01,BOCPD,0.07076568534603417,False,0.33154701091762145
Непродовольственные товары,36,2021-12-01,BOCPD,1.0,False,-0.989390298724662
Непродовольственные товары,37,2022-01-01,BOCPD,1.0,False,-1.0376807809208486
Непродовольственные товары,38,2022-02-01,BOCPD,0.09161202396821497,False,-0.5322841289382695
Непродовольственные товары,39,2022-03-01,BOCPD,0.07221255931056089,False,-0.37809241709708125
Непродовольственные товары,40,2022-04-01,BOCPD,0.1796074479127609,False,-3.3577268534273594
Непродовольственные товары,41,2022-05-01,BOCPD,0.2262048114301483,False,-2.812472490265566
Непродовольственные товары,42,2022-06-01,BOCPD,0.19021963403384873,False,-2.146161186801617
Непродовольственные товары,43,2022-07-01,BOCPD,0.04123193740488254,False,-1.8680519211930495
Непродовольственные товары,44,2022-08-01,BOCPD,0.04257024138762834,False,-1.484803221263162
Непродовольственные товары,45,2022-09-01,BOCPD,0.05442301602959342,False,-1.1123892162158258
Непродовольственные товары,46,2022-10-01,BOCPD,0.07310336844609246,False,-0.8569117085537993
Непродовольственные товары,47,2022-11-01,BOCPD,0.11273130439805298,False,-0.4507905891560486
Непродовольственные товары,48,2022-12-01,BOCPD,0.10163941028864637,False,-0.7950655035101232
Непродовольственные товары,49,2023-01-01,BOCPD,0.15879973447288231,False,0.05610325955967802
Непродовольственные товары,50,2023-02-01,BOCPD,0.16021396429397985,False,-0.12161632706604732
Непродовольственные товары,51,2023-03-01,BOCPD,0.14351070068353722,False,-0.184892798911294
Непродовольственные товары,52,2023-04-01,BOCPD,0.5103863336322851,True,2.463914638587938
Непродовольственные товары,53,2023-05-01,BOCPD,0.703662270192113,False,2.6556303143842697
Непродовольственные товары,54,2023-06-01,BOCPD,0.6952355185775569,False,2.7954732709677685
Непродовольственные товары,55,2023-07-01,BOCPD,0.04515745740586062,False,3.034420787993534
Непродовольственные товары,56,2023-08-01,BOCPD,0.0242208774248153,False,2.4670411030622543
Непродовольственные товары,57,2023-09-01,BOCPD,0.027187365251692124,False,1.8716358390410563
Непродовольственные товары,58,2023-10-01,BOCPD,0.03754586711801791,False,1.5948612350129858
Непродовольственные товары,59,2023-11-01,BOCPD,0.09066834195626673,False,0.8768616348690618
Непродовольственные товары,60,2023-12-01,BOCPD,0.1792788290070464,False,0.5836763430229361
Непродовольственные товары,61,2024-01-01,BOCPD,0.29337278902656494,False,0.28371232164396604
Непродовольственные товары,62,2024-02-01,BOCPD,0.23363109317759617,False,0.3475304654994013
Непродовольственные товары,63,2024-03-01,BOCPD,0.14725771837568666,False,0.24811240982591962
Непродовольственные товары,64,2024-04-01,BOCPD,0.10746812976276332,False,-0.13629352836052458
Непродовольственные товары,65,2024-05-01,BOCPD,0.09338854548614908,False,-0.23970531446047225
Непродовольственные товары,66,2024-06-01,BOCPD,0.08604008172690514,False,-0.3476435109907056
Непродовольственные товары,67,2024-07-01,BOCPD,0.08015830364360124,False,-0.48073399651298493
Непродовольственные товары,68,2024-08-01,BOCPD,0.09146416795297806,False,-0.7694811421854086
Непродовольственные товары,69,2024-09-01,BOCPD,0.07483083492951101,False,-0.5322262401631899
Непродовольственные товары,70,2024-10-01,BOCPD,0.07082998209226235,False,-0.7752156787173239
Непродовольственные товары,71,2024-11-01,BOCPD,0.05210305408628557,False,-0.454329260257429
Непродовольственные товары,72,2024-12-01,BOCPD,0.04338565862918693,False,-0.39670613654563497
Непродовольственные товары,73,2025-01-01,BOCPD,0.03822057403869044,False,-0.42593904102414615
Непродовольственные товары,74,2025-02-01,BOCPD,0.04137834401829433,False,-0.7672674532125853
Непродовольственные товары,75,2025-03-01,BOCPD,0.0371200788040569,False,-0.5435927166153541
Непродовольственные товары,76,2025-04-01,BOCPD,0.03313575124674738,False,-0.4826309803284556
Непродовольственные товары,77,2025-05-01,BOCPD,0.03376894732590491,False,-0.10921456309809977
Непродовольственные товары,78,2025-06-01,BOCPD,0.0441605705452463,False,0.14367725793708744
Непродовольственные товары,79,2025-07-01,BOCPD,0.07833542924506517,False,0.4537318405850884
Непродовольственные товары,80,2025-08-01,BOCPD,0.22305949586553703,False,0.9299820393711165
Непродовольственные товары,81,2025-09-01,BOCPD,0.17613337938155565,False,0.463077634749469
Непродовольственные товары,82,2025-10-01,BOCPD,0.4885621042434319,False,2.4067787045557925
Непродовольственные товары,83,2025-11-01,BOCPD,0.22858111484211185,False,0.9624972365746837
Непродовольственные товары,84,2025-12-01,BOCPD,0.15709391810344167,False,1.5435188317909811
Непродовольственные товары,85,2026-01-01,BOCPD,0.11443087492217577,False,-0.43214411566218475
Непродовольственные товары,86,2026-02-01,BOCPD,0.13379957817582055,False,0.07792574326936783
Непродовольственные товары,87,2026-03-01,BOCPD,0.07367504431517764,False,2.1336294215107308
Непродовольственные товары,88,2026-04-01,BOCPD,0.0756508742995034,False,2.1906169476712978
Непродовольственные товары,89,2026-05-01,BOCPD,0.1129676920988756,False,2.799144124742876
Непродовольственные товары,90,2026-06-01,BOCPD,0.07087724585603905,False,2.3361225098382112
Непродовольственные товары,91,2026-07-01,BOCPD,0.047590954119596414,False,1.4470133905577551
Непродовольственные товары,92,2026-08-01,BOCPD,0.04626162169324156,False,1.210362028971051
Общественное питание,36,2021-12-01,BOCPD,1.0,False,-0.8021767742402441
Общественное питание,37,2022-01-01,BOCPD,0.9999999999999999,False,-1.011606818099119
Общественное питание,38,2022-02-01,BOCPD,0.08810915846296605,False,-1.0413491991225905
Общественное питание,39,2022-03-01,BOCPD,0.06057553168734474,False,-1.2394422808904764
Общественное питание,40,2022-04-01,BOCPD,0.047755283668450374,False,-1.260551114893273
Общественное питание,41,2022-05-01,BOCPD,0.041302543219887064,False,-0.9342134028899813
Общественное питание,42,2022-06-01,BOCPD,0.04814314245395455,False,-0.47655610031276907
Общественное питание,43,2022-07-01,BOCPD,0.06797977443151533,False,-0.20495955736585028
Общественное питание,44,2022-08-01,BOCPD,0.08434685900649827,False,-0.13358164068125297
Общественное питание,45,2022-09-01,BOCPD,0.09819224898125362,False,0.007200515304258695
Общественное питание,46,2022-10-01,BOCPD,0.1090648136145976,False,0.14314839820710365
Общественное питание,47,2022-11-01,BOCPD,0.14344924571088885,False,0.4513745307284666
Общественное питание,48,2022-12-01,BOCPD,0.09411332813009524,False,-0.06640831937943568
Общественное питание,49,2023-01-01,BOCPD,0.07945767726996333,False,0.2598590920181898
Общественное питание,50,2023-02-01,BOCPD,0.058536406274761005,False,0.03953683277699843
Общественное питание,51,2023-03-01,BOCPD,0.058911031274197334,False,0.3442792551779066
Общественное питание,52,2023-04-01,BOCPD,0.048535757806139807,False,0.14753482825027991
Общественное питание,53,2023-05-01,BOCPD,0.04478619882648033,False,0.3077806641023304
Общественное питание,54,2023-06-01,BOCPD,0.04019694012189262,False,-0.22786494411914052
Общественное питание,55,2023-07-01,BOCPD,0.050931375979758275,False,-0.5542523781927751
Общественное питание,56,2023-08-01,BOCPD,0.1980651507713401,False,-1.4607820557839681
Общественное питание,57,2023-09-01,BOCPD,0.3641267658810242,False,-1.6425393732418334
Общественное питание,58,2023-10-01,BOCPD,0.18739300238344853,False,-0.6299537531950592
Общественное питание,59,2023-11-01,BOCPD,0.06182624756998132,False,-0.44445893650208673
Общественное питание,60,2023-12-01,BOCPD,0.0639529843203038,False,0.16208481977125108
Общественное питание,61,2024-01-01,BOCPD,0.05427345190031119,False,-0.24981939531131828
Общественное питание,62,2024-02-01,BOCPD,0.1329734107396064,False,0.8680771877291571
Общественное питание,63,2024-03-01,BOCPD,0.09459212965896273,False,0.06789912339741776
Общественное питание,64,2024-04-01,BOCPD,0.10093478911967832,False,0.4609644647768393
Общественное питание,65,2024-05-01,BOCPD,0.06409331782452407,False,0.16073406465248066
Общественное питание,66,2024-06-01,BOCPD,0.0956782876655655,False,0.8142244662776981
Общественное питание,67,2024-07-01,BOCPD,0.13777273699574846,False,1.0818898878089234
Общественное питание,68,2024-08-01,BOCPD,0.1826733142267703,False,1.3338065126972294
Общественное питание,69,2024-09-01,BOCPD,0.0948734347390065,False,-0.18733806784896878
Общественное питание,70,2024-10-01,BOCPD,0.08030782153922075,False,-0.31093433296194944
Общественное питание,71,2024-11-01,BOCPD,0.07167258728870832,False,-0.051292016274357456
Общественное питание,72,2024-12-01,BOCPD,0.05508013259231348,False,0.10300980534508083
Общественное питание,73,2025-01-01,BOCPD,0.9303880938572551,True,4.77791523393087
Общественное питание,74,2025-02-01,BOCPD,0.9366350129742753,False,3.1898075504216727
Общественное питание,75,2025-03-01,BOCPD,0.8646203411833343,False,3.7174647554357354
Общественное питание,76,2025-04-01,BOCPD,0.013477956974585478,False,3.6907785846727896
Общественное питание,77,2025-05-01,BOCPD,0.010955126081101794,False,3.472863885971148
Общественное питание,78,2025-06-01,BOCPD,0.04794671211251641,False,1.5857606406016636
Общественное питание,79,2025-07-01,BOCPD,0.1669376769417408,False,0.9500787511480754
Общественное питание,80,2025-08-01,BOCPD,0.4052139515134492,False,0.6033489403908429
Общественное питание,81,2025-09-01,BOCPD,0.39958844623766915,False,0.3414451003451777
Общественное питание,82,2025-10-01,BOCPD,0.25723764184030873,False,-0.2266942792369712
Общественное питание,83,2025-11-01,BOCPD,0.29590797534449353,False,-1.440221885520604
Общественное питание,84,2025-12-01,BOCPD,0.3466424812654786,False,-1.6193652202713535
Общественное питание,85,2026-01-01,BOCPD,0.6051831844029281,True,-5.3781291192982845
Общественное питание,86,2026-02-01,BOCPD,0.4003410372142029,False,-4.694058235759172
Общественное питание,87,2026-03-01,BOCPD,0.24196354450505317,False,-3.9745049280635585
Общественное питание,88,2026-04-01,BOCPD,0.012970689175576613,False,-3.868875530500919
Общественное питание,89,2026-05-01,BOCPD,0.019920969387350735,False,-2.6179596071241433
Общественное питание,90,2026-06-01,BOCPD,0.05580913816830192,False,-1.6800887738558878
Общественное питание,91,2026-07-01,BOCPD,0.12064932307618467,False,-1.4037300457297313
Общественное питание,92,2026-08-01,BOCPD,0.2693503794238187,False,-0.6324662468735665
Продовольственные товары,36,2021-12-01,BOCPD,1.0,False,-0.8189913995053933
Продовольственные товары,37,2022-01-01,BOCPD,1.0,False,-1.459460196493537
Продовольственные товары,38,2022-02-01,BOCPD,0.09067152857832195,False,-0.7609298776660498
Продовольственные товары,39,2022-03-01,BOCPD,0.312206979638001,False,2.307669006338541
Продовольственные товары,40,2022-04-01,BOCPD,0.2035505754682611,False,-0.6203088618532464
Продовольственные товары,41,2022-05-01,BOCPD,0.15837261741504505,False,-0.5826121336496187
Продовольственные товары,42,2022-06-01,BOCPD,0.1242217908551585,False,-1.2815883484645667
Продовольственные товары,43,2022-07-01,BOCPD,0.10564791068467697,False,-1.6027391518698746
Продовольственные товары,44,2022-08-01,BOCPD,0.10785116469718824,False,-2.054222840937397
Продовольственные товары,45,2022-09-01,BOCPD,0.10952443182206403,False,-2.6472539463101032
Продовольственные товары,46,2022-10-01,BOCPD,0.11890403878934226,False,-3.2722063190728767
Продовольственные товары,47,2022-11-01,BOCPD,0.08155595315846623,False,-2.860320399538308
Продовольственные товары,48,2022-12-01,BOCPD,0.042921969764290815,False,-2.9504896120878485
Продовольственные товары,49,2023-01-01,BOCPD,0.029492755605758245,False,-1.9801938047098078
Продовольственные товары,50,2023-02-01,BOCPD,0.029363056007003042,False,-1.8970760773990438
Продовольственные товары,51,2023-03-01,BOCPD,0.018006761956228808,False,-3.0400149936942173
Продовольственные товары,52,2023-04-01,BOCPD,0.03422871270603405,False,-1.4164806470477422
Продовольственные товары,53,2023-05-01,BOCPD,0.0808541982620487,False,-0.9206461760656567
Продовольственные товары,54,2023-06-01,BOCPD,0.25864675255419733,False,-0.20107790740293002
Продовольственные товары,55,2023-07-01,BOCPD,0.43142056974063125,False,0.09425740686028825
Продовольственные товары,56,2023-08-01,BOCPD,0.4298608847643021,False,0.614462793104528
Продовольственные товары,57,2023-09-01,BOCPD,0.22385134737990225,False,0.6907475726258006
Продовольственные товары,58,2023-10-01,BOCPD,0.12161794811952109,False,0.6394161962955206
Продовольственные товары,59,2023-11-01,BOCPD,0.07746216007400264,False,0.7749179097633802
Продовольственные товары,60,2023-12-01,BOCPD,0.0648651765695922,False,0.958826087984723
Продовольственные товары,61,2024-01-01,BOCPD,0.05509483572074951,False,0.8811133817583615
Продовольственные товары,62,2024-02-01,BOCPD,0.05634233121009463,False,1.2537854448816528
Продовольственные товары,63,2024-03-01,BOCPD,0.04436977840407923,False,0.7587222486951777
Продовольственные товары,64,2024-04-01,BOCPD,0.041702440370647215,False,0.39655751986944304
Продовольственные товары,65,2024-05-01,BOCPD,0.0384194822830226,False,0.4849165811648797
Продовольственные товары,66,2024-06-01,BOCPD,0.04309902894699802,False,0.23279566433959922
Продовольственные товары,67,2024-07-01,BOCPD,0.04420077221768398,False,0.2202356598319476
Продовольственные товары,68,2024-08-01,BOCPD,0.06919659150808406,False,-0.16552214888787034
Продовольственные товары,69,2024-09-01,BOCPD,0.13028191089058894,False,-0.47459921976751496
Продовольственные товары,70,2024-10-01,BOCPD,0.1899720412425278,False,-0.5663112091707861
Продовольственные товары,71,2024-11-01,BOCPD,0.16811513710336382,False,-0.5292445309312357
Продовольственные товары,72,2024-12-01,BOCPD,0.12709752161554172,False,-0.7053540779705701
Продовольственные товары,73,2025-01-01,BOCPD,0.08830495587238277,False,-0.67087261344847
Продовольственные товары,74,2025-02-01,BOCPD,0.10225712522484251,False,-1.3895795252362935
Продовольственные товары,75,2025-03-01,BOCPD,0.0674352374962296,False,-0.23031500031691365
Продовольственные товары,76,2025-04-01,BOCPD,0.05858220898816581,False,-0.0962664796625278
Продовольственные товары,77,2025-05-01,BOCPD,0.05870624233581131,False,-0.01590239104573474
Продовольственные товары,78,2025-06-01,BOCPD,0.04513865362329793,False,-0.47637766206340854
Продовольственные товары,79,2025-07-01,BOCPD,0.047099339128004285,False,-7.503831867847946e-06
Продовольственные товары,80,2025-08-01,BOCPD,0.040763720849136126,False,-0.760871717180949
Продовольственные товары,81,2025-09-01,BOCPD,0.06505944877979526,False,-1.3211129662221002
Продовольственные товары,82,2025-10-01,BOCPD,0.05454487035017529,False,-0.8769593273726138
Продовольственные товары,83,2025-11-01,BOCPD,0.20583086886321686,False,-2.110509068650878
Продовольственные товары,84,2025-12-01,BOCPD,0.16811424557959828,False,-1.5609144322999153
Продовольственные товары,85,2026-01-01,BOCPD,0.12822097676247726,False,-1.4830433694690097
Продовольственные товары,86,2026-02-01,BOCPD,0.05239012461220864,False,-1.577165814333753
Продовольственные товары,87,2026-03-01,BOCPD,0.05141488369808394,False,-0.4899962414779953
Продовольственные товары,88,2026-04-01,BOCPD,0.05563565539783117,False,-0.4461377005831792
Продовольственные товары,89,2026-05-01,BOCPD,0.06372531736983357,False,-0.327481699654422
Продовольственные товары,90,2026-06-01,BOCPD,0.1125422624008074,False,0.23621993675525374
Продовольственные товары,91,2026-07-01,BOCPD,0.19109801581959865,False,0.4247648832212141
Продовольственные товары,92,2026-08-01,BOCPD,0.39833584163538893,False,1.098980803716769
Услуги,36,2021-12-01,BOCPD,1.0,False,-1.1598103044123025
Услуги,37,2022-01-01,BOCPD,1.0,False,-0.9975357012289979
Услуги,38,2022-02-01,BOCPD,0.08460063756700717,False,-1.2993135942737337
Услуги,39,2022-03-01,BOCPD,0.0555633761196531,False,-1.5509696512992253
Услуги,40,2022-04-01,BOCPD,0.04666581019048159,False,-1.821172088241575
Услуги,41,2022-05-01,BOCPD,0.0377493073496679,False,-1.45297351752555
Услуги,42,2022-06-01,BOCPD,0.038482277928743515,False,-0.9393593956498281
Услуги,43,2022-07-01,BOCPD,0.05650394399702344,False,-0.5366028829914213
Услуги,44,2022-08-01,BOCPD,0.06874830394729255,False,-0.5250649284502965
Услуги,45,2022-09-01,BOCPD,0.05586746285013938,False,-0.742993666231352
Услуги,46,2022-10-01,BOCPD,0.04969899890150308,False,-0.6258042659136225
Услуги,47,2022-11-01,BOCPD,0.05596901588339949,False,-0.43382330786462525
Услуги,48,2022-12-01,BOCPD,0.08333972317580181,False,-0.15022500299770677
Услуги,49,2023-01-01,BOCPD,0.14463254571589262,False,0.16628161741693384
Услуги,50,2023-02-01,BOCPD,0.22128782488536058,False,0.4235838758340863
Услуги,51,2023-03-01,BOCPD,0.2163418883949812,False,0.5106571616276951
Услуги,52,2023-04-01,BOCPD,0.14722654425844903,False,0.5827304823642976
Услуги,53,2023-05-01,BOCPD,0.10995375183137576,False,0.9272599227733747
Услуги,54,2023-06-01,BOCPD,0.07538585402898879,False,0.6931805838710291
Услуги,55,2023-07-01,BOCPD,0.054026188713282575,False,0.48816411481851146
Услуги,56,2023-08-01,BOCPD,0.043849920999339306,False,0.35938970141524956
Услуги,57,2023-09-01,BOCPD,0.04012220610181097,False,0.3229593699301582
Услуги,58,2023-10-01,BOCPD,0.03626857312695872,False,0.4580700154951696
Услуги,59,2023-11-01,BOCPD,0.035117035756274076,False,0.25606130349663375
Услуги,60,2023-12-01,BOCPD,0.04935582138939948,False,-0.18286912944925326
Услуги,61,2024-01-01,BOCPD,0.09498968591402981,False,-0.5349567001132975
Услуги,62,2024-02-01,BOCPD,0.08287628067353198,False,-0.21537003863996035
Услуги,63,2024-03-01,BOCPD,0.13052704652579,False,-0.7733603503576243
Услуги,64,2024-04-01,BOCPD,0.07956370828399524,False,-0.2505861377709292
Услуги,65,2024-05-01,BOCPD,0.053943436462367524,False,-0.08191708909145126
Услуги,66,2024-06-01,BOCPD,0.040052739491616494,False,-0.09447525701553292
Услуги,67,2024-07-01,BOCPD,0.045169225496590824,False,0.618346090908898
Услуги,68,2024-08-01,BOCPD,0.03772998987560385,False,0.0902820062566051
Услуги,69,2024-09-01,BOCPD,0.037053988978714494,False,-0.18339510139902349
Услуги,70,2024-10-01,BOCPD,0.035645227925153095,False,-0.13820576017814842
Услуги,71,2024-11-01,BOCPD,0.03562442009119749,False,-0.17966233013135902
Услуги,72,2024-12-01,BOCPD,0.031357387371152026,False,0.037132665233736796
Услуги,73,2025-01-01,BOCPD,0.031906886568303816,False,-0.17451173336229697
Услуги,74,2025-02-01,BOCPD,0.046463756507355444,False,-0.5231136398785693
Услуги,75,2025-03-01,BOCPD,0.03496582245714512,False,0.04227211507194153
Услуги,76,2025-04-01,BOCPD,0.036478058268455904,False,0.4606899740883941
Услуги,77,2025-05-01,BOCPD,0.03856826747752896,False,-0.4031029188160439
Услуги,78,2025-06-01,BOCPD,0.03373528507187847,False,-0.18142344061205173
Услуги,79,2025-07-01,BOCPD,0.1418581014051195,False,-1.0772178201214608
Услуги,80,2025-08-01,BOCPD,0.17414468175163234,False,-0.8394251744568643
Услуги,81,2025-09-01,BOCPD,0.08744369375523246,False,-0.18847112629840437
Услуги,82,2025-10-01,BOCPD,0.036923834367908484,False,-0.119394218632346
Услуги,83,2025-11-01,BOCPD,0.033127053620360836,False,-0.36109101531793847
Услуги,84,2025-12-01,BOCPD,0.029914373001663178,False,-0.1195292858588627
Услуги,85,2026-01-01,BOCPD,0.02941903254994161,False,-0.2903300327407127
Услуги,86,2026-02-01,BOCPD,0.02742535599720673,False,-0.06377814842490098
Услуги,87,2026-03-01,BOCPD,0.03623439222949269,False,0.36450763800525177
Услуги,88,2026-04-01,BOCPD,0.02994511744763373,False,-0.021963905513473117
Услуги,89,2026-05-01,BOCPD,0.03379415839326187,False,-0.5001172670882512
Услуги,90,2026-06-01,BOCPD,0.04668189499696544,False,-0.6699518780645811
Услуги,91,2026-07-01,BOCPD,0.17804692090741936,False,-1.2121075048993675
Услуги,92,2026-08-01,BOCPD,0.19383807126861435,False,-0.9496797978054408
