method,threshold,event_precision,event_recall,event_f1,median_delay_steps,false_alarms_per_100_steps,n_events,n_alarms,real_calibration_alarm_rate,within_alarm_budget
CUSUM,4.0,0.06653620352250489,0.85,0.1234119782214156,3.0,8.833333333333334,40,511,8.148148148148149,False
CUSUM,6.0,0.08115183246073299,0.775,0.14691943127962084,5.0,6.5,40,382,5.185185185185185,False
CUSUM,8.0,0.0958904109589041,0.7,0.1686746987951807,7.0,4.888888888888889,40,292,3.7037037037037033,False
PageHinkley,6.0,0.17894736842105263,0.85,0.2956521739130435,3.0,2.888888888888889,40,190,5.185185185185185,False
PageHinkley,9.0,0.21951219512195122,0.675,0.33128834355828224,5.0,1.7777777777777777,40,123,3.7037037037037033,False
PageHinkley,12.0,0.2926829268292683,0.6,0.39344262295081966,6.0,1.0740740740740742,40,82,2.9629629629629632,True
BOCPD,0.3,0.232,0.725,0.35151515151515156,2.0,1.7777777777777777,40,125,3.7037037037037033,False
BOCPD,0.5,0.3333333333333333,0.4,0.3636363636363636,1.5,0.5925925925925926,40,48,0.7407407407407408,True
BOCPD,0.7,0.3181818181818182,0.175,0.22580645161290322,2.0,0.2777777777777778,40,22,0.7407407407407408,True
