period,series_id,probability_faster_growth,state,confirmed_state,transition_confirmed,log_yoy_growth,parameters_known_through
2024-03-01,Всего,0.9999999991388528,faster_growth,,False,16.887183993925294,2024-02-01
2024-04-01,Всего,0.9999999448702318,faster_growth,faster_growth,False,15.741566534875377,2024-02-01
2024-05-01,Всего,0.9999999370174306,faster_growth,faster_growth,False,15.702577132611578,2024-02-01
2024-06-01,Всего,0.9999992752409025,faster_growth,faster_growth,False,14.956150755110231,2024-02-01
2024-07-01,Всего,0.9999996035700538,faster_growth,faster_growth,False,15.146365652528592,2024-02-01
2024-08-01,Всего,0.9999819938312186,faster_growth,faster_growth,False,13.863035763110823,2024-02-01
2024-09-01,Всего,0.9999755361556741,faster_growth,faster_growth,False,13.750453095020942,2024-02-01
2024-10-01,Всего,0.9995539096411481,faster_growth,faster_growth,False,12.58329982103031,2024-02-01
2024-11-01,Всего,0.9999604201290376,faster_growth,faster_growth,False,13.572349151504534,2024-02-01
2024-12-01,Всего,0.9999585035328317,faster_growth,faster_growth,False,13.552185778674417,2024-02-01
2025-01-01,Всего,0.9999969118386446,faster_growth,faster_growth,False,14.481288190277283,2024-02-01
2025-02-01,Всего,0.9972600245878661,faster_growth,faster_growth,False,11.725982119105396,2024-02-01
2025-03-01,Всего,0.9999607654537946,faster_growth,faster_growth,False,13.587806478420744,2024-02-01
2025-04-01,Всего,0.9999886223774715,faster_growth,faster_growth,False,14.028925605671416,2024-02-01
2025-05-01,Всего,0.9999885371363593,faster_growth,faster_growth,False,14.026118568374436,2024-02-01
2025-06-01,Всего,0.9999359555439618,faster_growth,faster_growth,False,13.384940770398138,2024-02-01
2025-07-01,Всего,0.9999732349901236,faster_growth,faster_growth,False,13.717321036387126,2024-02-01
2025-08-01,Всего,0.9999423548148213,faster_growth,faster_growth,False,13.425918926732313,2024-02-01
2025-09-01,Всего,0.999101932272125,faster_growth,faster_growth,False,12.267932160438534,2024-02-01
2025-10-01,Всего,0.9999975930552873,faster_growth,faster_growth,False,14.568958057486928,2024-02-01
2025-11-01,Всего,0.9935407642914077,faster_growth,faster_growth,False,11.268228197972135,2024-02-01
2025-12-01,Всего,0.9990693011260773,faster_growth,faster_growth,False,12.29188243329873,2024-02-01
2026-01-01,Всего,0.8821063472273213,faster_growth,faster_growth,False,9.135442460059826,2024-02-01
2026-02-01,Всего,0.7125644484731397,uncertain,faster_growth,False,9.072706276385519,2024-02-01
2026-03-01,Всего,0.9888298070819728,faster_growth,faster_growth,False,11.951125489405785,2024-02-01
2026-04-01,Всего,0.9968399057077884,faster_growth,faster_growth,False,11.728909784906483,2024-02-01
2026-05-01,Всего,0.9987148979680798,faster_growth,faster_growth,False,12.120155260323063,2024-02-01
2026-06-01,Всего,0.9991306416024177,faster_growth,faster_growth,False,12.290947082897901,2024-02-01
2026-07-01,Всего,0.9947418686828204,faster_growth,faster_growth,False,11.388651617693084,2024-02-01
2026-08-01,Всего,0.9974021817157502,faster_growth,faster_growth,False,11.789666464163645,2024-02-01
2024-03-01,Непродовольственные товары,0.9999997466123309,faster_growth,,False,22.106583035132466,2024-02-01
2024-04-01,Непродовольственные товары,0.9999801549825297,faster_growth,faster_growth,False,18.619583586688076,2024-02-01
2024-05-01,Непродовольственные товары,0.9999128290565044,faster_growth,faster_growth,False,17.271886018078586,2024-02-01
2024-06-01,Непродовольственные товары,0.9995930276619357,faster_growth,faster_growth,False,15.742404622511156,2024-02-01
2024-07-01,Непродовольственные товары,0.9986353793379031,faster_growth,faster_growth,False,14.426097042839011,2024-02-01
2024-08-01,Непродовольственные товары,0.9913712300683185,faster_growth,faster_growth,False,12.133933464145562,2024-02-01
2024-09-01,Непродовольственные товары,0.997485171442536,faster_growth,faster_growth,False,13.805634353458588,2024-02-01
2024-10-01,Непродовольственные товары,0.9792344373650945,faster_growth,faster_growth,False,10.862050401040358,2024-02-01
2024-11-01,Непродовольственные товары,0.9945086170813643,faster_growth,faster_growth,False,12.975095020391953,2024-02-01
2024-12-01,Непродовольственные товары,0.9957566168856753,faster_growth,faster_growth,False,13.124522608908459,2024-02-01
2025-01-01,Непродовольственные товары,0.9932510859746205,faster_growth,faster_growth,False,12.506028909378083,2024-02-01
2025-02-01,Непродовольственные товары,0.9274187907820542,faster_growth,faster_growth,False,8.691691838062516,2024-02-01
2025-03-01,Непродовольственные товары,0.9062211927362793,faster_growth,faster_growth,False,9.142212896729065,2024-02-01
2025-04-01,Непродовольственные товары,0.870391423111179,faster_growth,faster_growth,False,8.70284012410385,2024-02-01
2025-05-01,Непродовольственные товары,0.8703318681365058,faster_growth,faster_growth,False,9.079996620255466,2024-02-01
2025-06-01,Непродовольственные товары,0.8890988102894227,faster_growth,faster_growth,False,9.404398559234304,2024-02-01
2025-07-01,Непродовольственные товары,0.9364982891965783,faster_growth,faster_growth,False,10.27171829649566,2024-02-01
2025-08-01,Непродовольственные товары,0.9757828646575034,faster_growth,faster_growth,False,11.373777249354282,2024-02-01
2025-09-01,Непродовольственные товары,0.9440386167618684,faster_growth,faster_growth,False,9.500917265743505,2024-02-01
2025-10-01,Непродовольственные товары,0.9985108647941374,faster_growth,faster_growth,False,14.85367775289779,2024-02-01
2025-11-01,Непродовольственные товары,0.9774249900244586,faster_growth,faster_growth,False,10.713905280316462,2024-02-01
2025-12-01,Непродовольственные товары,0.9910478222338216,faster_growth,faster_growth,False,12.3519033712454,2024-02-01
2026-01-01,Непродовольственные товары,0.8052997637654705,faster_growth,faster_growth,False,6.137352584789474,2024-02-01
2026-02-01,Непродовольственные товары,0.6597513032705083,uncertain,faster_growth,False,7.124454346744853,2024-02-01
2026-03-01,Непродовольственные товары,0.9702409888354068,faster_growth,faster_growth,False,12.813503156591727,2024-02-01
2026-04-01,Непродовольственные товары,0.9953740192677126,faster_growth,faster_growth,False,13.28812317179395,2024-02-01
2026-05-01,Непродовольственные товары,0.9994564954120064,faster_growth,faster_growth,False,15.485984064902155,2024-02-01
2026-06-01,Непродовольственные товары,0.9994215072265913,faster_growth,faster_growth,False,15.375929708224112,2024-02-01
2026-07-01,Непродовольственные товары,0.9981156038637343,faster_growth,faster_growth,False,14.05403730360589,2024-02-01
2026-08-01,Непродовольственные товары,0.9977985006042822,faster_growth,faster_growth,False,13.885686079498305,2024-02-01
2024-03-01,Общественное питание,0.9983733708527388,faster_growth,,False,18.50062399937006,2024-02-01
2024-04-01,Общественное питание,0.9986157650681805,faster_growth,faster_growth,False,20.452764273998028,2024-02-01
2024-05-01,Общественное питание,0.9985332753757677,faster_growth,faster_growth,False,19.057293885526672,2024-02-01
2024-06-01,Общественное питание,0.9984473287178363,faster_growth,faster_growth,False,21.98811321501826,2024-02-01
2024-07-01,Общественное питание,0.9977892329063165,faster_growth,faster_growth,False,23.584638678343293,2024-02-01
2024-08-01,Общественное питание,0.9958802491392155,faster_growth,faster_growth,False,25.21884973136151,2024-02-01
2024-09-01,Общественное питание,0.9984392726579387,faster_growth,faster_growth,False,19.972338803264666,2024-02-01
2024-10-01,Общественное питание,0.9986040600389924,faster_growth,faster_growth,False,19.789529249949638,2024-02-01
2024-11-01,Общественное питание,0.9986320060027488,faster_growth,faster_growth,False,20.407960694789804,2024-02-01
2024-12-01,Общественное питание,0.9985637518531404,faster_growth,faster_growth,False,21.38565618489973,2024-02-01
2025-01-01,Общественное питание,3.1869125732954914e-07,slower_growth,faster_growth,False,42.34980344993605,2024-02-01
2025-02-01,Общественное питание,4.962128200180585e-07,slower_growth,slower_growth,True,37.721551887412055,2024-02-01
2025-03-01,Общественное питание,1.2662552334140454e-10,slower_growth,slower_growth,False,42.436465695870275,2024-02-01
2025-04-01,Общественное питание,1.777079183187965e-12,slower_growth,slower_growth,False,44.511246885013335,2024-02-01
2025-05-01,Общественное питание,3.7889569915245944e-14,slower_growth,slower_growth,False,46.240591862500224,2024-02-01
2025-06-01,Общественное питание,5.865793342500258e-09,slower_growth,slower_growth,False,40.38879304647508,2024-02-01
2025-07-01,Общественное питание,1.8672594865343924e-08,slower_growth,slower_growth,False,39.728234149689484,2024-02-01
2025-08-01,Общественное питание,1.423498718246843e-08,slower_growth,slower_growth,False,39.88503487961791,2024-02-01
2025-09-01,Общественное питание,1.6606566316110736e-08,slower_growth,slower_growth,False,39.79614653972546,2024-02-01
2025-10-01,Общественное питание,4.368467186010587e-08,slower_growth,slower_growth,False,39.22868877887662,2024-02-01
2025-11-01,Общественное питание,3.844642051872084e-05,slower_growth,slower_growth,False,34.6325567251604,2024-02-01
2025-12-01,Общественное питание,3.995427158483028e-05,slower_growth,slower_growth,False,34.60355865236055,2024-02-01
2026-01-01,Общественное питание,0.15325630622373182,slower_growth,slower_growth,False,16.518264231881076,2024-02-01
2026-02-01,Общественное питание,0.6806273572565289,uncertain,slower_growth,False,17.537930906958756,2024-02-01
2026-03-01,Общественное питание,0.9551448956717313,faster_growth,slower_growth,False,17.464964663202664,2024-02-01
2026-04-01,Общественное питание,0.9888486376536881,faster_growth,faster_growth,True,15.743781635758536,2024-02-01
2026-05-01,Общественное питание,0.9924279119150363,faster_growth,faster_growth,False,14.86689748535997,2024-02-01
2026-06-01,Общественное питание,0.9948986218992861,faster_growth,faster_growth,False,15.452531907559838,2024-02-01
2026-07-01,Общественное питание,0.9883646261913497,faster_growth,faster_growth,False,13.6379120848654,2024-02-01
2026-08-01,Общественное питание,0.9909215029254235,faster_growth,faster_growth,False,14.532950708214218,2024-02-01
2024-03-01,Продовольственные товары,0.9987726386874977,faster_growth,,False,14.678996329357204,2024-02-01
2024-04-01,Продовольственные товары,0.9977768687883413,faster_growth,faster_growth,False,13.697647481589117,2024-02-01
2024-05-01,Продовольственные товары,0.9988513997298133,faster_growth,faster_growth,False,14.84310832616505,2024-02-01
2024-06-01,Продовольственные товары,0.9982751306844047,faster_growth,faster_growth,False,14.10505992352727,2024-02-01
2024-07-01,Продовольственные товары,0.9986370417635225,faster_growth,faster_growth,False,14.521658920608841,2024-02-01
2024-08-01,Продовольственные товары,0.9978478687491402,faster_growth,faster_growth,False,13.751983643270322,2024-02-01
2024-09-01,Продовольственные товары,0.9944902362281985,faster_growth,faster_growth,False,12.401852068901283,2024-02-01
2024-10-01,Продовольственные товары,0.993869786326289,faster_growth,faster_growth,False,12.323483440957519,2024-02-01
2024-11-01,Продовольственные товары,0.9958792531734373,faster_growth,faster_growth,False,12.88258825088299,2024-02-01
2024-12-01,Продовольственные товары,0.9943990500260823,faster_growth,faster_growth,False,12.418238662614819,2024-02-01
2025-01-01,Продовольственные товары,0.9943988429522308,faster_growth,faster_growth,False,12.44660090514439,2024-02-01
2025-02-01,Продовольственные товары,0.9497542986622666,faster_growth,faster_growth,False,9.819239118024335,2024-02-01
2025-03-01,Продовольственные товары,0.9954971138613237,faster_growth,faster_growth,False,13.484376870664894,2024-02-01
2025-04-01,Продовольственные товары,0.9979226836711556,faster_growth,faster_growth,False,13.881545149356445,2024-02-01
2025-05-01,Продовольственные товары,0.9983671098525797,faster_growth,faster_growth,False,14.219695612420393,2024-02-01
2025-06-01,Продовольственные товары,0.9961039002100112,faster_growth,faster_growth,False,12.870217945883189,2024-02-01
2025-07-01,Продовольственные товары,0.998401592554228,faster_growth,faster_growth,False,14.300833187324418,2024-02-01
2025-08-01,Продовольственные товары,0.9930646238080044,faster_growth,faster_growth,False,12.086246069444853,2024-02-01
2025-09-01,Продовольственные товары,0.9526437278344231,faster_growth,faster_growth,False,9.90371228559033,2024-02-01
2025-10-01,Продовольственные товары,0.9667279956601407,faster_growth,faster_growth,False,10.806429825461642,2024-02-01
2025-11-01,Продовольственные товары,0.4124594658526233,uncertain,faster_growth,False,7.075154179110196,2024-02-01
2025-12-01,Продовольственные товары,0.19790840335533139,slower_growth,faster_growth,False,8.461397707343744,2024-02-01
2026-01-01,Продовольственные товары,0.08629238749820986,slower_growth,slower_growth,True,8.38093072769048,2024-02-01
2026-02-01,Продовольственные товары,0.006178701847944881,slower_growth,slower_growth,False,6.602978808297838,2024-02-01
2026-03-01,Продовольственные товары,0.027842404586857907,slower_growth,slower_growth,False,8.642010505554586,2024-02-01
2026-04-01,Продовольственные товары,0.025385570298006317,slower_growth,slower_growth,False,8.29696920598174,2024-02-01
2026-05-01,Продовольственные товары,0.019787231152498457,slower_growth,slower_growth,False,8.090597473095222,2024-02-01
2026-06-01,Продовольственные товары,0.04145468221010284,slower_growth,slower_growth,False,8.862039266885429,2024-02-01
2026-07-01,Продовольственные товары,0.050611794158085366,slower_growth,slower_growth,False,8.831668172589685,2024-02-01
2026-08-01,Продовольственные товары,0.12516837629369826,slower_growth,slower_growth,False,9.723076484932463,2024-02-01
2024-03-01,Услуги,0.995657717818418,faster_growth,,False,11.453111974907795,2024-02-01
2024-04-01,Услуги,0.9975800595480347,faster_growth,faster_growth,False,13.267385179017662,2024-02-01
2024-05-01,Услуги,0.9980100074791077,faster_growth,faster_growth,False,13.798440250621413,2024-02-01
2024-06-01,Услуги,0.9979728951018033,faster_growth,faster_growth,False,13.583662678553681,2024-02-01
2024-07-01,Услуги,0.998120048078155,faster_growth,faster_growth,False,15.719819852830987,2024-02-01
2024-08-01,Услуги,0.9982276744645064,faster_growth,faster_growth,False,14.880828316048145,2024-02-01
2024-09-01,Услуги,0.9982025500669872,faster_growth,faster_growth,False,14.385471775870878,2024-02-01
2024-10-01,Услуги,0.9982133287574964,faster_growth,faster_growth,False,14.491298983597446,2024-02-01
2024-11-01,Услуги,0.9981808090291989,faster_growth,faster_growth,False,14.254136447817375,2024-02-01
2024-12-01,Услуги,0.9982263073974281,faster_growth,faster_growth,False,14.669102736121664,2024-02-01
2025-01-01,Услуги,0.9981918137601052,faster_growth,faster_growth,False,14.313452529425474,2024-02-01
2025-02-01,Услуги,0.9979404830635817,faster_growth,faster_growth,False,13.464346585999532,2024-02-01
2025-03-01,Услуги,0.99819842603542,faster_growth,faster_growth,False,14.570584778024692,2024-02-01
2025-04-01,Услуги,0.9981554654777891,faster_growth,faster_growth,False,15.651889532498167,2024-02-01
2025-05-01,Услуги,0.9981504034339581,faster_growth,faster_growth,False,14.124153105049,2024-02-01
2025-06-01,Услуги,0.9982058977738423,faster_growth,faster_growth,False,14.465180116983333,2024-02-01
2025-07-01,Услуги,0.9974323220153755,faster_growth,faster_growth,False,12.662448495652425,2024-02-01
2025-08-01,Услуги,0.9974369005408272,faster_growth,faster_growth,False,12.780259078328754,2024-02-01
2025-09-01,Услуги,0.9979891823858302,faster_growth,faster_growth,False,13.776266510086819,2024-02-01
2025-10-01,Услуги,0.9979941197034865,faster_growth,faster_growth,False,13.64341522824841,2024-02-01
2025-11-01,Услуги,0.9976163292604429,faster_growth,faster_growth,False,12.929930865744982,2024-02-01
2025-12-01,Услуги,0.9977804548280835,faster_growth,faster_growth,False,13.259254283735238,2024-02-01
2026-01-01,Услуги,0.9974919427278642,faster_growth,faster_growth,False,12.79700772136923,2024-02-01
2026-02-01,Услуги,0.9976889770361888,faster_growth,faster_growth,False,13.124571025916712,2024-02-01
2026-03-01,Услуги,0.9980655288958006,faster_growth,faster_growth,False,13.949231398702697,2024-02-01
2026-04-01,Услуги,0.9977793736470278,faster_growth,faster_growth,False,13.172736416170178,2024-02-01
2026-05-01,Услуги,0.9966442668496722,faster_growth,faster_growth,False,12.019700830434553,2024-02-01
2026-06-01,Услуги,0.9954900933825986,faster_growth,faster_growth,False,11.504081748529199,2024-02-01
2026-07-01,Услуги,0.9893401753122817,faster_growth,faster_growth,False,10.17393065973357,2024-02-01
2026-08-01,Услуги,0.988895418807857,faster_growth,faster_growth,False,10.45563254156194,2024-02-01
