scenario,kind,n_alarms,detected,delay_steps
0,level_up,6,True,7.0
1,level_down,6,True,9.0
2,trend,12,False,
3,variance,7,True,3.0
4,spike,0,False,
5,none,0,False,
6,level_up,7,True,2.0
7,level_down,7,True,4.0
8,trend,11,False,
9,variance,4,True,7.0
10,spike,1,False,
11,none,0,False,
12,level_up,7,True,8.0
13,level_down,7,True,5.0
14,trend,12,False,
15,variance,5,True,1.0
16,spike,0,False,
17,none,0,False,
18,level_up,7,True,7.0
19,level_down,9,True,5.0
20,trend,11,False,
21,variance,8,True,7.0
22,spike,0,False,
23,none,0,False,
24,level_up,5,True,9.0
25,level_down,7,True,6.0
26,trend,11,False,
27,variance,4,False,
28,spike,0,False,
29,none,0,False,
30,level_up,8,True,6.0
31,level_down,7,True,3.0
32,trend,11,False,
33,variance,4,True,7.0
34,spike,1,False,
35,none,0,False,
36,level_up,7,True,6.0
37,level_down,6,True,8.0
38,trend,11,False,
39,variance,3,True,6.0
40,spike,0,False,
41,none,0,False,
42,level_up,7,True,6.0
43,level_down,6,True,5.0
44,trend,12,False,
45,variance,4,True,0.0
46,spike,1,False,
47,none,0,False,
48,level_up,7,True,10.0
49,level_down,7,True,4.0
50,trend,11,False,
51,variance,6,True,8.0
52,spike,1,False,
53,none,0,False,
54,level_up,7,True,3.0
55,level_down,6,True,5.0
56,trend,11,False,
57,variance,2,False,
58,spike,0,False,
59,none,0,False,
60,level_up,6,True,12.0
61,level_down,7,True,5.0
62,trend,12,False,
63,variance,4,False,
64,spike,1,False,
65,none,0,False,
66,level_up,7,True,10.0
67,level_down,6,True,7.0
68,trend,10,False,
69,variance,6,True,5.0
70,spike,0,False,
71,none,0,False,
72,level_up,5,True,9.0
73,level_down,7,True,3.0
74,trend,11,False,
75,variance,4,True,6.0
76,spike,0,False,
77,none,0,False,
78,level_up,5,True,11.0
79,level_down,8,True,2.0
80,trend,11,False,
81,variance,4,False,
82,spike,1,False,
83,none,0,False,
84,level_up,6,True,7.0
85,level_down,7,True,12.0
86,trend,11,False,
87,variance,4,True,11.0
88,spike,1,False,
89,none,0,False,
90,level_up,8,True,6.0
91,level_down,6,True,6.0
92,trend,11,False,
93,variance,3,False,
94,spike,0,False,
95,none,0,False,
96,level_up,6,True,6.0
97,level_down,6,True,8.0
98,trend,11,False,
99,variance,5,True,3.0
100,spike,0,False,
101,none,0,False,
102,level_up,7,True,6.0
103,level_down,7,True,5.0
104,trend,10,False,
105,variance,7,True,9.0
106,spike,0,False,
107,none,0,False,
108,level_up,6,True,7.0
109,level_down,7,True,9.0
110,trend,10,False,
111,variance,6,True,12.0
112,spike,0,False,
113,none,0,False,
114,level_up,6,True,8.0
115,level_down,5,False,
116,trend,11,False,
117,variance,3,False,
118,spike,0,False,
119,none,0,False,
