variant,origin_index,horizon_months,minimum_label_index,maximum_label_index,training_examples,max_training_target_index
cb_full,35,1,24.0,35.0,60,
cb_full,35,3,26.0,35.0,50,
cb_full,35,6,29.0,35.0,35,
cb_full,35,12,35.0,35.0,5,
cb_full,36,1,24.0,36.0,65,
cb_full,36,3,26.0,36.0,55,
cb_full,36,6,29.0,36.0,40,
cb_full,36,12,35.0,36.0,10,
cb_full,37,1,24.0,37.0,70,
cb_full,37,3,26.0,37.0,60,
cb_full,37,6,29.0,37.0,45,
cb_full,37,12,35.0,37.0,15,
cb_full,38,1,24.0,38.0,75,
cb_full,38,3,26.0,38.0,65,
cb_full,38,6,29.0,38.0,50,
cb_full,38,12,35.0,38.0,20,
cb_full,39,1,24.0,39.0,80,
cb_full,39,3,26.0,39.0,70,
cb_full,39,6,29.0,39.0,55,
cb_full,39,12,35.0,39.0,25,
cb_full,40,1,24.0,40.0,85,
cb_full,40,3,26.0,40.0,75,
cb_full,40,6,29.0,40.0,60,
cb_full,40,12,35.0,40.0,30,
cb_full,41,1,24.0,41.0,90,
cb_full,41,3,26.0,41.0,80,
cb_full,41,6,29.0,41.0,65,
cb_full,41,12,35.0,41.0,35,
cb_full,42,1,24.0,42.0,95,
cb_full,42,3,26.0,42.0,85,
cb_full,42,6,29.0,42.0,70,
cb_full,42,12,35.0,42.0,40,
cb_full,43,1,24.0,43.0,100,
cb_full,43,3,26.0,43.0,90,
cb_full,43,6,29.0,43.0,75,
cb_full,43,12,35.0,43.0,45,
cb_full,44,1,24.0,44.0,105,
cb_full,44,3,26.0,44.0,95,
cb_full,44,6,29.0,44.0,80,
cb_full,44,12,35.0,44.0,50,
cb_full,45,1,24.0,45.0,110,
cb_full,45,3,26.0,45.0,100,
cb_full,45,6,29.0,45.0,85,
cb_full,45,12,35.0,45.0,55,
cb_full,46,1,24.0,46.0,115,
cb_full,46,3,26.0,46.0,105,
cb_full,46,6,29.0,46.0,90,
cb_full,46,12,35.0,46.0,60,
cb_full,47,1,24.0,47.0,120,
cb_full,47,3,26.0,47.0,110,
cb_full,47,6,29.0,47.0,95,
cb_full,47,12,35.0,47.0,65,
cb_full,48,1,24.0,48.0,125,
cb_full,48,3,26.0,48.0,115,
cb_full,48,6,29.0,48.0,100,
cb_full,48,12,35.0,48.0,70,
cb_full,49,1,24.0,49.0,130,
cb_full,49,3,26.0,49.0,120,
cb_full,49,6,29.0,49.0,105,
cb_full,49,12,35.0,49.0,75,
cb_full,50,1,24.0,50.0,135,
cb_full,50,3,26.0,50.0,125,
cb_full,50,6,29.0,50.0,110,
cb_full,50,12,35.0,50.0,80,
cb_full,51,1,24.0,51.0,140,
cb_full,51,3,26.0,51.0,130,
cb_full,51,6,29.0,51.0,115,
cb_full,51,12,35.0,51.0,85,
cb_full,52,1,24.0,52.0,145,
cb_full,52,3,26.0,52.0,135,
cb_full,52,6,29.0,52.0,120,
cb_full,52,12,35.0,52.0,90,
cb_full,53,1,24.0,53.0,150,
cb_full,53,3,26.0,53.0,140,
cb_full,53,6,29.0,53.0,125,
cb_full,53,12,35.0,53.0,95,
cb_full,54,1,24.0,54.0,155,
cb_full,54,3,26.0,54.0,145,
cb_full,54,6,29.0,54.0,130,
cb_full,54,12,35.0,54.0,100,
cb_full,55,1,24.0,55.0,160,
cb_full,55,3,26.0,55.0,150,
cb_full,55,6,29.0,55.0,135,
cb_full,55,12,35.0,55.0,105,
cb_full,56,1,24.0,56.0,165,
cb_full,56,3,26.0,56.0,155,
cb_full,56,6,29.0,56.0,140,
cb_full,56,12,35.0,56.0,110,
cb_full,57,1,24.0,57.0,170,
cb_full,57,3,26.0,57.0,160,
cb_full,57,6,29.0,57.0,145,
cb_full,57,12,35.0,57.0,115,
cb_full,58,1,24.0,58.0,175,
cb_full,58,3,26.0,58.0,165,
cb_full,58,6,29.0,58.0,150,
cb_full,58,12,35.0,58.0,120,
cb_full,59,1,24.0,59.0,180,
cb_full,59,3,26.0,59.0,170,
cb_full,59,6,29.0,59.0,155,
cb_full,59,12,35.0,59.0,125,
cb_full,60,1,24.0,60.0,185,
cb_full,60,3,26.0,60.0,175,
cb_full,60,6,29.0,60.0,160,
cb_full,60,12,35.0,60.0,130,
cb_full,61,1,24.0,61.0,190,
cb_full,61,3,26.0,61.0,180,
cb_full,61,6,29.0,61.0,165,
cb_full,61,12,35.0,61.0,135,
cb_full,62,1,24.0,62.0,195,
cb_full,62,3,26.0,62.0,185,
cb_full,62,6,29.0,62.0,170,
cb_full,62,12,35.0,62.0,140,
cb_full,63,1,24.0,63.0,200,
cb_full,63,3,26.0,63.0,190,
cb_full,63,6,29.0,63.0,175,
cb_full,63,12,35.0,63.0,145,
cb_full,64,1,24.0,64.0,205,
cb_full,64,3,26.0,64.0,195,
cb_full,64,6,29.0,64.0,180,
cb_full,64,12,35.0,64.0,150,
cb_full,65,1,24.0,65.0,210,
cb_full,65,3,26.0,65.0,200,
cb_full,65,6,29.0,65.0,185,
cb_full,65,12,35.0,65.0,155,
cb_full,66,1,24.0,66.0,215,
cb_full,66,3,26.0,66.0,205,
cb_full,66,6,29.0,66.0,190,
cb_full,66,12,35.0,66.0,160,
cb_full,67,1,24.0,67.0,220,
cb_full,67,3,26.0,67.0,210,
cb_full,67,6,29.0,67.0,195,
cb_full,67,12,35.0,67.0,165,
cb_full,68,1,24.0,68.0,225,
cb_full,68,3,26.0,68.0,215,
cb_full,68,6,29.0,68.0,200,
cb_full,68,12,35.0,68.0,170,
cb_full,69,1,24.0,69.0,230,
cb_full,69,3,26.0,69.0,220,
cb_full,69,6,29.0,69.0,205,
cb_full,69,12,35.0,69.0,175,
cb_full,70,1,24.0,70.0,235,
cb_full,70,3,26.0,70.0,225,
cb_full,70,6,29.0,70.0,210,
cb_full,70,12,35.0,70.0,180,
cb_full,71,1,24.0,71.0,240,
cb_full,71,3,26.0,71.0,230,
cb_full,71,6,29.0,71.0,215,
cb_full,71,12,35.0,71.0,185,
cb_full,72,1,24.0,72.0,245,
cb_full,72,3,26.0,72.0,235,
cb_full,72,6,29.0,72.0,220,
cb_full,72,12,35.0,72.0,190,
cb_full,73,1,24.0,73.0,250,
cb_full,73,3,26.0,73.0,240,
cb_full,73,6,29.0,73.0,225,
cb_full,73,12,35.0,73.0,195,
cb_full,74,1,24.0,74.0,255,
cb_full,74,3,26.0,74.0,245,
cb_full,74,6,29.0,74.0,230,
cb_full,74,12,35.0,74.0,200,
cb_full,75,1,24.0,75.0,260,
cb_full,75,3,26.0,75.0,250,
cb_full,75,6,29.0,75.0,235,
cb_full,75,12,35.0,75.0,205,
cb_full,76,1,24.0,76.0,265,
cb_full,76,3,26.0,76.0,255,
cb_full,76,6,29.0,76.0,240,
cb_full,76,12,35.0,76.0,210,
cb_full,77,1,24.0,77.0,270,
cb_full,77,3,26.0,77.0,260,
cb_full,77,6,29.0,77.0,245,
cb_full,77,12,35.0,77.0,215,
cb_full,78,1,24.0,78.0,275,
cb_full,78,3,26.0,78.0,265,
cb_full,78,6,29.0,78.0,250,
cb_full,78,12,35.0,78.0,220,
cb_full,79,1,24.0,79.0,280,
cb_full,79,3,26.0,79.0,270,
cb_full,79,6,29.0,79.0,255,
cb_full,79,12,35.0,79.0,225,
cb_full,80,1,24.0,80.0,285,
cb_full,80,3,26.0,80.0,275,
cb_full,80,6,29.0,80.0,260,
cb_full,80,12,35.0,80.0,230,
cb_full,81,1,24.0,81.0,290,
cb_full,81,3,26.0,81.0,280,
cb_full,81,6,29.0,81.0,265,
cb_full,81,12,35.0,81.0,235,
cb_full,82,1,24.0,82.0,295,
cb_full,82,3,26.0,82.0,285,
cb_full,82,6,29.0,82.0,270,
cb_full,82,12,35.0,82.0,240,
cb_full,83,1,24.0,83.0,300,
cb_full,83,3,26.0,83.0,290,
cb_full,83,6,29.0,83.0,275,
cb_full,83,12,35.0,83.0,245,
cb_full,84,1,24.0,84.0,305,
cb_full,84,3,26.0,84.0,295,
cb_full,84,6,29.0,84.0,280,
cb_full,84,12,35.0,84.0,250,
cb_full,85,1,24.0,85.0,310,
cb_full,85,3,26.0,85.0,300,
cb_full,85,6,29.0,85.0,285,
cb_full,85,12,35.0,85.0,255,
cb_full,86,1,24.0,86.0,315,
cb_full,86,3,26.0,86.0,305,
cb_full,86,6,29.0,86.0,290,
cb_full,86,12,35.0,86.0,260,
cb_full,87,1,24.0,87.0,320,
cb_full,87,3,26.0,87.0,310,
cb_full,87,6,29.0,87.0,295,
cb_full,87,12,35.0,87.0,265,
cb_full,88,1,24.0,88.0,325,
cb_full,88,3,26.0,88.0,315,
cb_full,88,6,29.0,88.0,300,
cb_full,88,12,35.0,88.0,270,
cb_full,89,1,24.0,89.0,330,
cb_full,89,3,26.0,89.0,320,
cb_full,89,6,29.0,89.0,305,
cb_full,89,12,35.0,89.0,275,
cb_full,90,1,24.0,90.0,335,
cb_full,90,3,26.0,90.0,325,
cb_full,90,6,29.0,90.0,310,
cb_full,90,12,35.0,90.0,280,
cb_full,91,1,24.0,91.0,340,
cb_full,91,3,26.0,91.0,330,
cb_full,91,6,29.0,91.0,315,
cb_full,91,12,35.0,91.0,285,
cb_full,92,1,24.0,92.0,345,
cb_full,92,3,26.0,92.0,335,
cb_full,92,6,29.0,92.0,320,
cb_full,92,12,35.0,92.0,290,
cb_w24,35,1,24.0,35.0,60,
cb_w24,35,3,26.0,35.0,50,
cb_w24,35,6,29.0,35.0,35,
cb_w24,35,12,35.0,35.0,5,
cb_w24,36,1,24.0,36.0,65,
cb_w24,36,3,26.0,36.0,55,
cb_w24,36,6,29.0,36.0,40,
cb_w24,36,12,35.0,36.0,10,
cb_w24,37,1,24.0,37.0,70,
cb_w24,37,3,26.0,37.0,60,
cb_w24,37,6,29.0,37.0,45,
cb_w24,37,12,35.0,37.0,15,
cb_w24,38,1,24.0,38.0,75,
cb_w24,38,3,26.0,38.0,65,
cb_w24,38,6,29.0,38.0,50,
cb_w24,38,12,35.0,38.0,20,
cb_w24,39,1,24.0,39.0,80,
cb_w24,39,3,26.0,39.0,70,
cb_w24,39,6,29.0,39.0,55,
cb_w24,39,12,35.0,39.0,25,
cb_w24,40,1,24.0,40.0,85,
cb_w24,40,3,26.0,40.0,75,
cb_w24,40,6,29.0,40.0,60,
cb_w24,40,12,35.0,40.0,30,
cb_w24,41,1,24.0,41.0,90,
cb_w24,41,3,26.0,41.0,80,
cb_w24,41,6,29.0,41.0,65,
cb_w24,41,12,35.0,41.0,35,
cb_w24,42,1,24.0,42.0,95,
cb_w24,42,3,26.0,42.0,85,
cb_w24,42,6,29.0,42.0,70,
cb_w24,42,12,35.0,42.0,40,
cb_w24,43,1,24.0,43.0,100,
cb_w24,43,3,26.0,43.0,90,
cb_w24,43,6,29.0,43.0,75,
cb_w24,43,12,35.0,43.0,45,
cb_w24,44,1,24.0,44.0,105,
cb_w24,44,3,26.0,44.0,95,
cb_w24,44,6,29.0,44.0,80,
cb_w24,44,12,35.0,44.0,50,
cb_w24,45,1,24.0,45.0,110,
cb_w24,45,3,26.0,45.0,100,
cb_w24,45,6,29.0,45.0,85,
cb_w24,45,12,35.0,45.0,55,
cb_w24,46,1,24.0,46.0,115,
cb_w24,46,3,26.0,46.0,105,
cb_w24,46,6,29.0,46.0,90,
cb_w24,46,12,35.0,46.0,60,
cb_w24,47,1,24.0,47.0,120,
cb_w24,47,3,26.0,47.0,110,
cb_w24,47,6,29.0,47.0,95,
cb_w24,47,12,35.0,47.0,65,
cb_w24,48,1,25.0,48.0,120,
cb_w24,48,3,26.0,48.0,115,
cb_w24,48,6,29.0,48.0,100,
cb_w24,48,12,35.0,48.0,70,
cb_w24,49,1,26.0,49.0,120,
cb_w24,49,3,26.0,49.0,120,
cb_w24,49,6,29.0,49.0,105,
cb_w24,49,12,35.0,49.0,75,
cb_w24,50,1,27.0,50.0,120,
cb_w24,50,3,27.0,50.0,120,
cb_w24,50,6,29.0,50.0,110,
cb_w24,50,12,35.0,50.0,80,
cb_w24,51,1,28.0,51.0,120,
cb_w24,51,3,28.0,51.0,120,
cb_w24,51,6,29.0,51.0,115,
cb_w24,51,12,35.0,51.0,85,
cb_w24,52,1,29.0,52.0,120,
cb_w24,52,3,29.0,52.0,120,
cb_w24,52,6,29.0,52.0,120,
cb_w24,52,12,35.0,52.0,90,
cb_w24,53,1,30.0,53.0,120,
cb_w24,53,3,30.0,53.0,120,
cb_w24,53,6,30.0,53.0,120,
cb_w24,53,12,35.0,53.0,95,
cb_w24,54,1,31.0,54.0,120,
cb_w24,54,3,31.0,54.0,120,
cb_w24,54,6,31.0,54.0,120,
cb_w24,54,12,35.0,54.0,100,
cb_w24,55,1,32.0,55.0,120,
cb_w24,55,3,32.0,55.0,120,
cb_w24,55,6,32.0,55.0,120,
cb_w24,55,12,35.0,55.0,105,
cb_w24,56,1,33.0,56.0,120,
cb_w24,56,3,33.0,56.0,120,
cb_w24,56,6,33.0,56.0,120,
cb_w24,56,12,35.0,56.0,110,
cb_w24,57,1,34.0,57.0,120,
cb_w24,57,3,34.0,57.0,120,
cb_w24,57,6,34.0,57.0,120,
cb_w24,57,12,35.0,57.0,115,
cb_w24,58,1,35.0,58.0,120,
cb_w24,58,3,35.0,58.0,120,
cb_w24,58,6,35.0,58.0,120,
cb_w24,58,12,35.0,58.0,120,
cb_w24,59,1,36.0,59.0,120,
cb_w24,59,3,36.0,59.0,120,
cb_w24,59,6,36.0,59.0,120,
cb_w24,59,12,36.0,59.0,120,
cb_w24,60,1,37.0,60.0,120,
cb_w24,60,3,37.0,60.0,120,
cb_w24,60,6,37.0,60.0,120,
cb_w24,60,12,37.0,60.0,120,
cb_w24,61,1,38.0,61.0,120,
cb_w24,61,3,38.0,61.0,120,
cb_w24,61,6,38.0,61.0,120,
cb_w24,61,12,38.0,61.0,120,
cb_w24,62,1,39.0,62.0,120,
cb_w24,62,3,39.0,62.0,120,
cb_w24,62,6,39.0,62.0,120,
cb_w24,62,12,39.0,62.0,120,
cb_w24,63,1,40.0,63.0,120,
cb_w24,63,3,40.0,63.0,120,
cb_w24,63,6,40.0,63.0,120,
cb_w24,63,12,40.0,63.0,120,
cb_w24,64,1,41.0,64.0,120,
cb_w24,64,3,41.0,64.0,120,
cb_w24,64,6,41.0,64.0,120,
cb_w24,64,12,41.0,64.0,120,
cb_w24,65,1,42.0,65.0,120,
cb_w24,65,3,42.0,65.0,120,
cb_w24,65,6,42.0,65.0,120,
cb_w24,65,12,42.0,65.0,120,
cb_w24,66,1,43.0,66.0,120,
cb_w24,66,3,43.0,66.0,120,
cb_w24,66,6,43.0,66.0,120,
cb_w24,66,12,43.0,66.0,120,
cb_w24,67,1,44.0,67.0,120,
cb_w24,67,3,44.0,67.0,120,
cb_w24,67,6,44.0,67.0,120,
cb_w24,67,12,44.0,67.0,120,
cb_w24,68,1,45.0,68.0,120,
cb_w24,68,3,45.0,68.0,120,
cb_w24,68,6,45.0,68.0,120,
cb_w24,68,12,45.0,68.0,120,
cb_w24,69,1,46.0,69.0,120,
cb_w24,69,3,46.0,69.0,120,
cb_w24,69,6,46.0,69.0,120,
cb_w24,69,12,46.0,69.0,120,
cb_w24,70,1,47.0,70.0,120,
cb_w24,70,3,47.0,70.0,120,
cb_w24,70,6,47.0,70.0,120,
cb_w24,70,12,47.0,70.0,120,
cb_w24,71,1,48.0,71.0,120,
cb_w24,71,3,48.0,71.0,120,
cb_w24,71,6,48.0,71.0,120,
cb_w24,71,12,48.0,71.0,120,
cb_w24,72,1,49.0,72.0,120,
cb_w24,72,3,49.0,72.0,120,
cb_w24,72,6,49.0,72.0,120,
cb_w24,72,12,49.0,72.0,120,
cb_w24,73,1,50.0,73.0,120,
cb_w24,73,3,50.0,73.0,120,
cb_w24,73,6,50.0,73.0,120,
cb_w24,73,12,50.0,73.0,120,
cb_w24,74,1,51.0,74.0,120,
cb_w24,74,3,51.0,74.0,120,
cb_w24,74,6,51.0,74.0,120,
cb_w24,74,12,51.0,74.0,120,
cb_w24,75,1,52.0,75.0,120,
cb_w24,75,3,52.0,75.0,120,
cb_w24,75,6,52.0,75.0,120,
cb_w24,75,12,52.0,75.0,120,
cb_w24,76,1,53.0,76.0,120,
cb_w24,76,3,53.0,76.0,120,
cb_w24,76,6,53.0,76.0,120,
cb_w24,76,12,53.0,76.0,120,
cb_w24,77,1,54.0,77.0,120,
cb_w24,77,3,54.0,77.0,120,
cb_w24,77,6,54.0,77.0,120,
cb_w24,77,12,54.0,77.0,120,
cb_w24,78,1,55.0,78.0,120,
cb_w24,78,3,55.0,78.0,120,
cb_w24,78,6,55.0,78.0,120,
cb_w24,78,12,55.0,78.0,120,
cb_w24,79,1,56.0,79.0,120,
cb_w24,79,3,56.0,79.0,120,
cb_w24,79,6,56.0,79.0,120,
cb_w24,79,12,56.0,79.0,120,
cb_w24,80,1,57.0,80.0,120,
cb_w24,80,3,57.0,80.0,120,
cb_w24,80,6,57.0,80.0,120,
cb_w24,80,12,57.0,80.0,120,
cb_w24,81,1,58.0,81.0,120,
cb_w24,81,3,58.0,81.0,120,
cb_w24,81,6,58.0,81.0,120,
cb_w24,81,12,58.0,81.0,120,
cb_w24,82,1,59.0,82.0,120,
cb_w24,82,3,59.0,82.0,120,
cb_w24,82,6,59.0,82.0,120,
cb_w24,82,12,59.0,82.0,120,
cb_w24,83,1,60.0,83.0,120,
cb_w24,83,3,60.0,83.0,120,
cb_w24,83,6,60.0,83.0,120,
cb_w24,83,12,60.0,83.0,120,
cb_w24,84,1,61.0,84.0,120,
cb_w24,84,3,61.0,84.0,120,
cb_w24,84,6,61.0,84.0,120,
cb_w24,84,12,61.0,84.0,120,
cb_w24,85,1,62.0,85.0,120,
cb_w24,85,3,62.0,85.0,120,
cb_w24,85,6,62.0,85.0,120,
cb_w24,85,12,62.0,85.0,120,
cb_w24,86,1,63.0,86.0,120,
cb_w24,86,3,63.0,86.0,120,
cb_w24,86,6,63.0,86.0,120,
cb_w24,86,12,63.0,86.0,120,
cb_w24,87,1,64.0,87.0,120,
cb_w24,87,3,64.0,87.0,120,
cb_w24,87,6,64.0,87.0,120,
cb_w24,87,12,64.0,87.0,120,
cb_w24,88,1,65.0,88.0,120,
cb_w24,88,3,65.0,88.0,120,
cb_w24,88,6,65.0,88.0,120,
cb_w24,88,12,65.0,88.0,120,
cb_w24,89,1,66.0,89.0,120,
cb_w24,89,3,66.0,89.0,120,
cb_w24,89,6,66.0,89.0,120,
cb_w24,89,12,66.0,89.0,120,
cb_w24,90,1,67.0,90.0,120,
cb_w24,90,3,67.0,90.0,120,
cb_w24,90,6,67.0,90.0,120,
cb_w24,90,12,67.0,90.0,120,
cb_w24,91,1,68.0,91.0,120,
cb_w24,91,3,68.0,91.0,120,
cb_w24,91,6,68.0,91.0,120,
cb_w24,91,12,68.0,91.0,120,
cb_w24,92,1,69.0,92.0,120,
cb_w24,92,3,69.0,92.0,120,
cb_w24,92,6,69.0,92.0,120,
cb_w24,92,12,69.0,92.0,120,
cb_w36,35,1,24.0,35.0,60,
cb_w36,35,3,26.0,35.0,50,
cb_w36,35,6,29.0,35.0,35,
cb_w36,35,12,35.0,35.0,5,
cb_w36,36,1,24.0,36.0,65,
cb_w36,36,3,26.0,36.0,55,
cb_w36,36,6,29.0,36.0,40,
cb_w36,36,12,35.0,36.0,10,
cb_w36,37,1,24.0,37.0,70,
cb_w36,37,3,26.0,37.0,60,
cb_w36,37,6,29.0,37.0,45,
cb_w36,37,12,35.0,37.0,15,
cb_w36,38,1,24.0,38.0,75,
cb_w36,38,3,26.0,38.0,65,
cb_w36,38,6,29.0,38.0,50,
cb_w36,38,12,35.0,38.0,20,
cb_w36,39,1,24.0,39.0,80,
cb_w36,39,3,26.0,39.0,70,
cb_w36,39,6,29.0,39.0,55,
cb_w36,39,12,35.0,39.0,25,
cb_w36,40,1,24.0,40.0,85,
cb_w36,40,3,26.0,40.0,75,
cb_w36,40,6,29.0,40.0,60,
cb_w36,40,12,35.0,40.0,30,
cb_w36,41,1,24.0,41.0,90,
cb_w36,41,3,26.0,41.0,80,
cb_w36,41,6,29.0,41.0,65,
cb_w36,41,12,35.0,41.0,35,
cb_w36,42,1,24.0,42.0,95,
cb_w36,42,3,26.0,42.0,85,
cb_w36,42,6,29.0,42.0,70,
cb_w36,42,12,35.0,42.0,40,
cb_w36,43,1,24.0,43.0,100,
cb_w36,43,3,26.0,43.0,90,
cb_w36,43,6,29.0,43.0,75,
cb_w36,43,12,35.0,43.0,45,
cb_w36,44,1,24.0,44.0,105,
cb_w36,44,3,26.0,44.0,95,
cb_w36,44,6,29.0,44.0,80,
cb_w36,44,12,35.0,44.0,50,
cb_w36,45,1,24.0,45.0,110,
cb_w36,45,3,26.0,45.0,100,
cb_w36,45,6,29.0,45.0,85,
cb_w36,45,12,35.0,45.0,55,
cb_w36,46,1,24.0,46.0,115,
cb_w36,46,3,26.0,46.0,105,
cb_w36,46,6,29.0,46.0,90,
cb_w36,46,12,35.0,46.0,60,
cb_w36,47,1,24.0,47.0,120,
cb_w36,47,3,26.0,47.0,110,
cb_w36,47,6,29.0,47.0,95,
cb_w36,47,12,35.0,47.0,65,
cb_w36,48,1,24.0,48.0,125,
cb_w36,48,3,26.0,48.0,115,
cb_w36,48,6,29.0,48.0,100,
cb_w36,48,12,35.0,48.0,70,
cb_w36,49,1,24.0,49.0,130,
cb_w36,49,3,26.0,49.0,120,
cb_w36,49,6,29.0,49.0,105,
cb_w36,49,12,35.0,49.0,75,
cb_w36,50,1,24.0,50.0,135,
cb_w36,50,3,26.0,50.0,125,
cb_w36,50,6,29.0,50.0,110,
cb_w36,50,12,35.0,50.0,80,
cb_w36,51,1,24.0,51.0,140,
cb_w36,51,3,26.0,51.0,130,
cb_w36,51,6,29.0,51.0,115,
cb_w36,51,12,35.0,51.0,85,
cb_w36,52,1,24.0,52.0,145,
cb_w36,52,3,26.0,52.0,135,
cb_w36,52,6,29.0,52.0,120,
cb_w36,52,12,35.0,52.0,90,
cb_w36,53,1,24.0,53.0,150,
cb_w36,53,3,26.0,53.0,140,
cb_w36,53,6,29.0,53.0,125,
cb_w36,53,12,35.0,53.0,95,
cb_w36,54,1,24.0,54.0,155,
cb_w36,54,3,26.0,54.0,145,
cb_w36,54,6,29.0,54.0,130,
cb_w36,54,12,35.0,54.0,100,
cb_w36,55,1,24.0,55.0,160,
cb_w36,55,3,26.0,55.0,150,
cb_w36,55,6,29.0,55.0,135,
cb_w36,55,12,35.0,55.0,105,
cb_w36,56,1,24.0,56.0,165,
cb_w36,56,3,26.0,56.0,155,
cb_w36,56,6,29.0,56.0,140,
cb_w36,56,12,35.0,56.0,110,
cb_w36,57,1,24.0,57.0,170,
cb_w36,57,3,26.0,57.0,160,
cb_w36,57,6,29.0,57.0,145,
cb_w36,57,12,35.0,57.0,115,
cb_w36,58,1,24.0,58.0,175,
cb_w36,58,3,26.0,58.0,165,
cb_w36,58,6,29.0,58.0,150,
cb_w36,58,12,35.0,58.0,120,
cb_w36,59,1,24.0,59.0,180,
cb_w36,59,3,26.0,59.0,170,
cb_w36,59,6,29.0,59.0,155,
cb_w36,59,12,35.0,59.0,125,
cb_w36,60,1,25.0,60.0,180,
cb_w36,60,3,26.0,60.0,175,
cb_w36,60,6,29.0,60.0,160,
cb_w36,60,12,35.0,60.0,130,
cb_w36,61,1,26.0,61.0,180,
cb_w36,61,3,26.0,61.0,180,
cb_w36,61,6,29.0,61.0,165,
cb_w36,61,12,35.0,61.0,135,
cb_w36,62,1,27.0,62.0,180,
cb_w36,62,3,27.0,62.0,180,
cb_w36,62,6,29.0,62.0,170,
cb_w36,62,12,35.0,62.0,140,
cb_w36,63,1,28.0,63.0,180,
cb_w36,63,3,28.0,63.0,180,
cb_w36,63,6,29.0,63.0,175,
cb_w36,63,12,35.0,63.0,145,
cb_w36,64,1,29.0,64.0,180,
cb_w36,64,3,29.0,64.0,180,
cb_w36,64,6,29.0,64.0,180,
cb_w36,64,12,35.0,64.0,150,
cb_w36,65,1,30.0,65.0,180,
cb_w36,65,3,30.0,65.0,180,
cb_w36,65,6,30.0,65.0,180,
cb_w36,65,12,35.0,65.0,155,
cb_w36,66,1,31.0,66.0,180,
cb_w36,66,3,31.0,66.0,180,
cb_w36,66,6,31.0,66.0,180,
cb_w36,66,12,35.0,66.0,160,
cb_w36,67,1,32.0,67.0,180,
cb_w36,67,3,32.0,67.0,180,
cb_w36,67,6,32.0,67.0,180,
cb_w36,67,12,35.0,67.0,165,
cb_w36,68,1,33.0,68.0,180,
cb_w36,68,3,33.0,68.0,180,
cb_w36,68,6,33.0,68.0,180,
cb_w36,68,12,35.0,68.0,170,
cb_w36,69,1,34.0,69.0,180,
cb_w36,69,3,34.0,69.0,180,
cb_w36,69,6,34.0,69.0,180,
cb_w36,69,12,35.0,69.0,175,
cb_w36,70,1,35.0,70.0,180,
cb_w36,70,3,35.0,70.0,180,
cb_w36,70,6,35.0,70.0,180,
cb_w36,70,12,35.0,70.0,180,
cb_w36,71,1,36.0,71.0,180,
cb_w36,71,3,36.0,71.0,180,
cb_w36,71,6,36.0,71.0,180,
cb_w36,71,12,36.0,71.0,180,
cb_w36,72,1,37.0,72.0,180,
cb_w36,72,3,37.0,72.0,180,
cb_w36,72,6,37.0,72.0,180,
cb_w36,72,12,37.0,72.0,180,
cb_w36,73,1,38.0,73.0,180,
cb_w36,73,3,38.0,73.0,180,
cb_w36,73,6,38.0,73.0,180,
cb_w36,73,12,38.0,73.0,180,
cb_w36,74,1,39.0,74.0,180,
cb_w36,74,3,39.0,74.0,180,
cb_w36,74,6,39.0,74.0,180,
cb_w36,74,12,39.0,74.0,180,
cb_w36,75,1,40.0,75.0,180,
cb_w36,75,3,40.0,75.0,180,
cb_w36,75,6,40.0,75.0,180,
cb_w36,75,12,40.0,75.0,180,
cb_w36,76,1,41.0,76.0,180,
cb_w36,76,3,41.0,76.0,180,
cb_w36,76,6,41.0,76.0,180,
cb_w36,76,12,41.0,76.0,180,
cb_w36,77,1,42.0,77.0,180,
cb_w36,77,3,42.0,77.0,180,
cb_w36,77,6,42.0,77.0,180,
cb_w36,77,12,42.0,77.0,180,
cb_w36,78,1,43.0,78.0,180,
cb_w36,78,3,43.0,78.0,180,
cb_w36,78,6,43.0,78.0,180,
cb_w36,78,12,43.0,78.0,180,
cb_w36,79,1,44.0,79.0,180,
cb_w36,79,3,44.0,79.0,180,
cb_w36,79,6,44.0,79.0,180,
cb_w36,79,12,44.0,79.0,180,
cb_w36,80,1,45.0,80.0,180,
cb_w36,80,3,45.0,80.0,180,
cb_w36,80,6,45.0,80.0,180,
cb_w36,80,12,45.0,80.0,180,
cb_w36,81,1,46.0,81.0,180,
cb_w36,81,3,46.0,81.0,180,
cb_w36,81,6,46.0,81.0,180,
cb_w36,81,12,46.0,81.0,180,
cb_w36,82,1,47.0,82.0,180,
cb_w36,82,3,47.0,82.0,180,
cb_w36,82,6,47.0,82.0,180,
cb_w36,82,12,47.0,82.0,180,
cb_w36,83,1,48.0,83.0,180,
cb_w36,83,3,48.0,83.0,180,
cb_w36,83,6,48.0,83.0,180,
cb_w36,83,12,48.0,83.0,180,
cb_w36,84,1,49.0,84.0,180,
cb_w36,84,3,49.0,84.0,180,
cb_w36,84,6,49.0,84.0,180,
cb_w36,84,12,49.0,84.0,180,
cb_w36,85,1,50.0,85.0,180,
cb_w36,85,3,50.0,85.0,180,
cb_w36,85,6,50.0,85.0,180,
cb_w36,85,12,50.0,85.0,180,
cb_w36,86,1,51.0,86.0,180,
cb_w36,86,3,51.0,86.0,180,
cb_w36,86,6,51.0,86.0,180,
cb_w36,86,12,51.0,86.0,180,
cb_w36,87,1,52.0,87.0,180,
cb_w36,87,3,52.0,87.0,180,
cb_w36,87,6,52.0,87.0,180,
cb_w36,87,12,52.0,87.0,180,
cb_w36,88,1,53.0,88.0,180,
cb_w36,88,3,53.0,88.0,180,
cb_w36,88,6,53.0,88.0,180,
cb_w36,88,12,53.0,88.0,180,
cb_w36,89,1,54.0,89.0,180,
cb_w36,89,3,54.0,89.0,180,
cb_w36,89,6,54.0,89.0,180,
cb_w36,89,12,54.0,89.0,180,
cb_w36,90,1,55.0,90.0,180,
cb_w36,90,3,55.0,90.0,180,
cb_w36,90,6,55.0,90.0,180,
cb_w36,90,12,55.0,90.0,180,
cb_w36,91,1,56.0,91.0,180,
cb_w36,91,3,56.0,91.0,180,
cb_w36,91,6,56.0,91.0,180,
cb_w36,91,12,56.0,91.0,180,
cb_w36,92,1,57.0,92.0,180,
cb_w36,92,3,57.0,92.0,180,
cb_w36,92,6,57.0,92.0,180,
cb_w36,92,12,57.0,92.0,180,
cb_w48,35,1,24.0,35.0,60,
cb_w48,35,3,26.0,35.0,50,
cb_w48,35,6,29.0,35.0,35,
cb_w48,35,12,35.0,35.0,5,
cb_w48,36,1,24.0,36.0,65,
cb_w48,36,3,26.0,36.0,55,
cb_w48,36,6,29.0,36.0,40,
cb_w48,36,12,35.0,36.0,10,
cb_w48,37,1,24.0,37.0,70,
cb_w48,37,3,26.0,37.0,60,
cb_w48,37,6,29.0,37.0,45,
cb_w48,37,12,35.0,37.0,15,
cb_w48,38,1,24.0,38.0,75,
cb_w48,38,3,26.0,38.0,65,
cb_w48,38,6,29.0,38.0,50,
cb_w48,38,12,35.0,38.0,20,
cb_w48,39,1,24.0,39.0,80,
cb_w48,39,3,26.0,39.0,70,
cb_w48,39,6,29.0,39.0,55,
cb_w48,39,12,35.0,39.0,25,
cb_w48,40,1,24.0,40.0,85,
cb_w48,40,3,26.0,40.0,75,
cb_w48,40,6,29.0,40.0,60,
cb_w48,40,12,35.0,40.0,30,
cb_w48,41,1,24.0,41.0,90,
cb_w48,41,3,26.0,41.0,80,
cb_w48,41,6,29.0,41.0,65,
cb_w48,41,12,35.0,41.0,35,
cb_w48,42,1,24.0,42.0,95,
cb_w48,42,3,26.0,42.0,85,
cb_w48,42,6,29.0,42.0,70,
cb_w48,42,12,35.0,42.0,40,
cb_w48,43,1,24.0,43.0,100,
cb_w48,43,3,26.0,43.0,90,
cb_w48,43,6,29.0,43.0,75,
cb_w48,43,12,35.0,43.0,45,
cb_w48,44,1,24.0,44.0,105,
cb_w48,44,3,26.0,44.0,95,
cb_w48,44,6,29.0,44.0,80,
cb_w48,44,12,35.0,44.0,50,
cb_w48,45,1,24.0,45.0,110,
cb_w48,45,3,26.0,45.0,100,
cb_w48,45,6,29.0,45.0,85,
cb_w48,45,12,35.0,45.0,55,
cb_w48,46,1,24.0,46.0,115,
cb_w48,46,3,26.0,46.0,105,
cb_w48,46,6,29.0,46.0,90,
cb_w48,46,12,35.0,46.0,60,
cb_w48,47,1,24.0,47.0,120,
cb_w48,47,3,26.0,47.0,110,
cb_w48,47,6,29.0,47.0,95,
cb_w48,47,12,35.0,47.0,65,
cb_w48,48,1,24.0,48.0,125,
cb_w48,48,3,26.0,48.0,115,
cb_w48,48,6,29.0,48.0,100,
cb_w48,48,12,35.0,48.0,70,
cb_w48,49,1,24.0,49.0,130,
cb_w48,49,3,26.0,49.0,120,
cb_w48,49,6,29.0,49.0,105,
cb_w48,49,12,35.0,49.0,75,
cb_w48,50,1,24.0,50.0,135,
cb_w48,50,3,26.0,50.0,125,
cb_w48,50,6,29.0,50.0,110,
cb_w48,50,12,35.0,50.0,80,
cb_w48,51,1,24.0,51.0,140,
cb_w48,51,3,26.0,51.0,130,
cb_w48,51,6,29.0,51.0,115,
cb_w48,51,12,35.0,51.0,85,
cb_w48,52,1,24.0,52.0,145,
cb_w48,52,3,26.0,52.0,135,
cb_w48,52,6,29.0,52.0,120,
cb_w48,52,12,35.0,52.0,90,
cb_w48,53,1,24.0,53.0,150,
cb_w48,53,3,26.0,53.0,140,
cb_w48,53,6,29.0,53.0,125,
cb_w48,53,12,35.0,53.0,95,
cb_w48,54,1,24.0,54.0,155,
cb_w48,54,3,26.0,54.0,145,
cb_w48,54,6,29.0,54.0,130,
cb_w48,54,12,35.0,54.0,100,
cb_w48,55,1,24.0,55.0,160,
cb_w48,55,3,26.0,55.0,150,
cb_w48,55,6,29.0,55.0,135,
cb_w48,55,12,35.0,55.0,105,
cb_w48,56,1,24.0,56.0,165,
cb_w48,56,3,26.0,56.0,155,
cb_w48,56,6,29.0,56.0,140,
cb_w48,56,12,35.0,56.0,110,
cb_w48,57,1,24.0,57.0,170,
cb_w48,57,3,26.0,57.0,160,
cb_w48,57,6,29.0,57.0,145,
cb_w48,57,12,35.0,57.0,115,
cb_w48,58,1,24.0,58.0,175,
cb_w48,58,3,26.0,58.0,165,
cb_w48,58,6,29.0,58.0,150,
cb_w48,58,12,35.0,58.0,120,
cb_w48,59,1,24.0,59.0,180,
cb_w48,59,3,26.0,59.0,170,
cb_w48,59,6,29.0,59.0,155,
cb_w48,59,12,35.0,59.0,125,
cb_w48,60,1,24.0,60.0,185,
cb_w48,60,3,26.0,60.0,175,
cb_w48,60,6,29.0,60.0,160,
cb_w48,60,12,35.0,60.0,130,
cb_w48,61,1,24.0,61.0,190,
cb_w48,61,3,26.0,61.0,180,
cb_w48,61,6,29.0,61.0,165,
cb_w48,61,12,35.0,61.0,135,
cb_w48,62,1,24.0,62.0,195,
cb_w48,62,3,26.0,62.0,185,
cb_w48,62,6,29.0,62.0,170,
cb_w48,62,12,35.0,62.0,140,
cb_w48,63,1,24.0,63.0,200,
cb_w48,63,3,26.0,63.0,190,
cb_w48,63,6,29.0,63.0,175,
cb_w48,63,12,35.0,63.0,145,
cb_w48,64,1,24.0,64.0,205,
cb_w48,64,3,26.0,64.0,195,
cb_w48,64,6,29.0,64.0,180,
cb_w48,64,12,35.0,64.0,150,
cb_w48,65,1,24.0,65.0,210,
cb_w48,65,3,26.0,65.0,200,
cb_w48,65,6,29.0,65.0,185,
cb_w48,65,12,35.0,65.0,155,
cb_w48,66,1,24.0,66.0,215,
cb_w48,66,3,26.0,66.0,205,
cb_w48,66,6,29.0,66.0,190,
cb_w48,66,12,35.0,66.0,160,
cb_w48,67,1,24.0,67.0,220,
cb_w48,67,3,26.0,67.0,210,
cb_w48,67,6,29.0,67.0,195,
cb_w48,67,12,35.0,67.0,165,
cb_w48,68,1,24.0,68.0,225,
cb_w48,68,3,26.0,68.0,215,
cb_w48,68,6,29.0,68.0,200,
cb_w48,68,12,35.0,68.0,170,
cb_w48,69,1,24.0,69.0,230,
cb_w48,69,3,26.0,69.0,220,
cb_w48,69,6,29.0,69.0,205,
cb_w48,69,12,35.0,69.0,175,
cb_w48,70,1,24.0,70.0,235,
cb_w48,70,3,26.0,70.0,225,
cb_w48,70,6,29.0,70.0,210,
cb_w48,70,12,35.0,70.0,180,
cb_w48,71,1,24.0,71.0,240,
cb_w48,71,3,26.0,71.0,230,
cb_w48,71,6,29.0,71.0,215,
cb_w48,71,12,35.0,71.0,185,
cb_w48,72,1,25.0,72.0,240,
cb_w48,72,3,26.0,72.0,235,
cb_w48,72,6,29.0,72.0,220,
cb_w48,72,12,35.0,72.0,190,
cb_w48,73,1,26.0,73.0,240,
cb_w48,73,3,26.0,73.0,240,
cb_w48,73,6,29.0,73.0,225,
cb_w48,73,12,35.0,73.0,195,
cb_w48,74,1,27.0,74.0,240,
cb_w48,74,3,27.0,74.0,240,
cb_w48,74,6,29.0,74.0,230,
cb_w48,74,12,35.0,74.0,200,
cb_w48,75,1,28.0,75.0,240,
cb_w48,75,3,28.0,75.0,240,
cb_w48,75,6,29.0,75.0,235,
cb_w48,75,12,35.0,75.0,205,
cb_w48,76,1,29.0,76.0,240,
cb_w48,76,3,29.0,76.0,240,
cb_w48,76,6,29.0,76.0,240,
cb_w48,76,12,35.0,76.0,210,
cb_w48,77,1,30.0,77.0,240,
cb_w48,77,3,30.0,77.0,240,
cb_w48,77,6,30.0,77.0,240,
cb_w48,77,12,35.0,77.0,215,
cb_w48,78,1,31.0,78.0,240,
cb_w48,78,3,31.0,78.0,240,
cb_w48,78,6,31.0,78.0,240,
cb_w48,78,12,35.0,78.0,220,
cb_w48,79,1,32.0,79.0,240,
cb_w48,79,3,32.0,79.0,240,
cb_w48,79,6,32.0,79.0,240,
cb_w48,79,12,35.0,79.0,225,
cb_w48,80,1,33.0,80.0,240,
cb_w48,80,3,33.0,80.0,240,
cb_w48,80,6,33.0,80.0,240,
cb_w48,80,12,35.0,80.0,230,
cb_w48,81,1,34.0,81.0,240,
cb_w48,81,3,34.0,81.0,240,
cb_w48,81,6,34.0,81.0,240,
cb_w48,81,12,35.0,81.0,235,
cb_w48,82,1,35.0,82.0,240,
cb_w48,82,3,35.0,82.0,240,
cb_w48,82,6,35.0,82.0,240,
cb_w48,82,12,35.0,82.0,240,
cb_w48,83,1,36.0,83.0,240,
cb_w48,83,3,36.0,83.0,240,
cb_w48,83,6,36.0,83.0,240,
cb_w48,83,12,36.0,83.0,240,
cb_w48,84,1,37.0,84.0,240,
cb_w48,84,3,37.0,84.0,240,
cb_w48,84,6,37.0,84.0,240,
cb_w48,84,12,37.0,84.0,240,
cb_w48,85,1,38.0,85.0,240,
cb_w48,85,3,38.0,85.0,240,
cb_w48,85,6,38.0,85.0,240,
cb_w48,85,12,38.0,85.0,240,
cb_w48,86,1,39.0,86.0,240,
cb_w48,86,3,39.0,86.0,240,
cb_w48,86,6,39.0,86.0,240,
cb_w48,86,12,39.0,86.0,240,
cb_w48,87,1,40.0,87.0,240,
cb_w48,87,3,40.0,87.0,240,
cb_w48,87,6,40.0,87.0,240,
cb_w48,87,12,40.0,87.0,240,
cb_w48,88,1,41.0,88.0,240,
cb_w48,88,3,41.0,88.0,240,
cb_w48,88,6,41.0,88.0,240,
cb_w48,88,12,41.0,88.0,240,
cb_w48,89,1,42.0,89.0,240,
cb_w48,89,3,42.0,89.0,240,
cb_w48,89,6,42.0,89.0,240,
cb_w48,89,12,42.0,89.0,240,
cb_w48,90,1,43.0,90.0,240,
cb_w48,90,3,43.0,90.0,240,
cb_w48,90,6,43.0,90.0,240,
cb_w48,90,12,43.0,90.0,240,
cb_w48,91,1,44.0,91.0,240,
cb_w48,91,3,44.0,91.0,240,
cb_w48,91,6,44.0,91.0,240,
cb_w48,91,12,44.0,91.0,240,
cb_w48,92,1,45.0,92.0,240,
cb_w48,92,3,45.0,92.0,240,
cb_w48,92,6,45.0,92.0,240,
cb_w48,92,12,45.0,92.0,240,
cb_decay12,35,1,24.0,35.0,60,
cb_decay12,35,3,26.0,35.0,50,
cb_decay12,35,6,29.0,35.0,35,
cb_decay12,35,12,35.0,35.0,5,
cb_decay12,36,1,24.0,36.0,65,
cb_decay12,36,3,26.0,36.0,55,
cb_decay12,36,6,29.0,36.0,40,
cb_decay12,36,12,35.0,36.0,10,
cb_decay12,37,1,24.0,37.0,70,
cb_decay12,37,3,26.0,37.0,60,
cb_decay12,37,6,29.0,37.0,45,
cb_decay12,37,12,35.0,37.0,15,
cb_decay12,38,1,24.0,38.0,75,
cb_decay12,38,3,26.0,38.0,65,
cb_decay12,38,6,29.0,38.0,50,
cb_decay12,38,12,35.0,38.0,20,
cb_decay12,39,1,24.0,39.0,80,
cb_decay12,39,3,26.0,39.0,70,
cb_decay12,39,6,29.0,39.0,55,
cb_decay12,39,12,35.0,39.0,25,
cb_decay12,40,1,24.0,40.0,85,
cb_decay12,40,3,26.0,40.0,75,
cb_decay12,40,6,29.0,40.0,60,
cb_decay12,40,12,35.0,40.0,30,
cb_decay12,41,1,24.0,41.0,90,
cb_decay12,41,3,26.0,41.0,80,
cb_decay12,41,6,29.0,41.0,65,
cb_decay12,41,12,35.0,41.0,35,
cb_decay12,42,1,24.0,42.0,95,
cb_decay12,42,3,26.0,42.0,85,
cb_decay12,42,6,29.0,42.0,70,
cb_decay12,42,12,35.0,42.0,40,
cb_decay12,43,1,24.0,43.0,100,
cb_decay12,43,3,26.0,43.0,90,
cb_decay12,43,6,29.0,43.0,75,
cb_decay12,43,12,35.0,43.0,45,
cb_decay12,44,1,24.0,44.0,105,
cb_decay12,44,3,26.0,44.0,95,
cb_decay12,44,6,29.0,44.0,80,
cb_decay12,44,12,35.0,44.0,50,
cb_decay12,45,1,24.0,45.0,110,
cb_decay12,45,3,26.0,45.0,100,
cb_decay12,45,6,29.0,45.0,85,
cb_decay12,45,12,35.0,45.0,55,
cb_decay12,46,1,24.0,46.0,115,
cb_decay12,46,3,26.0,46.0,105,
cb_decay12,46,6,29.0,46.0,90,
cb_decay12,46,12,35.0,46.0,60,
cb_decay12,47,1,24.0,47.0,120,
cb_decay12,47,3,26.0,47.0,110,
cb_decay12,47,6,29.0,47.0,95,
cb_decay12,47,12,35.0,47.0,65,
cb_decay12,48,1,24.0,48.0,125,
cb_decay12,48,3,26.0,48.0,115,
cb_decay12,48,6,29.0,48.0,100,
cb_decay12,48,12,35.0,48.0,70,
cb_decay12,49,1,24.0,49.0,130,
cb_decay12,49,3,26.0,49.0,120,
cb_decay12,49,6,29.0,49.0,105,
cb_decay12,49,12,35.0,49.0,75,
cb_decay12,50,1,24.0,50.0,135,
cb_decay12,50,3,26.0,50.0,125,
cb_decay12,50,6,29.0,50.0,110,
cb_decay12,50,12,35.0,50.0,80,
cb_decay12,51,1,24.0,51.0,140,
cb_decay12,51,3,26.0,51.0,130,
cb_decay12,51,6,29.0,51.0,115,
cb_decay12,51,12,35.0,51.0,85,
cb_decay12,52,1,24.0,52.0,145,
cb_decay12,52,3,26.0,52.0,135,
cb_decay12,52,6,29.0,52.0,120,
cb_decay12,52,12,35.0,52.0,90,
cb_decay12,53,1,24.0,53.0,150,
cb_decay12,53,3,26.0,53.0,140,
cb_decay12,53,6,29.0,53.0,125,
cb_decay12,53,12,35.0,53.0,95,
cb_decay12,54,1,24.0,54.0,155,
cb_decay12,54,3,26.0,54.0,145,
cb_decay12,54,6,29.0,54.0,130,
cb_decay12,54,12,35.0,54.0,100,
cb_decay12,55,1,24.0,55.0,160,
cb_decay12,55,3,26.0,55.0,150,
cb_decay12,55,6,29.0,55.0,135,
cb_decay12,55,12,35.0,55.0,105,
cb_decay12,56,1,24.0,56.0,165,
cb_decay12,56,3,26.0,56.0,155,
cb_decay12,56,6,29.0,56.0,140,
cb_decay12,56,12,35.0,56.0,110,
cb_decay12,57,1,24.0,57.0,170,
cb_decay12,57,3,26.0,57.0,160,
cb_decay12,57,6,29.0,57.0,145,
cb_decay12,57,12,35.0,57.0,115,
cb_decay12,58,1,24.0,58.0,175,
cb_decay12,58,3,26.0,58.0,165,
cb_decay12,58,6,29.0,58.0,150,
cb_decay12,58,12,35.0,58.0,120,
cb_decay12,59,1,24.0,59.0,180,
cb_decay12,59,3,26.0,59.0,170,
cb_decay12,59,6,29.0,59.0,155,
cb_decay12,59,12,35.0,59.0,125,
cb_decay12,60,1,24.0,60.0,185,
cb_decay12,60,3,26.0,60.0,175,
cb_decay12,60,6,29.0,60.0,160,
cb_decay12,60,12,35.0,60.0,130,
cb_decay12,61,1,24.0,61.0,190,
cb_decay12,61,3,26.0,61.0,180,
cb_decay12,61,6,29.0,61.0,165,
cb_decay12,61,12,35.0,61.0,135,
cb_decay12,62,1,24.0,62.0,195,
cb_decay12,62,3,26.0,62.0,185,
cb_decay12,62,6,29.0,62.0,170,
cb_decay12,62,12,35.0,62.0,140,
cb_decay12,63,1,24.0,63.0,200,
cb_decay12,63,3,26.0,63.0,190,
cb_decay12,63,6,29.0,63.0,175,
cb_decay12,63,12,35.0,63.0,145,
cb_decay12,64,1,24.0,64.0,205,
cb_decay12,64,3,26.0,64.0,195,
cb_decay12,64,6,29.0,64.0,180,
cb_decay12,64,12,35.0,64.0,150,
cb_decay12,65,1,24.0,65.0,210,
cb_decay12,65,3,26.0,65.0,200,
cb_decay12,65,6,29.0,65.0,185,
cb_decay12,65,12,35.0,65.0,155,
cb_decay12,66,1,24.0,66.0,215,
cb_decay12,66,3,26.0,66.0,205,
cb_decay12,66,6,29.0,66.0,190,
cb_decay12,66,12,35.0,66.0,160,
cb_decay12,67,1,24.0,67.0,220,
cb_decay12,67,3,26.0,67.0,210,
cb_decay12,67,6,29.0,67.0,195,
cb_decay12,67,12,35.0,67.0,165,
cb_decay12,68,1,24.0,68.0,225,
cb_decay12,68,3,26.0,68.0,215,
cb_decay12,68,6,29.0,68.0,200,
cb_decay12,68,12,35.0,68.0,170,
cb_decay12,69,1,24.0,69.0,230,
cb_decay12,69,3,26.0,69.0,220,
cb_decay12,69,6,29.0,69.0,205,
cb_decay12,69,12,35.0,69.0,175,
cb_decay12,70,1,24.0,70.0,235,
cb_decay12,70,3,26.0,70.0,225,
cb_decay12,70,6,29.0,70.0,210,
cb_decay12,70,12,35.0,70.0,180,
cb_decay12,71,1,24.0,71.0,240,
cb_decay12,71,3,26.0,71.0,230,
cb_decay12,71,6,29.0,71.0,215,
cb_decay12,71,12,35.0,71.0,185,
cb_decay12,72,1,24.0,72.0,245,
cb_decay12,72,3,26.0,72.0,235,
cb_decay12,72,6,29.0,72.0,220,
cb_decay12,72,12,35.0,72.0,190,
cb_decay12,73,1,24.0,73.0,250,
cb_decay12,73,3,26.0,73.0,240,
cb_decay12,73,6,29.0,73.0,225,
cb_decay12,73,12,35.0,73.0,195,
cb_decay12,74,1,24.0,74.0,255,
cb_decay12,74,3,26.0,74.0,245,
cb_decay12,74,6,29.0,74.0,230,
cb_decay12,74,12,35.0,74.0,200,
cb_decay12,75,1,24.0,75.0,260,
cb_decay12,75,3,26.0,75.0,250,
cb_decay12,75,6,29.0,75.0,235,
cb_decay12,75,12,35.0,75.0,205,
cb_decay12,76,1,24.0,76.0,265,
cb_decay12,76,3,26.0,76.0,255,
cb_decay12,76,6,29.0,76.0,240,
cb_decay12,76,12,35.0,76.0,210,
cb_decay12,77,1,24.0,77.0,270,
cb_decay12,77,3,26.0,77.0,260,
cb_decay12,77,6,29.0,77.0,245,
cb_decay12,77,12,35.0,77.0,215,
cb_decay12,78,1,24.0,78.0,275,
cb_decay12,78,3,26.0,78.0,265,
cb_decay12,78,6,29.0,78.0,250,
cb_decay12,78,12,35.0,78.0,220,
cb_decay12,79,1,24.0,79.0,280,
cb_decay12,79,3,26.0,79.0,270,
cb_decay12,79,6,29.0,79.0,255,
cb_decay12,79,12,35.0,79.0,225,
cb_decay12,80,1,24.0,80.0,285,
cb_decay12,80,3,26.0,80.0,275,
cb_decay12,80,6,29.0,80.0,260,
cb_decay12,80,12,35.0,80.0,230,
cb_decay12,81,1,24.0,81.0,290,
cb_decay12,81,3,26.0,81.0,280,
cb_decay12,81,6,29.0,81.0,265,
cb_decay12,81,12,35.0,81.0,235,
cb_decay12,82,1,24.0,82.0,295,
cb_decay12,82,3,26.0,82.0,285,
cb_decay12,82,6,29.0,82.0,270,
cb_decay12,82,12,35.0,82.0,240,
cb_decay12,83,1,24.0,83.0,300,
cb_decay12,83,3,26.0,83.0,290,
cb_decay12,83,6,29.0,83.0,275,
cb_decay12,83,12,35.0,83.0,245,
cb_decay12,84,1,24.0,84.0,305,
cb_decay12,84,3,26.0,84.0,295,
cb_decay12,84,6,29.0,84.0,280,
cb_decay12,84,12,35.0,84.0,250,
cb_decay12,85,1,24.0,85.0,310,
cb_decay12,85,3,26.0,85.0,300,
cb_decay12,85,6,29.0,85.0,285,
cb_decay12,85,12,35.0,85.0,255,
cb_decay12,86,1,24.0,86.0,315,
cb_decay12,86,3,26.0,86.0,305,
cb_decay12,86,6,29.0,86.0,290,
cb_decay12,86,12,35.0,86.0,260,
cb_decay12,87,1,24.0,87.0,320,
cb_decay12,87,3,26.0,87.0,310,
cb_decay12,87,6,29.0,87.0,295,
cb_decay12,87,12,35.0,87.0,265,
cb_decay12,88,1,24.0,88.0,325,
cb_decay12,88,3,26.0,88.0,315,
cb_decay12,88,6,29.0,88.0,300,
cb_decay12,88,12,35.0,88.0,270,
cb_decay12,89,1,24.0,89.0,330,
cb_decay12,89,3,26.0,89.0,320,
cb_decay12,89,6,29.0,89.0,305,
cb_decay12,89,12,35.0,89.0,275,
cb_decay12,90,1,24.0,90.0,335,
cb_decay12,90,3,26.0,90.0,325,
cb_decay12,90,6,29.0,90.0,310,
cb_decay12,90,12,35.0,90.0,280,
cb_decay12,91,1,24.0,91.0,340,
cb_decay12,91,3,26.0,91.0,330,
cb_decay12,91,6,29.0,91.0,315,
cb_decay12,91,12,35.0,91.0,285,
cb_decay12,92,1,24.0,92.0,345,
cb_decay12,92,3,26.0,92.0,335,
cb_decay12,92,6,29.0,92.0,320,
cb_decay12,92,12,35.0,92.0,290,
cb_calendar36,35,1,24.0,35.0,60,
cb_calendar36,35,3,26.0,35.0,50,
cb_calendar36,35,6,29.0,35.0,35,
cb_calendar36,35,12,35.0,35.0,5,
cb_calendar36,36,1,24.0,36.0,65,
cb_calendar36,36,3,26.0,36.0,55,
cb_calendar36,36,6,29.0,36.0,40,
cb_calendar36,36,12,35.0,36.0,10,
cb_calendar36,37,1,24.0,37.0,70,
cb_calendar36,37,3,26.0,37.0,60,
cb_calendar36,37,6,29.0,37.0,45,
cb_calendar36,37,12,35.0,37.0,15,
cb_calendar36,38,1,24.0,38.0,75,
cb_calendar36,38,3,26.0,38.0,65,
cb_calendar36,38,6,29.0,38.0,50,
cb_calendar36,38,12,35.0,38.0,20,
cb_calendar36,39,1,24.0,39.0,80,
cb_calendar36,39,3,26.0,39.0,70,
cb_calendar36,39,6,29.0,39.0,55,
cb_calendar36,39,12,35.0,39.0,25,
cb_calendar36,40,1,24.0,40.0,85,
cb_calendar36,40,3,26.0,40.0,75,
cb_calendar36,40,6,29.0,40.0,60,
cb_calendar36,40,12,35.0,40.0,30,
cb_calendar36,41,1,24.0,41.0,90,
cb_calendar36,41,3,26.0,41.0,80,
cb_calendar36,41,6,29.0,41.0,65,
cb_calendar36,41,12,35.0,41.0,35,
cb_calendar36,42,1,24.0,42.0,95,
cb_calendar36,42,3,26.0,42.0,85,
cb_calendar36,42,6,29.0,42.0,70,
cb_calendar36,42,12,35.0,42.0,40,
cb_calendar36,43,1,24.0,43.0,100,
cb_calendar36,43,3,26.0,43.0,90,
cb_calendar36,43,6,29.0,43.0,75,
cb_calendar36,43,12,35.0,43.0,45,
cb_calendar36,44,1,24.0,44.0,105,
cb_calendar36,44,3,26.0,44.0,95,
cb_calendar36,44,6,29.0,44.0,80,
cb_calendar36,44,12,35.0,44.0,50,
cb_calendar36,45,1,24.0,45.0,110,
cb_calendar36,45,3,26.0,45.0,100,
cb_calendar36,45,6,29.0,45.0,85,
cb_calendar36,45,12,35.0,45.0,55,
cb_calendar36,46,1,24.0,46.0,115,
cb_calendar36,46,3,26.0,46.0,105,
cb_calendar36,46,6,29.0,46.0,90,
cb_calendar36,46,12,35.0,46.0,60,
cb_calendar36,47,1,24.0,47.0,120,
cb_calendar36,47,3,26.0,47.0,110,
cb_calendar36,47,6,29.0,47.0,95,
cb_calendar36,47,12,35.0,47.0,65,
cb_calendar36,48,1,24.0,48.0,125,
cb_calendar36,48,3,26.0,48.0,115,
cb_calendar36,48,6,29.0,48.0,100,
cb_calendar36,48,12,35.0,48.0,70,
cb_calendar36,49,1,24.0,49.0,130,
cb_calendar36,49,3,26.0,49.0,120,
cb_calendar36,49,6,29.0,49.0,105,
cb_calendar36,49,12,35.0,49.0,75,
cb_calendar36,50,1,24.0,50.0,135,
cb_calendar36,50,3,26.0,50.0,125,
cb_calendar36,50,6,29.0,50.0,110,
cb_calendar36,50,12,35.0,50.0,80,
cb_calendar36,51,1,24.0,51.0,140,
cb_calendar36,51,3,26.0,51.0,130,
cb_calendar36,51,6,29.0,51.0,115,
cb_calendar36,51,12,35.0,51.0,85,
cb_calendar36,52,1,24.0,52.0,145,
cb_calendar36,52,3,26.0,52.0,135,
cb_calendar36,52,6,29.0,52.0,120,
cb_calendar36,52,12,35.0,52.0,90,
cb_calendar36,53,1,24.0,53.0,150,
cb_calendar36,53,3,26.0,53.0,140,
cb_calendar36,53,6,29.0,53.0,125,
cb_calendar36,53,12,35.0,53.0,95,
cb_calendar36,54,1,24.0,54.0,155,
cb_calendar36,54,3,26.0,54.0,145,
cb_calendar36,54,6,29.0,54.0,130,
cb_calendar36,54,12,35.0,54.0,100,
cb_calendar36,55,1,24.0,55.0,160,
cb_calendar36,55,3,26.0,55.0,150,
cb_calendar36,55,6,29.0,55.0,135,
cb_calendar36,55,12,35.0,55.0,105,
cb_calendar36,56,1,24.0,56.0,165,
cb_calendar36,56,3,26.0,56.0,155,
cb_calendar36,56,6,29.0,56.0,140,
cb_calendar36,56,12,35.0,56.0,110,
cb_calendar36,57,1,24.0,57.0,170,
cb_calendar36,57,3,26.0,57.0,160,
cb_calendar36,57,6,29.0,57.0,145,
cb_calendar36,57,12,35.0,57.0,115,
cb_calendar36,58,1,24.0,58.0,175,
cb_calendar36,58,3,26.0,58.0,165,
cb_calendar36,58,6,29.0,58.0,150,
cb_calendar36,58,12,35.0,58.0,120,
cb_calendar36,59,1,24.0,59.0,180,
cb_calendar36,59,3,26.0,59.0,170,
cb_calendar36,59,6,29.0,59.0,155,
cb_calendar36,59,12,35.0,59.0,125,
cb_calendar36,60,1,25.0,60.0,180,
cb_calendar36,60,3,26.0,60.0,175,
cb_calendar36,60,6,29.0,60.0,160,
cb_calendar36,60,12,35.0,60.0,130,
cb_calendar36,61,1,26.0,61.0,180,
cb_calendar36,61,3,26.0,61.0,180,
cb_calendar36,61,6,29.0,61.0,165,
cb_calendar36,61,12,35.0,61.0,135,
cb_calendar36,62,1,27.0,62.0,180,
cb_calendar36,62,3,27.0,62.0,180,
cb_calendar36,62,6,29.0,62.0,170,
cb_calendar36,62,12,35.0,62.0,140,
cb_calendar36,63,1,28.0,63.0,180,
cb_calendar36,63,3,28.0,63.0,180,
cb_calendar36,63,6,29.0,63.0,175,
cb_calendar36,63,12,35.0,63.0,145,
cb_calendar36,64,1,29.0,64.0,180,
cb_calendar36,64,3,29.0,64.0,180,
cb_calendar36,64,6,29.0,64.0,180,
cb_calendar36,64,12,35.0,64.0,150,
cb_calendar36,65,1,30.0,65.0,180,
cb_calendar36,65,3,30.0,65.0,180,
cb_calendar36,65,6,30.0,65.0,180,
cb_calendar36,65,12,35.0,65.0,155,
cb_calendar36,66,1,31.0,66.0,180,
cb_calendar36,66,3,31.0,66.0,180,
cb_calendar36,66,6,31.0,66.0,180,
cb_calendar36,66,12,35.0,66.0,160,
cb_calendar36,67,1,32.0,67.0,180,
cb_calendar36,67,3,32.0,67.0,180,
cb_calendar36,67,6,32.0,67.0,180,
cb_calendar36,67,12,35.0,67.0,165,
cb_calendar36,68,1,33.0,68.0,180,
cb_calendar36,68,3,33.0,68.0,180,
cb_calendar36,68,6,33.0,68.0,180,
cb_calendar36,68,12,35.0,68.0,170,
cb_calendar36,69,1,34.0,69.0,180,
cb_calendar36,69,3,34.0,69.0,180,
cb_calendar36,69,6,34.0,69.0,180,
cb_calendar36,69,12,35.0,69.0,175,
cb_calendar36,70,1,35.0,70.0,180,
cb_calendar36,70,3,35.0,70.0,180,
cb_calendar36,70,6,35.0,70.0,180,
cb_calendar36,70,12,35.0,70.0,180,
cb_calendar36,71,1,36.0,71.0,180,
cb_calendar36,71,3,36.0,71.0,180,
cb_calendar36,71,6,36.0,71.0,180,
cb_calendar36,71,12,36.0,71.0,180,
cb_calendar36,72,1,37.0,72.0,180,
cb_calendar36,72,3,37.0,72.0,180,
cb_calendar36,72,6,37.0,72.0,180,
cb_calendar36,72,12,37.0,72.0,180,
cb_calendar36,73,1,38.0,73.0,180,
cb_calendar36,73,3,38.0,73.0,180,
cb_calendar36,73,6,38.0,73.0,180,
cb_calendar36,73,12,38.0,73.0,180,
cb_calendar36,74,1,39.0,74.0,180,
cb_calendar36,74,3,39.0,74.0,180,
cb_calendar36,74,6,39.0,74.0,180,
cb_calendar36,74,12,39.0,74.0,180,
cb_calendar36,75,1,40.0,75.0,180,
cb_calendar36,75,3,40.0,75.0,180,
cb_calendar36,75,6,40.0,75.0,180,
cb_calendar36,75,12,40.0,75.0,180,
cb_calendar36,76,1,41.0,76.0,180,
cb_calendar36,76,3,41.0,76.0,180,
cb_calendar36,76,6,41.0,76.0,180,
cb_calendar36,76,12,41.0,76.0,180,
cb_calendar36,77,1,42.0,77.0,180,
cb_calendar36,77,3,42.0,77.0,180,
cb_calendar36,77,6,42.0,77.0,180,
cb_calendar36,77,12,42.0,77.0,180,
cb_calendar36,78,1,43.0,78.0,180,
cb_calendar36,78,3,43.0,78.0,180,
cb_calendar36,78,6,43.0,78.0,180,
cb_calendar36,78,12,43.0,78.0,180,
cb_calendar36,79,1,44.0,79.0,180,
cb_calendar36,79,3,44.0,79.0,180,
cb_calendar36,79,6,44.0,79.0,180,
cb_calendar36,79,12,44.0,79.0,180,
cb_calendar36,80,1,45.0,80.0,180,
cb_calendar36,80,3,45.0,80.0,180,
cb_calendar36,80,6,45.0,80.0,180,
cb_calendar36,80,12,45.0,80.0,180,
cb_calendar36,81,1,46.0,81.0,180,
cb_calendar36,81,3,46.0,81.0,180,
cb_calendar36,81,6,46.0,81.0,180,
cb_calendar36,81,12,46.0,81.0,180,
cb_calendar36,82,1,47.0,82.0,180,
cb_calendar36,82,3,47.0,82.0,180,
cb_calendar36,82,6,47.0,82.0,180,
cb_calendar36,82,12,47.0,82.0,180,
cb_calendar36,83,1,48.0,83.0,180,
cb_calendar36,83,3,48.0,83.0,180,
cb_calendar36,83,6,48.0,83.0,180,
cb_calendar36,83,12,48.0,83.0,180,
cb_calendar36,84,1,49.0,84.0,180,
cb_calendar36,84,3,49.0,84.0,180,
cb_calendar36,84,6,49.0,84.0,180,
cb_calendar36,84,12,49.0,84.0,180,
cb_calendar36,85,1,50.0,85.0,180,
cb_calendar36,85,3,50.0,85.0,180,
cb_calendar36,85,6,50.0,85.0,180,
cb_calendar36,85,12,50.0,85.0,180,
cb_calendar36,86,1,51.0,86.0,180,
cb_calendar36,86,3,51.0,86.0,180,
cb_calendar36,86,6,51.0,86.0,180,
cb_calendar36,86,12,51.0,86.0,180,
cb_calendar36,87,1,52.0,87.0,180,
cb_calendar36,87,3,52.0,87.0,180,
cb_calendar36,87,6,52.0,87.0,180,
cb_calendar36,87,12,52.0,87.0,180,
cb_calendar36,88,1,53.0,88.0,180,
cb_calendar36,88,3,53.0,88.0,180,
cb_calendar36,88,6,53.0,88.0,180,
cb_calendar36,88,12,53.0,88.0,180,
cb_calendar36,89,1,54.0,89.0,180,
cb_calendar36,89,3,54.0,89.0,180,
cb_calendar36,89,6,54.0,89.0,180,
cb_calendar36,89,12,54.0,89.0,180,
cb_calendar36,90,1,55.0,90.0,180,
cb_calendar36,90,3,55.0,90.0,180,
cb_calendar36,90,6,55.0,90.0,180,
cb_calendar36,90,12,55.0,90.0,180,
cb_calendar36,91,1,56.0,91.0,180,
cb_calendar36,91,3,56.0,91.0,180,
cb_calendar36,91,6,56.0,91.0,180,
cb_calendar36,91,12,56.0,91.0,180,
cb_calendar36,92,1,57.0,92.0,180,
cb_calendar36,92,3,57.0,92.0,180,
cb_calendar36,92,6,57.0,92.0,180,
cb_calendar36,92,12,57.0,92.0,180,
forest,35,1,,,60,35.0
forest,35,3,,,50,35.0
forest,35,6,,,35,35.0
forest,35,12,,,5,35.0
forest,36,1,,,65,36.0
forest,36,3,,,55,36.0
forest,36,6,,,40,36.0
forest,36,12,,,10,36.0
forest,37,1,,,70,37.0
forest,37,3,,,60,37.0
forest,37,6,,,45,37.0
forest,37,12,,,15,37.0
forest,38,1,,,75,38.0
forest,38,3,,,65,38.0
forest,38,6,,,50,38.0
forest,38,12,,,20,38.0
forest,39,1,,,80,39.0
forest,39,3,,,70,39.0
forest,39,6,,,55,39.0
forest,39,12,,,25,39.0
forest,40,1,,,85,40.0
forest,40,3,,,75,40.0
forest,40,6,,,60,40.0
forest,40,12,,,30,40.0
forest,41,1,,,90,41.0
forest,41,3,,,80,41.0
forest,41,6,,,65,41.0
forest,41,12,,,35,41.0
forest,42,1,,,95,42.0
forest,42,3,,,85,42.0
forest,42,6,,,70,42.0
forest,42,12,,,40,42.0
forest,43,1,,,100,43.0
forest,43,3,,,90,43.0
forest,43,6,,,75,43.0
forest,43,12,,,45,43.0
forest,44,1,,,105,44.0
forest,44,3,,,95,44.0
forest,44,6,,,80,44.0
forest,44,12,,,50,44.0
forest,45,1,,,110,45.0
forest,45,3,,,100,45.0
forest,45,6,,,85,45.0
forest,45,12,,,55,45.0
forest,46,1,,,115,46.0
forest,46,3,,,105,46.0
forest,46,6,,,90,46.0
forest,46,12,,,60,46.0
forest,47,1,,,120,47.0
forest,47,3,,,110,47.0
forest,47,6,,,95,47.0
forest,47,12,,,65,47.0
forest,48,1,,,125,48.0
forest,48,3,,,115,48.0
forest,48,6,,,100,48.0
forest,48,12,,,70,48.0
forest,49,1,,,130,49.0
forest,49,3,,,120,49.0
forest,49,6,,,105,49.0
forest,49,12,,,75,49.0
forest,50,1,,,135,50.0
forest,50,3,,,125,50.0
forest,50,6,,,110,50.0
forest,50,12,,,80,50.0
forest,51,1,,,140,51.0
forest,51,3,,,130,51.0
forest,51,6,,,115,51.0
forest,51,12,,,85,51.0
forest,52,1,,,145,52.0
forest,52,3,,,135,52.0
forest,52,6,,,120,52.0
forest,52,12,,,90,52.0
forest,53,1,,,150,53.0
forest,53,3,,,140,53.0
forest,53,6,,,125,53.0
forest,53,12,,,95,53.0
forest,54,1,,,155,54.0
forest,54,3,,,145,54.0
forest,54,6,,,130,54.0
forest,54,12,,,100,54.0
forest,55,1,,,160,55.0
forest,55,3,,,150,55.0
forest,55,6,,,135,55.0
forest,55,12,,,105,55.0
forest,56,1,,,165,56.0
forest,56,3,,,155,56.0
forest,56,6,,,140,56.0
forest,56,12,,,110,56.0
forest,57,1,,,170,57.0
forest,57,3,,,160,57.0
forest,57,6,,,145,57.0
forest,57,12,,,115,57.0
forest,58,1,,,175,58.0
forest,58,3,,,165,58.0
forest,58,6,,,150,58.0
forest,58,12,,,120,58.0
forest,59,1,,,180,59.0
forest,59,3,,,170,59.0
forest,59,6,,,155,59.0
forest,59,12,,,125,59.0
forest,60,1,,,185,60.0
forest,60,3,,,175,60.0
forest,60,6,,,160,60.0
forest,60,12,,,130,60.0
forest,61,1,,,190,61.0
forest,61,3,,,180,61.0
forest,61,6,,,165,61.0
forest,61,12,,,135,61.0
forest,62,1,,,195,62.0
forest,62,3,,,185,62.0
forest,62,6,,,170,62.0
forest,62,12,,,140,62.0
forest,63,1,,,200,63.0
forest,63,3,,,190,63.0
forest,63,6,,,175,63.0
forest,63,12,,,145,63.0
forest,64,1,,,205,64.0
forest,64,3,,,195,64.0
forest,64,6,,,180,64.0
forest,64,12,,,150,64.0
forest,65,1,,,210,65.0
forest,65,3,,,200,65.0
forest,65,6,,,185,65.0
forest,65,12,,,155,65.0
forest,66,1,,,215,66.0
forest,66,3,,,205,66.0
forest,66,6,,,190,66.0
forest,66,12,,,160,66.0
forest,67,1,,,220,67.0
forest,67,3,,,210,67.0
forest,67,6,,,195,67.0
forest,67,12,,,165,67.0
forest,68,1,,,225,68.0
forest,68,3,,,215,68.0
forest,68,6,,,200,68.0
forest,68,12,,,170,68.0
forest,69,1,,,230,69.0
forest,69,3,,,220,69.0
forest,69,6,,,205,69.0
forest,69,12,,,175,69.0
forest,70,1,,,235,70.0
forest,70,3,,,225,70.0
forest,70,6,,,210,70.0
forest,70,12,,,180,70.0
forest,71,1,,,240,71.0
forest,71,3,,,230,71.0
forest,71,6,,,215,71.0
forest,71,12,,,185,71.0
forest,72,1,,,245,72.0
forest,72,3,,,235,72.0
forest,72,6,,,220,72.0
forest,72,12,,,190,72.0
forest,73,1,,,250,73.0
forest,73,3,,,240,73.0
forest,73,6,,,225,73.0
forest,73,12,,,195,73.0
forest,74,1,,,255,74.0
forest,74,3,,,245,74.0
forest,74,6,,,230,74.0
forest,74,12,,,200,74.0
forest,75,1,,,260,75.0
forest,75,3,,,250,75.0
forest,75,6,,,235,75.0
forest,75,12,,,205,75.0
forest,76,1,,,265,76.0
forest,76,3,,,255,76.0
forest,76,6,,,240,76.0
forest,76,12,,,210,76.0
forest,77,1,,,270,77.0
forest,77,3,,,260,77.0
forest,77,6,,,245,77.0
forest,77,12,,,215,77.0
forest,78,1,,,275,78.0
forest,78,3,,,265,78.0
forest,78,6,,,250,78.0
forest,78,12,,,220,78.0
forest,79,1,,,280,79.0
forest,79,3,,,270,79.0
forest,79,6,,,255,79.0
forest,79,12,,,225,79.0
forest,80,1,,,285,80.0
forest,80,3,,,275,80.0
forest,80,6,,,260,80.0
forest,80,12,,,230,80.0
forest,81,1,,,290,81.0
forest,81,3,,,280,81.0
forest,81,6,,,265,81.0
forest,81,12,,,235,81.0
forest,82,1,,,295,82.0
forest,82,3,,,285,82.0
forest,82,6,,,270,82.0
forest,82,12,,,240,82.0
forest,83,1,,,300,83.0
forest,83,3,,,290,83.0
forest,83,6,,,275,83.0
forest,83,12,,,245,83.0
forest,84,1,,,305,84.0
forest,84,3,,,295,84.0
forest,84,6,,,280,84.0
forest,84,12,,,250,84.0
forest,85,1,,,310,85.0
forest,85,3,,,300,85.0
forest,85,6,,,285,85.0
forest,85,12,,,255,85.0
forest,86,1,,,315,86.0
forest,86,3,,,305,86.0
forest,86,6,,,290,86.0
forest,86,12,,,260,86.0
forest,87,1,,,320,87.0
forest,87,3,,,310,87.0
forest,87,6,,,295,87.0
forest,87,12,,,265,87.0
forest,88,1,,,325,88.0
forest,88,3,,,315,88.0
forest,88,6,,,300,88.0
forest,88,12,,,270,88.0
forest,89,1,,,330,89.0
forest,89,3,,,320,89.0
forest,89,6,,,305,89.0
forest,89,12,,,275,89.0
forest,90,1,,,335,90.0
forest,90,3,,,325,90.0
forest,90,6,,,310,90.0
forest,90,12,,,280,90.0
forest,91,1,,,340,91.0
forest,91,3,,,330,91.0
forest,91,6,,,315,91.0
forest,91,12,,,285,91.0
forest,92,1,,,345,92.0
forest,92,3,,,335,92.0
forest,92,6,,,320,92.0
forest,92,12,,,290,92.0
