variant,alpha,shrink,h,validation_mae,family,base_model
economic_decay_14d,100,0.0,1,268.8700172011329,selected_decay,Ensemble
economic_decay_14d,100,0.0,3,291.1790668889668,selected_decay,Ensemble
economic_decay_14d,100,0.1,6,451.2054958103018,selected_decay,Ensemble
economic_decay_14d,100,0.0,12,675.2767478747246,selected_decay,Ensemble
economic_windows,100,0.0,1,268.8700172011329,selected_news,Ensemble
economic_windows,100,0.0,3,291.1790668889668,selected_news,Ensemble
economic_decay_14d,100,0.1,6,451.2054958103018,selected_news,Ensemble
economic_windows,100,0.0,12,675.2767478747246,selected_news,Ensemble
economic_decay_14d,1000,0.1,1,325.7280109167498,selected_decay,PastOnlyBlend
economic_decay_14d,100,0.0,3,399.5667190062694,selected_decay,PastOnlyBlend
economic_decay_14d,100,0.1,6,514.8259726693249,selected_decay,PastOnlyBlend
economic_decay_14d,100,0.0,12,656.2073089077942,selected_decay,PastOnlyBlend
economic_decay_14d,1000,0.1,1,325.7280109167498,selected_news,PastOnlyBlend
economic_windows,100,0.0,3,399.5667190062694,selected_news,PastOnlyBlend
economic_decay_14d,100,0.1,6,514.8259726693249,selected_news,PastOnlyBlend
economic_windows,100,0.0,12,656.2073089077942,selected_news,PastOnlyBlend
economic_decay_14d,100,0.0,3,401.1741352026958,selected_decay,Prophet
economic_decay_14d,100,0.0,1,403.5339398397679,selected_decay,Prophet
economic_decay_14d,100,0.0,6,687.5703362032898,selected_decay,Prophet
economic_decay_14d,100,0.0,12,995.6516567587088,selected_decay,Prophet
economic_windows,100,0.0,3,401.1741352026958,selected_news,Prophet
economic_windows,100,0.0,1,403.5339398397679,selected_news,Prophet
economic_windows,100,0.0,6,687.5703362032898,selected_news,Prophet
economic_windows,100,0.0,12,995.6516567587088,selected_news,Prophet
economic_decay_14d,1000,0.5,1,418.24775769460535,selected_decay,SeasonalNaive_NatGrowth
economic_decay_14d,1000,0.1,3,488.97614861918686,selected_decay,SeasonalNaive_NatGrowth
economic_decay_14d,1000,0.1,6,502.6287793417507,selected_decay,SeasonalNaive_NatGrowth
economic_decay_14d,100,0.0,12,741.3078227572971,selected_decay,SeasonalNaive_NatGrowth
economic_decay_14d,1000,0.5,1,418.24775769460535,selected_news,SeasonalNaive_NatGrowth
economic_decay_14d,1000,0.1,3,488.97614861918686,selected_news,SeasonalNaive_NatGrowth
economic_decay_14d,1000,0.1,6,502.6287793417507,selected_news,SeasonalNaive_NatGrowth
economic_windows,100,0.0,12,741.3078227572971,selected_news,SeasonalNaive_NatGrowth
economic_decay_14d,100,0.25,1,337.37334360643257,selected_decay,NatPath_K3
economic_decay_90d,100,0.1,3,367.66583441555633,selected_decay,NatPath_K3
economic_decay_14d,1000,0.5,6,637.2338120996953,selected_decay,NatPath_K3
economic_decay_14d,100,0.0,12,677.4798027755868,selected_decay,NatPath_K3
economic_decay_14d,100,0.25,1,337.37334360643257,selected_news,NatPath_K3
economic_decay_90d,100,0.1,3,367.66583441555633,selected_news,NatPath_K3
economic_windows,100,0.5,6,519.8777546674634,selected_news,NatPath_K3
economic_windows,100,0.0,12,677.4798027755868,selected_news,NatPath_K3
economic_decay_14d,100,0.1,1,351.2295994626725,selected_decay,NatPath_K1
economic_decay_90d,100,0.1,3,382.2460655798336,selected_decay,NatPath_K1
economic_decay_14d,1000,0.5,6,696.2552832064107,selected_decay,NatPath_K1
economic_decay_14d,100,0.0,12,741.3078227572971,selected_decay,NatPath_K1
economic_windows,1000,0.25,3,347.64512628843,selected_news,NatPath_K1
economic_decay_14d,100,0.1,1,351.2295994626725,selected_news,NatPath_K1
economic_windows,100,0.5,6,602.8840834499333,selected_news,NatPath_K1
economic_windows,100,0.0,12,741.3078227572971,selected_news,NatPath_K1
economic_decay_14d,100,0.1,1,345.0975074515731,selected_decay,StructHGB
economic_decay_14d,100,0.1,3,379.5662633386653,selected_decay,StructHGB
economic_decay_14d,100,0.0,6,612.7467417920757,selected_decay,StructHGB
economic_decay_14d,100,0.0,12,677.4798027755868,selected_decay,StructHGB
economic_decay_14d,100,0.1,1,345.0975074515731,selected_news,StructHGB
economic_windows,1000,0.1,3,364.8346579333091,selected_news,StructHGB
economic_windows,1000,0.1,6,565.9436531794902,selected_news,StructHGB
economic_windows,100,0.0,12,677.4798027755868,selected_news,StructHGB
economic_decay_14d,100,0.1,3,419.5005525679866,selected_decay,Chronos2_NatCov
economic_decay_14d,100,0.0,1,466.40707903913625,selected_decay,Chronos2_NatCov
economic_decay_14d,100,0.5,6,531.4500147183478,selected_decay,Chronos2_NatCov
economic_decay_14d,100,0.0,12,1174.0086788275305,selected_decay,Chronos2_NatCov
economic_decay_14d,100,0.1,3,419.5005525679866,selected_news,Chronos2_NatCov
economic_windows,100,0.5,6,452.79648566595057,selected_news,Chronos2_NatCov
economic_windows,100,0.0,1,466.40707903913625,selected_news,Chronos2_NatCov
economic_windows,100,0.0,12,1174.0086788275305,selected_news,Chronos2_NatCov
