model,stage,h,n_target_months,n_series,mae,r2,r2_change,wape,coverage,base_model,variant
original,test,1,6,300,360.1065490553114,0.9963701581135711,0.6803339075689985,0.04438765612398957,1.0,Ensemble,original
original,test,3,6,300,415.31274408128525,0.995197205586951,0.7508229921793732,0.05119251320630397,1.0,Ensemble,original
original,test,6,6,300,372.4720256699456,0.9964899642350276,0.8657931352507797,0.04591185646197152,1.0,Ensemble,original
original,test,12,6,300,481.4299912516276,0.994417255114916,0.7469916126856304,0.0593422945389706,1.0,Ensemble,original
all_windows,test,1,6,300,360.1065490553114,0.9963701581135711,0.6803339075689985,0.04438765612398957,1.0,Ensemble,all_windows
all_windows,test,3,6,300,415.31274408128525,0.995197205586951,0.7508229921793732,0.05119251320630397,1.0,Ensemble,all_windows
all_windows,test,6,6,300,372.4720256699456,0.9964899642350276,0.8657931352507797,0.04591185646197152,1.0,Ensemble,all_windows
all_windows,test,12,6,300,481.4299912516276,0.994417255114916,0.7469916126856304,0.0593422945389706,1.0,Ensemble,all_windows
coverage_all,test,1,6,300,360.1065490553114,0.9963701581135711,0.6803339075689985,0.04438765612398957,1.0,Ensemble,coverage_all
coverage_all,test,3,6,300,418.5130087219312,0.9949871965703907,0.739927373116509,0.051586986027604795,1.0,Ensemble,coverage_all
coverage_all,test,6,6,300,372.4720256699456,0.9964899642350276,0.8657931352507797,0.04591185646197152,1.0,Ensemble,coverage_all
coverage_all,test,12,6,300,481.4299912516276,0.994417255114916,0.7469916126856304,0.0593422945389706,1.0,Ensemble,coverage_all
economic_coverage_decay_14d,test,1,6,300,360.1065490553114,0.9963701581135711,0.6803339075689985,0.04438765612398957,1.0,Ensemble,economic_coverage_decay_14d
economic_coverage_decay_14d,test,3,6,300,415.31274408128525,0.995197205586951,0.7508229921793732,0.05119251320630397,1.0,Ensemble,economic_coverage_decay_14d
economic_coverage_decay_14d,test,6,6,300,413.04131938360746,0.9951758293918789,0.8155469471872001,0.050912531576820824,1.0,Ensemble,economic_coverage_decay_14d
economic_coverage_decay_14d,test,12,6,300,481.4299912516276,0.994417255114916,0.7469916126856304,0.0593422945389706,1.0,Ensemble,economic_coverage_decay_14d
economic_coverage_decay_30d,test,1,6,300,360.1065490553114,0.9963701581135711,0.6803339075689985,0.04438765612398957,1.0,Ensemble,economic_coverage_decay_30d
economic_coverage_decay_30d,test,3,6,300,415.31274408128525,0.995197205586951,0.7508229921793732,0.05119251320630397,1.0,Ensemble,economic_coverage_decay_30d
economic_coverage_decay_30d,test,6,6,300,416.58807975973224,0.9951838469256196,0.8158534990682642,0.05134971435048217,1.0,Ensemble,economic_coverage_decay_30d
economic_coverage_decay_30d,test,12,6,300,481.4299912516276,0.994417255114916,0.7469916126856304,0.0593422945389706,1.0,Ensemble,economic_coverage_decay_30d
economic_coverage_decay_90d,test,1,6,300,360.1065490553114,0.9963701581135711,0.6803339075689985,0.04438765612398957,1.0,Ensemble,economic_coverage_decay_90d
economic_coverage_decay_90d,test,3,6,300,415.31274408128525,0.995197205586951,0.7508229921793732,0.05119251320630397,1.0,Ensemble,economic_coverage_decay_90d
economic_coverage_decay_90d,test,6,6,300,372.4720256699456,0.9964899642350276,0.8657931352507797,0.04591185646197152,1.0,Ensemble,economic_coverage_decay_90d
economic_coverage_decay_90d,test,12,6,300,481.4299912516276,0.994417255114916,0.7469916126856304,0.0593422945389706,1.0,Ensemble,economic_coverage_decay_90d
economic_coverage_windows,test,1,6,300,360.1065490553114,0.9963701581135711,0.6803339075689985,0.04438765612398957,1.0,Ensemble,economic_coverage_windows
economic_coverage_windows,test,3,6,300,415.31274408128525,0.995197205586951,0.7508229921793732,0.05119251320630397,1.0,Ensemble,economic_coverage_windows
economic_coverage_windows,test,6,6,300,372.4720256699456,0.9964899642350276,0.8657931352507797,0.04591185646197152,1.0,Ensemble,economic_coverage_windows
economic_coverage_windows,test,12,6,300,481.4299912516276,0.994417255114916,0.7469916126856304,0.0593422945389706,1.0,Ensemble,economic_coverage_windows
economic_decay_14d,test,1,6,300,360.1065490553114,0.9963701581135711,0.6803339075689985,0.04438765612398957,1.0,Ensemble,economic_decay_14d
economic_decay_14d,test,3,6,300,415.31274408128525,0.995197205586951,0.7508229921793732,0.05119251320630397,1.0,Ensemble,economic_decay_14d
economic_decay_14d,test,6,6,300,409.4861306841832,0.9952277798067818,0.8175332808810384,0.050474309906429315,1.0,Ensemble,economic_decay_14d
economic_decay_14d,test,12,6,300,481.4299912516276,0.994417255114916,0.7469916126856304,0.0593422945389706,1.0,Ensemble,economic_decay_14d
economic_decay_30d,test,1,6,300,360.1065490553114,0.9963701581135711,0.6803339075689985,0.04438765612398957,1.0,Ensemble,economic_decay_30d
economic_decay_30d,test,3,6,300,415.31274408128525,0.995197205586951,0.7508229921793732,0.05119251320630397,1.0,Ensemble,economic_decay_30d
economic_decay_30d,test,6,6,300,372.4720256699456,0.9964899642350276,0.8657931352507797,0.04591185646197152,1.0,Ensemble,economic_decay_30d
economic_decay_30d,test,12,6,300,481.4299912516276,0.994417255114916,0.7469916126856304,0.0593422945389706,1.0,Ensemble,economic_decay_30d
economic_decay_90d,test,1,6,300,360.1065490553114,0.9963701581135711,0.6803339075689985,0.04438765612398957,1.0,Ensemble,economic_decay_90d
economic_decay_90d,test,3,6,300,415.31274408128525,0.995197205586951,0.7508229921793732,0.05119251320630397,1.0,Ensemble,economic_decay_90d
economic_decay_90d,test,6,6,300,372.4720256699456,0.9964899642350276,0.8657931352507797,0.04591185646197152,1.0,Ensemble,economic_decay_90d
economic_decay_90d,test,12,6,300,481.4299912516276,0.994417255114916,0.7469916126856304,0.0593422945389706,1.0,Ensemble,economic_decay_90d
economic_shocks_windows,test,1,6,300,360.1065490553114,0.9963701581135711,0.6803339075689985,0.04438765612398957,1.0,Ensemble,economic_shocks_windows
economic_shocks_windows,test,3,6,300,415.31274408128525,0.995197205586951,0.7508229921793732,0.05119251320630397,1.0,Ensemble,economic_shocks_windows
economic_shocks_windows,test,6,6,300,372.4720256699456,0.9964899642350276,0.8657931352507797,0.04591185646197152,1.0,Ensemble,economic_shocks_windows
economic_shocks_windows,test,12,6,300,481.4299912516276,0.994417255114916,0.7469916126856304,0.0593422945389706,1.0,Ensemble,economic_shocks_windows
economic_windows,test,1,6,300,360.1065490553114,0.9963701581135711,0.6803339075689985,0.04438765612398957,1.0,Ensemble,economic_windows
economic_windows,test,3,6,300,415.31274408128525,0.995197205586951,0.7508229921793732,0.05119251320630397,1.0,Ensemble,economic_windows
economic_windows,test,6,6,300,372.4720256699456,0.9964899642350276,0.8657931352507797,0.04591185646197152,1.0,Ensemble,economic_windows
economic_windows,test,12,6,300,481.4299912516276,0.994417255114916,0.7469916126856304,0.0593422945389706,1.0,Ensemble,economic_windows
financial_only,test,1,6,300,360.1065490553114,0.9963701581135711,0.6803339075689985,0.04438765612398957,1.0,Ensemble,financial_only
financial_only,test,3,6,300,415.31274408128525,0.995197205586951,0.7508229921793732,0.05119251320630397,1.0,Ensemble,financial_only
financial_only,test,6,6,300,405.2470468784248,0.9954212397925938,0.8249302591139512,0.049951789572532594,1.0,Ensemble,financial_only
financial_only,test,12,6,300,481.4299912516276,0.994417255114916,0.7469916126856304,0.0593422945389706,1.0,Ensemble,financial_only
selected_decay,test,1,6,300,360.1065490553114,0.9963701581135711,0.6803339075689985,0.04438765612398957,1.0,Ensemble,selected_decay
selected_decay,test,3,6,300,415.31274408128525,0.995197205586951,0.7508229921793732,0.05119251320630397,1.0,Ensemble,selected_decay
selected_decay,test,6,6,300,409.4861306841832,0.9952277798067818,0.8175332808810384,0.050474309906429315,1.0,Ensemble,selected_decay
selected_decay,test,12,6,300,481.4299912516276,0.994417255114916,0.7469916126856304,0.0593422945389706,1.0,Ensemble,selected_decay
selected_news,test,1,6,300,360.1065490553114,0.9963701581135711,0.6803339075689985,0.04438765612398957,1.0,Ensemble,selected_news
selected_news,test,3,6,300,415.31274408128525,0.995197205586951,0.7508229921793732,0.05119251320630397,1.0,Ensemble,selected_news
selected_news,test,6,6,300,409.4861306841832,0.9952277798067818,0.8175332808810384,0.050474309906429315,1.0,Ensemble,selected_news
selected_news,test,12,6,300,481.4299912516276,0.994417255114916,0.7469916126856304,0.0593422945389706,1.0,Ensemble,selected_news
original,test,1,6,300,375.4472271135118,0.9960083012050588,0.648466573513552,0.046278587416804365,1.0,PastOnlyBlend,original
original,test,3,6,300,424.1763360892402,0.9954029559093382,0.7614976630649937,0.05228506227297483,1.0,PastOnlyBlend,original
original,test,6,6,300,458.1107126575046,0.9945877185446866,0.793060420492989,0.05646790049639945,1.0,PastOnlyBlend,original
original,test,12,6,300,512.973734258016,0.9938035576517925,0.7191790207367068,0.06323045714280041,1.0,PastOnlyBlend,original
all_windows,test,1,6,300,375.4472271135118,0.9960083012050588,0.648466573513552,0.046278587416804365,1.0,PastOnlyBlend,all_windows
all_windows,test,3,6,300,424.1763360892402,0.9954029559093382,0.7614976630649937,0.05228506227297483,1.0,PastOnlyBlend,all_windows
all_windows,test,6,6,300,458.1107126575046,0.9945877185446866,0.793060420492989,0.05646790049639945,1.0,PastOnlyBlend,all_windows
all_windows,test,12,6,300,512.973734258016,0.9938035576517925,0.7191790207367068,0.06323045714280041,1.0,PastOnlyBlend,all_windows
coverage_all,test,1,6,300,375.4472271135118,0.9960083012050588,0.648466573513552,0.046278587416804365,1.0,PastOnlyBlend,coverage_all
coverage_all,test,3,6,300,449.1115430179552,0.9947832008471608,0.7293437337700994,0.0553586397833975,1.0,PastOnlyBlend,coverage_all
coverage_all,test,6,6,300,458.1107126575046,0.9945877185446866,0.793060420492989,0.05646790049639945,1.0,PastOnlyBlend,coverage_all
coverage_all,test,12,6,300,512.973734258016,0.9938035576517925,0.7191790207367068,0.06323045714280041,1.0,PastOnlyBlend,coverage_all
economic_coverage_decay_14d,test,1,6,300,374.45063458566824,0.9958883297874144,0.6379011562084085,0.04615574486773741,1.0,PastOnlyBlend,economic_coverage_decay_14d
economic_coverage_decay_14d,test,3,6,300,443.6889094989355,0.9949308270223997,0.7370028266769475,0.05469023207862206,1.0,PastOnlyBlend,economic_coverage_decay_14d
economic_coverage_decay_14d,test,6,6,300,589.6605519246169,0.990681491361536,0.643705103809219,0.07268307082271806,1.0,PastOnlyBlend,economic_coverage_decay_14d
economic_coverage_decay_14d,test,12,6,300,512.973734258016,0.9938035576517925,0.7191790207367068,0.06323045714280041,1.0,PastOnlyBlend,economic_coverage_decay_14d
economic_coverage_decay_30d,test,1,6,300,374.8654791354511,0.9959489808798571,0.6432424626149846,0.046206879670114595,1.0,PastOnlyBlend,economic_coverage_decay_30d
economic_coverage_decay_30d,test,3,6,300,441.37917954107786,0.9949915409449962,0.7401527665379072,0.054405528844599746,1.0,PastOnlyBlend,economic_coverage_decay_30d
economic_coverage_decay_30d,test,6,6,300,582.9039386561257,0.9909881062683044,0.6554285813114702,0.07185023335527586,1.0,PastOnlyBlend,economic_coverage_decay_30d
economic_coverage_decay_30d,test,12,6,300,512.973734258016,0.9938035576517925,0.7191790207367068,0.06323045714280041,1.0,PastOnlyBlend,economic_coverage_decay_30d
economic_coverage_decay_90d,test,1,6,300,376.38680383486025,0.9959081660759458,0.6396480611815639,0.04639440205144161,1.0,PastOnlyBlend,economic_coverage_decay_90d
economic_coverage_decay_90d,test,3,6,300,433.0713820377991,0.9951803378064378,0.7499478635114776,0.05338148843297525,1.0,PastOnlyBlend,economic_coverage_decay_90d
economic_coverage_decay_90d,test,6,6,300,458.1107126575046,0.9945877185446866,0.793060420492989,0.05646790049639945,1.0,PastOnlyBlend,economic_coverage_decay_90d
economic_coverage_decay_90d,test,12,6,300,512.973734258016,0.9938035576517925,0.7191790207367068,0.06323045714280041,1.0,PastOnlyBlend,economic_coverage_decay_90d
economic_coverage_windows,test,1,6,300,376.83348158047704,0.9959021205911751,0.6391156587921623,0.04644946069511996,1.0,PastOnlyBlend,economic_coverage_windows
economic_coverage_windows,test,3,6,300,448.8485767377891,0.9948316730921976,0.7318585549225151,0.055326225885769596,1.0,PastOnlyBlend,economic_coverage_windows
economic_coverage_windows,test,6,6,300,595.6183152246276,0.9905695877190545,0.6394264474031117,0.07341743999573852,1.0,PastOnlyBlend,economic_coverage_windows
economic_coverage_windows,test,12,6,300,512.973734258016,0.9938035576517925,0.7191790207367068,0.06323045714280041,1.0,PastOnlyBlend,economic_coverage_windows
economic_decay_14d,test,1,6,300,374.1178992640305,0.9959326342666682,0.641802879810543,0.04611473105925237,1.0,PastOnlyBlend,economic_decay_14d
economic_decay_14d,test,3,6,300,424.1763360892402,0.9954029559093382,0.7614976630649937,0.05228506227297483,1.0,PastOnlyBlend,economic_decay_14d
economic_decay_14d,test,6,6,300,577.7152509818197,0.9909865194297186,0.65536790824552,0.07121066241488039,1.0,PastOnlyBlend,economic_decay_14d
economic_decay_14d,test,12,6,300,512.973734258016,0.9938035576517925,0.7191790207367068,0.06323045714280041,1.0,PastOnlyBlend,economic_decay_14d
economic_decay_30d,test,1,6,300,373.17091213352967,0.9959501169777862,0.6433425143519464,0.045998002998591477,1.0,PastOnlyBlend,economic_decay_30d
economic_decay_30d,test,3,6,300,424.1763360892402,0.9954029559093382,0.7614976630649937,0.05228506227297483,1.0,PastOnlyBlend,economic_decay_30d
economic_decay_30d,test,6,6,300,458.1107126575046,0.9945877185446866,0.793060420492989,0.05646790049639945,1.0,PastOnlyBlend,economic_decay_30d
economic_decay_30d,test,12,6,300,512.973734258016,0.9938035576517925,0.7191790207367068,0.06323045714280041,1.0,PastOnlyBlend,economic_decay_30d
economic_decay_90d,test,1,6,300,376.0034660322134,0.9959003368793806,0.6389585742145996,0.04634715085146245,1.0,PastOnlyBlend,economic_decay_90d
economic_decay_90d,test,3,6,300,424.1763360892402,0.9954029559093382,0.7614976630649937,0.05228506227297483,1.0,PastOnlyBlend,economic_decay_90d
economic_decay_90d,test,6,6,300,458.1107126575046,0.9945877185446866,0.793060420492989,0.05646790049639945,1.0,PastOnlyBlend,economic_decay_90d
economic_decay_90d,test,12,6,300,512.973734258016,0.9938035576517925,0.7191790207367068,0.06323045714280041,1.0,PastOnlyBlend,economic_decay_90d
economic_shocks_windows,test,1,6,300,373.15339140966637,0.995937402408209,0.6422227915373255,0.04599584334926567,1.0,PastOnlyBlend,economic_shocks_windows
economic_shocks_windows,test,3,6,300,420.44675186117473,0.9954069303406079,0.7617038632073212,0.05182534416277906,1.0,PastOnlyBlend,economic_shocks_windows
economic_shocks_windows,test,6,6,300,458.1107126575046,0.9945877185446866,0.793060420492989,0.05646790049639945,1.0,PastOnlyBlend,economic_shocks_windows
economic_shocks_windows,test,12,6,300,512.973734258016,0.9938035576517925,0.7191790207367068,0.06323045714280041,1.0,PastOnlyBlend,economic_shocks_windows
economic_windows,test,1,6,300,375.4472271135118,0.9960083012050588,0.648466573513552,0.046278587416804365,1.0,PastOnlyBlend,economic_windows
economic_windows,test,3,6,300,424.1763360892402,0.9954029559093382,0.7614976630649937,0.05228506227297483,1.0,PastOnlyBlend,economic_windows
economic_windows,test,6,6,300,621.0360149278347,0.9894330368371301,0.5959702148446847,0.0765504908020861,1.0,PastOnlyBlend,economic_windows
economic_windows,test,12,6,300,512.973734258016,0.9938035576517925,0.7191790207367068,0.06323045714280041,1.0,PastOnlyBlend,economic_windows
financial_only,test,1,6,300,377.12404485138575,0.9959008905199397,0.6390073311907033,0.04648527626855285,1.0,PastOnlyBlend,financial_only
financial_only,test,3,6,300,424.1763360892402,0.9954029559093382,0.7614976630649937,0.05228506227297483,1.0,PastOnlyBlend,financial_only
financial_only,test,6,6,300,573.5439173791076,0.9912918029026859,0.6670404781308645,0.07069649314464257,1.0,PastOnlyBlend,financial_only
financial_only,test,12,6,300,512.973734258016,0.9938035576517925,0.7191790207367068,0.06323045714280041,1.0,PastOnlyBlend,financial_only
selected_decay,test,1,6,300,374.1178992640305,0.9959326342666682,0.641802879810543,0.04611473105925237,1.0,PastOnlyBlend,selected_decay
selected_decay,test,3,6,300,424.1763360892402,0.9954029559093382,0.7614976630649937,0.05228506227297483,1.0,PastOnlyBlend,selected_decay
selected_decay,test,6,6,300,577.7152509818197,0.9909865194297186,0.65536790824552,0.07121066241488039,1.0,PastOnlyBlend,selected_decay
selected_decay,test,12,6,300,512.973734258016,0.9938035576517925,0.7191790207367068,0.06323045714280041,1.0,PastOnlyBlend,selected_decay
selected_news,test,1,6,300,374.1178992640305,0.9959326342666682,0.641802879810543,0.04611473105925237,1.0,PastOnlyBlend,selected_news
selected_news,test,3,6,300,424.1763360892402,0.9954029559093382,0.7614976630649937,0.05228506227297483,1.0,PastOnlyBlend,selected_news
selected_news,test,6,6,300,577.7152509818197,0.9909865194297186,0.65536790824552,0.07121066241488039,1.0,PastOnlyBlend,selected_news
selected_news,test,12,6,300,512.973734258016,0.9938035576517925,0.7191790207367068,0.06323045714280041,1.0,PastOnlyBlend,selected_news
original,test,1,6,300,533.2144834094578,0.9897661574931422,0.09874519412194804,0.06572538375655698,1.0,Prophet,original
original,test,3,6,300,596.4466088506911,0.9889487089521175,0.4266405348551948,0.07351953759085265,1.0,Prophet,original
original,test,6,6,300,602.6360514873928,0.9879644555335766,0.5398187378865045,0.07428246415266555,1.0,Prophet,original
original,test,12,6,300,802.4998739266396,0.982408874894892,0.2027752860819334,0.09891819112106556,1.0,Prophet,original
all_windows,test,1,6,300,533.2144834094578,0.9897661574931422,0.09874519412194804,0.06572538375655698,1.0,Prophet,all_windows
all_windows,test,3,6,300,596.4466088506911,0.9889487089521175,0.4266405348551948,0.07351953759085265,1.0,Prophet,all_windows
all_windows,test,6,6,300,602.6360514873928,0.9879644555335766,0.5398187378865045,0.07428246415266555,1.0,Prophet,all_windows
all_windows,test,12,6,300,802.4998739266396,0.982408874894892,0.2027752860819334,0.09891819112106556,1.0,Prophet,all_windows
coverage_all,test,1,6,300,533.2144834094578,0.9897661574931422,0.09874519412194804,0.06572538375655698,1.0,Prophet,coverage_all
coverage_all,test,3,6,300,601.2721402845591,0.988690149558835,0.41322604103739,0.07411434496234852,1.0,Prophet,coverage_all
coverage_all,test,6,6,300,602.6360514873928,0.9879644555335766,0.5398187378865045,0.07428246415266555,1.0,Prophet,coverage_all
coverage_all,test,12,6,300,802.4998739266396,0.982408874894892,0.2027752860819334,0.09891819112106556,1.0,Prophet,coverage_all
economic_coverage_decay_14d,test,1,6,300,533.2144834094578,0.9897661574931422,0.09874519412194804,0.06572538375655698,1.0,Prophet,economic_coverage_decay_14d
economic_coverage_decay_14d,test,3,6,300,596.4466088506911,0.9889487089521175,0.4266405348551948,0.07351953759085265,1.0,Prophet,economic_coverage_decay_14d
economic_coverage_decay_14d,test,6,6,300,602.6360514873928,0.9879644555335766,0.5398187378865045,0.07428246415266555,1.0,Prophet,economic_coverage_decay_14d
economic_coverage_decay_14d,test,12,6,300,802.4998739266396,0.982408874894892,0.2027752860819334,0.09891819112106556,1.0,Prophet,economic_coverage_decay_14d
economic_coverage_decay_30d,test,1,6,300,533.2144834094578,0.9897661574931422,0.09874519412194804,0.06572538375655698,1.0,Prophet,economic_coverage_decay_30d
economic_coverage_decay_30d,test,3,6,300,596.4466088506911,0.9889487089521175,0.4266405348551948,0.07351953759085265,1.0,Prophet,economic_coverage_decay_30d
economic_coverage_decay_30d,test,6,6,300,602.6360514873928,0.9879644555335766,0.5398187378865045,0.07428246415266555,1.0,Prophet,economic_coverage_decay_30d
economic_coverage_decay_30d,test,12,6,300,802.4998739266396,0.982408874894892,0.2027752860819334,0.09891819112106556,1.0,Prophet,economic_coverage_decay_30d
economic_coverage_decay_90d,test,1,6,300,533.2144834094578,0.9897661574931422,0.09874519412194804,0.06572538375655698,1.0,Prophet,economic_coverage_decay_90d
economic_coverage_decay_90d,test,3,6,300,596.4466088506911,0.9889487089521175,0.4266405348551948,0.07351953759085265,1.0,Prophet,economic_coverage_decay_90d
economic_coverage_decay_90d,test,6,6,300,602.6360514873928,0.9879644555335766,0.5398187378865045,0.07428246415266555,1.0,Prophet,economic_coverage_decay_90d
economic_coverage_decay_90d,test,12,6,300,802.4998739266396,0.982408874894892,0.2027752860819334,0.09891819112106556,1.0,Prophet,economic_coverage_decay_90d
economic_coverage_windows,test,1,6,300,533.2144834094578,0.9897661574931422,0.09874519412194804,0.06572538375655698,1.0,Prophet,economic_coverage_windows
economic_coverage_windows,test,3,6,300,596.4466088506911,0.9889487089521175,0.4266405348551948,0.07351953759085265,1.0,Prophet,economic_coverage_windows
economic_coverage_windows,test,6,6,300,602.6360514873928,0.9879644555335766,0.5398187378865045,0.07428246415266555,1.0,Prophet,economic_coverage_windows
economic_coverage_windows,test,12,6,300,802.4998739266396,0.982408874894892,0.2027752860819334,0.09891819112106556,1.0,Prophet,economic_coverage_windows
economic_decay_14d,test,1,6,300,533.2144834094578,0.9897661574931422,0.09874519412194804,0.06572538375655698,1.0,Prophet,economic_decay_14d
economic_decay_14d,test,3,6,300,596.4466088506911,0.9889487089521175,0.4266405348551948,0.07351953759085265,1.0,Prophet,economic_decay_14d
economic_decay_14d,test,6,6,300,602.6360514873928,0.9879644555335766,0.5398187378865045,0.07428246415266555,1.0,Prophet,economic_decay_14d
economic_decay_14d,test,12,6,300,802.4998739266396,0.982408874894892,0.2027752860819334,0.09891819112106556,1.0,Prophet,economic_decay_14d
economic_decay_30d,test,1,6,300,533.2144834094578,0.9897661574931422,0.09874519412194804,0.06572538375655698,1.0,Prophet,economic_decay_30d
economic_decay_30d,test,3,6,300,596.4466088506911,0.9889487089521175,0.4266405348551948,0.07351953759085265,1.0,Prophet,economic_decay_30d
economic_decay_30d,test,6,6,300,602.6360514873928,0.9879644555335766,0.5398187378865045,0.07428246415266555,1.0,Prophet,economic_decay_30d
economic_decay_30d,test,12,6,300,802.4998739266396,0.982408874894892,0.2027752860819334,0.09891819112106556,1.0,Prophet,economic_decay_30d
economic_decay_90d,test,1,6,300,533.2144834094578,0.9897661574931422,0.09874519412194804,0.06572538375655698,1.0,Prophet,economic_decay_90d
economic_decay_90d,test,3,6,300,596.4466088506911,0.9889487089521175,0.4266405348551948,0.07351953759085265,1.0,Prophet,economic_decay_90d
economic_decay_90d,test,6,6,300,602.6360514873928,0.9879644555335766,0.5398187378865045,0.07428246415266555,1.0,Prophet,economic_decay_90d
economic_decay_90d,test,12,6,300,802.4998739266396,0.982408874894892,0.2027752860819334,0.09891819112106556,1.0,Prophet,economic_decay_90d
economic_shocks_windows,test,1,6,300,533.2144834094578,0.9897661574931422,0.09874519412194804,0.06572538375655698,1.0,Prophet,economic_shocks_windows
economic_shocks_windows,test,3,6,300,596.4466088506911,0.9889487089521175,0.4266405348551948,0.07351953759085265,1.0,Prophet,economic_shocks_windows
economic_shocks_windows,test,6,6,300,602.6360514873928,0.9879644555335766,0.5398187378865045,0.07428246415266555,1.0,Prophet,economic_shocks_windows
economic_shocks_windows,test,12,6,300,802.4998739266396,0.982408874894892,0.2027752860819334,0.09891819112106556,1.0,Prophet,economic_shocks_windows
economic_windows,test,1,6,300,533.2144834094578,0.9897661574931422,0.09874519412194804,0.06572538375655698,1.0,Prophet,economic_windows
economic_windows,test,3,6,300,596.4466088506911,0.9889487089521175,0.4266405348551948,0.07351953759085265,1.0,Prophet,economic_windows
economic_windows,test,6,6,300,602.6360514873928,0.9879644555335766,0.5398187378865045,0.07428246415266555,1.0,Prophet,economic_windows
economic_windows,test,12,6,300,802.4998739266396,0.982408874894892,0.2027752860819334,0.09891819112106556,1.0,Prophet,economic_windows
financial_only,test,1,6,300,533.2144834094578,0.9897661574931422,0.09874519412194804,0.06572538375655698,1.0,Prophet,financial_only
financial_only,test,3,6,300,596.4466088506911,0.9889487089521175,0.4266405348551948,0.07351953759085265,1.0,Prophet,financial_only
financial_only,test,6,6,300,602.6360514873928,0.9879644555335766,0.5398187378865045,0.07428246415266555,1.0,Prophet,financial_only
financial_only,test,12,6,300,802.4998739266396,0.982408874894892,0.2027752860819334,0.09891819112106556,1.0,Prophet,financial_only
selected_decay,test,1,6,300,533.2144834094578,0.9897661574931422,0.09874519412194804,0.06572538375655698,1.0,Prophet,selected_decay
selected_decay,test,3,6,300,596.4466088506911,0.9889487089521175,0.4266405348551948,0.07351953759085265,1.0,Prophet,selected_decay
selected_decay,test,6,6,300,602.6360514873928,0.9879644555335766,0.5398187378865045,0.07428246415266555,1.0,Prophet,selected_decay
selected_decay,test,12,6,300,802.4998739266396,0.982408874894892,0.2027752860819334,0.09891819112106556,1.0,Prophet,selected_decay
selected_news,test,1,6,300,533.2144834094578,0.9897661574931422,0.09874519412194804,0.06572538375655698,1.0,Prophet,selected_news
selected_news,test,3,6,300,596.4466088506911,0.9889487089521175,0.4266405348551948,0.07351953759085265,1.0,Prophet,selected_news
selected_news,test,6,6,300,602.6360514873928,0.9879644555335766,0.5398187378865045,0.07428246415266555,1.0,Prophet,selected_news
selected_news,test,12,6,300,802.4998739266396,0.982408874894892,0.2027752860819334,0.09891819112106556,1.0,Prophet,selected_news
original,test,1,6,300,434.66478300306534,0.9954154636516839,0.5962576701885238,0.05357789511955014,1.0,SeasonalNaive_NatGrowth,original
original,test,3,6,300,422.4607445165846,0.9956145471404398,0.7724753700648461,0.052073594058980884,1.0,SeasonalNaive_NatGrowth,original
original,test,6,6,300,408.02902220620047,0.9957642622420002,0.8380457857227808,0.05029470298112979,1.0,SeasonalNaive_NatGrowth,original
original,test,12,6,300,542.7517498313056,0.9923816879401763,0.6547402956808106,0.06690097165798899,1.0,SeasonalNaive_NatGrowth,original
all_windows,test,1,6,300,423.7638571432245,0.9956194977388396,0.6142261606640033,0.0522342190609806,1.0,SeasonalNaive_NatGrowth,all_windows
all_windows,test,3,6,300,422.4607445165846,0.9956145471404398,0.7724753700648461,0.052073594058980884,1.0,SeasonalNaive_NatGrowth,all_windows
all_windows,test,6,6,300,483.1827277212296,0.9933392700904323,0.7453257636218233,0.05955834132815776,1.0,SeasonalNaive_NatGrowth,all_windows
all_windows,test,12,6,300,542.7517498313056,0.9923816879401763,0.6547402956808106,0.06690097165798899,1.0,SeasonalNaive_NatGrowth,all_windows
coverage_all,test,1,6,300,408.81731618776627,0.995793360500217,0.629537579532299,0.05039187011755135,1.0,SeasonalNaive_NatGrowth,coverage_all
coverage_all,test,3,6,300,412.2786637029056,0.9957242557397505,0.778167235707514,0.05081852468307004,1.0,SeasonalNaive_NatGrowth,coverage_all
coverage_all,test,6,6,300,476.4573275306255,0.99370542271188,0.7593256766240155,0.05872935126468937,1.0,SeasonalNaive_NatGrowth,coverage_all
coverage_all,test,12,6,300,542.7517498313056,0.9923816879401763,0.6547402956808106,0.06690097165798899,1.0,SeasonalNaive_NatGrowth,coverage_all
economic_coverage_decay_14d,test,1,6,300,394.9720401944257,0.9960535509856452,0.6524515461365963,0.04868526591569404,1.0,SeasonalNaive_NatGrowth,economic_coverage_decay_14d
economic_coverage_decay_14d,test,3,6,300,406.3138258588239,0.9958573033929415,0.785069970504905,0.050083283483616625,1.0,SeasonalNaive_NatGrowth,economic_coverage_decay_14d
economic_coverage_decay_14d,test,6,6,300,523.1224473005144,0.9924317616511,0.7106270110929598,0.06448141352172003,1.0,SeasonalNaive_NatGrowth,economic_coverage_decay_14d
economic_coverage_decay_14d,test,12,6,300,542.7517498313056,0.9923816879401763,0.6547402956808106,0.06690097165798899,1.0,SeasonalNaive_NatGrowth,economic_coverage_decay_14d
economic_coverage_decay_30d,test,1,6,300,390.64974065568964,0.9961192501652067,0.658237417990928,0.048152488197283745,1.0,SeasonalNaive_NatGrowth,economic_coverage_decay_30d
economic_coverage_decay_30d,test,3,6,300,402.4345906273815,0.9959295181106439,0.7888165908534248,0.04960511900721638,1.0,SeasonalNaive_NatGrowth,economic_coverage_decay_30d
economic_coverage_decay_30d,test,6,6,300,521.7622430329117,0.992329604924096,0.7067210297975371,0.06431375125773976,1.0,SeasonalNaive_NatGrowth,economic_coverage_decay_30d
economic_coverage_decay_30d,test,12,6,300,542.7517498313056,0.9923816879401763,0.6547402956808106,0.06690097165798899,1.0,SeasonalNaive_NatGrowth,economic_coverage_decay_30d
economic_coverage_decay_90d,test,1,6,300,393.3215694952971,0.9960840079068299,0.6551337690232224,0.04848182466746396,1.0,SeasonalNaive_NatGrowth,economic_coverage_decay_90d
economic_coverage_decay_90d,test,3,6,300,395.3342279558246,0.9960788593395499,0.7965646636133088,0.04872991010738527,1.0,SeasonalNaive_NatGrowth,economic_coverage_decay_90d
economic_coverage_decay_90d,test,6,6,300,470.1428902507702,0.9930968640545111,0.7360573241369852,0.05795101754282288,1.0,SeasonalNaive_NatGrowth,economic_coverage_decay_90d
economic_coverage_decay_90d,test,12,6,300,542.7517498313056,0.9923816879401763,0.6547402956808106,0.06690097165798899,1.0,SeasonalNaive_NatGrowth,economic_coverage_decay_90d
economic_coverage_windows,test,1,6,300,392.85794150074923,0.9961043416229338,0.6569244805128467,0.04842467669266196,1.0,SeasonalNaive_NatGrowth,economic_coverage_windows
economic_coverage_windows,test,3,6,300,402.0476031618957,0.9959345497486501,0.7890776406496492,0.04955741794044229,1.0,SeasonalNaive_NatGrowth,economic_coverage_windows
economic_coverage_windows,test,6,6,300,408.02902220620047,0.9957642622420002,0.8380457857227808,0.05029470298112979,1.0,SeasonalNaive_NatGrowth,economic_coverage_windows
economic_coverage_windows,test,12,6,300,542.7517498313056,0.9923816879401763,0.6547402956808106,0.06690097165798899,1.0,SeasonalNaive_NatGrowth,economic_coverage_windows
economic_decay_14d,test,1,6,300,394.88487050063003,0.9960736563727506,0.6542221495771567,0.04867452115583675,1.0,SeasonalNaive_NatGrowth,economic_decay_14d
economic_decay_14d,test,3,6,300,402.74143655892374,0.9959019828718315,0.787388016605431,0.04964294162312846,1.0,SeasonalNaive_NatGrowth,economic_decay_14d
economic_decay_14d,test,6,6,300,464.97285744794954,0.9940569199602761,0.7727652387350292,0.05731374604969571,1.0,SeasonalNaive_NatGrowth,economic_decay_14d
economic_decay_14d,test,12,6,300,542.7517498313056,0.9923816879401763,0.6547402956808106,0.06690097165798899,1.0,SeasonalNaive_NatGrowth,economic_decay_14d
economic_decay_30d,test,1,6,300,387.6572168889188,0.9962050538867073,0.665793818855295,0.047783622048498745,1.0,SeasonalNaive_NatGrowth,economic_decay_30d
economic_decay_30d,test,3,6,300,396.88665416442166,0.9960374538197856,0.7944164759885968,0.04892126614044229,1.0,SeasonalNaive_NatGrowth,economic_decay_30d
economic_decay_30d,test,6,6,300,462.3274154930276,0.994007833160861,0.7708883959074408,0.05698766209454661,1.0,SeasonalNaive_NatGrowth,economic_decay_30d
economic_decay_30d,test,12,6,300,542.7517498313056,0.9923816879401763,0.6547402956808106,0.06690097165798899,1.0,SeasonalNaive_NatGrowth,economic_decay_30d
economic_decay_90d,test,1,6,300,395.14129585664006,0.9960707373324774,0.6539650810251441,0.04870612880238999,1.0,SeasonalNaive_NatGrowth,economic_decay_90d
economic_decay_90d,test,3,6,300,394.84414641564894,0.996089469449801,0.7971151338807481,0.04866950140075358,1.0,SeasonalNaive_NatGrowth,economic_decay_90d
economic_decay_90d,test,6,6,300,486.43263675560956,0.9924851500156479,0.7126683250566365,0.05995893344465978,1.0,SeasonalNaive_NatGrowth,economic_decay_90d
economic_decay_90d,test,12,6,300,542.7517498313056,0.9923816879401763,0.6547402956808106,0.06690097165798899,1.0,SeasonalNaive_NatGrowth,economic_decay_90d
economic_shocks_windows,test,1,6,300,396.43198937394754,0.9960748297566872,0.6543254849481372,0.048865222993145475,1.0,SeasonalNaive_NatGrowth,economic_shocks_windows
economic_shocks_windows,test,3,6,300,398.3842936877257,0.9960321826683233,0.7941429998336411,0.049105869026261795,1.0,SeasonalNaive_NatGrowth,economic_shocks_windows
economic_shocks_windows,test,6,6,300,509.73355004706366,0.9924050173795921,0.709604438940018,0.06283106373295705,1.0,SeasonalNaive_NatGrowth,economic_shocks_windows
economic_shocks_windows,test,12,6,300,542.7517498313056,0.9923816879401763,0.6547402956808106,0.06690097165798899,1.0,SeasonalNaive_NatGrowth,economic_shocks_windows
economic_windows,test,1,6,300,421.9926025365465,0.9956565164473665,0.6174862547044337,0.05201588967875884,1.0,SeasonalNaive_NatGrowth,economic_windows
economic_windows,test,3,6,300,422.4607445165846,0.9956145471404398,0.7724753700648461,0.052073594058980884,1.0,SeasonalNaive_NatGrowth,economic_windows
economic_windows,test,6,6,300,408.02902220620047,0.9957642622420002,0.8380457857227808,0.05029470298112979,1.0,SeasonalNaive_NatGrowth,economic_windows
economic_windows,test,12,6,300,542.7517498313056,0.9923816879401763,0.6547402956808106,0.06690097165798899,1.0,SeasonalNaive_NatGrowth,economic_windows
financial_only,test,1,6,300,406.65726896735475,0.9958370690699886,0.6333868236982322,0.05012561716135621,1.0,SeasonalNaive_NatGrowth,financial_only
financial_only,test,3,6,300,411.73651605053857,0.9957368320512859,0.7788197157864616,0.05075169817401369,1.0,SeasonalNaive_NatGrowth,financial_only
financial_only,test,6,6,300,509.6167975862256,0.9929411838666942,0.730104863447272,0.06281667252541887,1.0,SeasonalNaive_NatGrowth,financial_only
financial_only,test,12,6,300,542.7517498313056,0.9923816879401763,0.6547402956808106,0.06690097165798899,1.0,SeasonalNaive_NatGrowth,financial_only
selected_decay,test,1,6,300,394.88487050063003,0.9960736563727506,0.6542221495771567,0.04867452115583675,1.0,SeasonalNaive_NatGrowth,selected_decay
selected_decay,test,3,6,300,402.74143655892374,0.9959019828718315,0.787388016605431,0.04964294162312846,1.0,SeasonalNaive_NatGrowth,selected_decay
selected_decay,test,6,6,300,464.97285744794954,0.9940569199602761,0.7727652387350292,0.05731374604969571,1.0,SeasonalNaive_NatGrowth,selected_decay
selected_decay,test,12,6,300,542.7517498313056,0.9923816879401763,0.6547402956808106,0.06690097165798899,1.0,SeasonalNaive_NatGrowth,selected_decay
selected_news,test,1,6,300,394.88487050063003,0.9960736563727506,0.6542221495771567,0.04867452115583675,1.0,SeasonalNaive_NatGrowth,selected_news
selected_news,test,3,6,300,402.74143655892374,0.9959019828718315,0.787388016605431,0.04964294162312846,1.0,SeasonalNaive_NatGrowth,selected_news
selected_news,test,6,6,300,464.97285744794954,0.9940569199602761,0.7727652387350292,0.05731374604969571,1.0,SeasonalNaive_NatGrowth,selected_news
selected_news,test,12,6,300,542.7517498313056,0.9923816879401763,0.6547402956808106,0.06690097165798899,1.0,SeasonalNaive_NatGrowth,selected_news
original,test,1,6,300,439.3440136210124,0.9948168229933612,0.5435377099247358,0.05415466907753327,1.0,NatPath_K3,original
original,test,3,6,300,620.1603989410401,0.9906520636576346,0.5150134261921107,0.07644256013150966,1.0,NatPath_K3,original
original,test,6,6,300,593.094746646881,0.9913616614840669,0.6697115338723818,0.0731063784653993,1.0,NatPath_K3,original
original,test,12,6,300,597.6178421571519,0.9913202157336343,0.6066346815636805,0.07366390680986445,1.0,NatPath_K3,original
all_windows,test,1,6,300,426.2768598355455,0.9951944693070754,0.5767955556389956,0.05254397821320383,1.0,NatPath_K3,all_windows
all_windows,test,3,6,300,590.4984223168424,0.9915824875483218,0.5632853739682578,0.07278634887457283,1.0,NatPath_K3,all_windows
all_windows,test,6,6,300,612.565307875879,0.99082162132918,0.649062998963042,0.0755063697419842,1.0,NatPath_K3,all_windows
all_windows,test,12,6,300,597.6178421571519,0.9913202157336343,0.6066346815636805,0.07366390680986445,1.0,NatPath_K3,all_windows
coverage_all,test,1,6,300,442.3953993079158,0.994610808544859,0.5253948167085793,0.05453079069744618,1.0,NatPath_K3,coverage_all
coverage_all,test,3,6,300,615.1713459412811,0.9908722918802643,0.5264392347596014,0.07582759667272611,1.0,NatPath_K3,coverage_all
coverage_all,test,6,6,300,900.6509583106973,0.9750008224583565,0.04415183666954292,0.11101654532557924,1.0,NatPath_K3,coverage_all
coverage_all,test,12,6,300,597.6178421571519,0.9913202157336343,0.6066346815636805,0.07366390680986445,1.0,NatPath_K3,coverage_all
economic_coverage_decay_14d,test,1,6,300,436.4974495342932,0.9947564106788774,0.5382174317666402,0.05380379429297948,1.0,NatPath_K3,economic_coverage_decay_14d
economic_coverage_decay_14d,test,3,6,300,623.9649592844906,0.9905902816363891,0.5118080715866279,0.0769115199898379,1.0,NatPath_K3,economic_coverage_decay_14d
economic_coverage_decay_14d,test,6,6,300,671.7701476075003,0.9892545687673389,0.5891464552854369,0.08280411001851408,1.0,NatPath_K3,economic_coverage_decay_14d
economic_coverage_decay_14d,test,12,6,300,597.6178421571519,0.9913202157336343,0.6066346815636805,0.07366390680986445,1.0,NatPath_K3,economic_coverage_decay_14d
economic_coverage_decay_30d,test,1,6,300,440.1451259866058,0.9946337825205814,0.5274180456195291,0.05425341624082125,1.0,NatPath_K3,economic_coverage_decay_30d
economic_coverage_decay_30d,test,3,6,300,631.9422670168575,0.990289623232774,0.4962094106934244,0.07789482338531475,1.0,NatPath_K3,economic_coverage_decay_30d
economic_coverage_decay_30d,test,6,6,300,860.207659434167,0.9796970298599803,0.2237121926845962,0.10603140065725658,1.0,NatPath_K3,economic_coverage_decay_30d
economic_coverage_decay_30d,test,12,6,300,597.6178421571519,0.9913202157336343,0.6066346815636805,0.07366390680986445,1.0,NatPath_K3,economic_coverage_decay_30d
economic_coverage_decay_90d,test,1,6,300,440.7681650344665,0.9946915164914932,0.5325024524502779,0.05433021363059605,1.0,NatPath_K3,economic_coverage_decay_90d
economic_coverage_decay_90d,test,3,6,300,611.4094903133507,0.9909273439983353,0.5292954307312315,0.07536390070707728,1.0,NatPath_K3,economic_coverage_decay_90d
economic_coverage_decay_90d,test,6,6,300,1014.3391176372286,0.9709473800294508,-0.11083228208321327,0.1250300392061926,1.0,NatPath_K3,economic_coverage_decay_90d
economic_coverage_decay_90d,test,12,6,300,597.6178421571519,0.9913202157336343,0.6066346815636805,0.07366390680986445,1.0,NatPath_K3,economic_coverage_decay_90d
economic_coverage_windows,test,1,6,300,448.45771622863475,0.9944284541504238,0.5093355726614378,0.055278047417707005,1.0,NatPath_K3,economic_coverage_windows
economic_coverage_windows,test,3,6,300,626.5399942777173,0.9904262229671752,0.5032964334055937,0.07722892540244823,1.0,NatPath_K3,economic_coverage_windows
economic_coverage_windows,test,6,6,300,890.6686174169894,0.9764303267631137,0.09880919737266947,0.10978609640410104,1.0,NatPath_K3,economic_coverage_windows
economic_coverage_windows,test,12,6,300,597.6178421571519,0.9913202157336343,0.6066346815636805,0.07366390680986445,1.0,NatPath_K3,economic_coverage_windows
economic_decay_14d,test,1,6,300,436.6189534067241,0.9948014953238455,0.5421878615364496,0.05381877117168759,1.0,NatPath_K3,economic_decay_14d
economic_decay_14d,test,3,6,300,604.5113788440987,0.9912563949581157,0.5463671449307465,0.07451362180877523,1.0,NatPath_K3,economic_decay_14d
economic_decay_14d,test,6,6,300,859.8610529390518,0.9795725793828834,0.21895380574324386,0.10598867705237942,1.0,NatPath_K3,economic_decay_14d
economic_decay_14d,test,12,6,300,597.6178421571519,0.9913202157336343,0.6066346815636805,0.07366390680986445,1.0,NatPath_K3,economic_decay_14d
economic_decay_30d,test,1,6,300,435.4049534030758,0.994899180139729,0.5507905842886608,0.05366913041997722,1.0,NatPath_K3,economic_decay_30d
economic_decay_30d,test,3,6,300,598.8208496365902,0.9914649846943053,0.5571891293539404,0.07381219259486885,1.0,NatPath_K3,economic_decay_30d
economic_decay_30d,test,6,6,300,873.1144035490279,0.9797968283945269,0.22752800805654072,0.10762231901448638,1.0,NatPath_K3,economic_decay_30d
economic_decay_30d,test,12,6,300,597.6178421571519,0.9913202157336343,0.6066346815636805,0.07366390680986445,1.0,NatPath_K3,economic_decay_30d
economic_decay_90d,test,1,6,300,439.77024577412936,0.9947829457146177,0.5405542694176958,0.054207207545081765,1.0,NatPath_K3,economic_decay_90d
economic_decay_90d,test,3,6,300,610.5954833973485,0.9910054720141658,0.5333488428778623,0.07526356412845954,1.0,NatPath_K3,economic_decay_90d
economic_decay_90d,test,6,6,300,1002.0090722686583,0.9703922998755169,-0.13205587412959452,0.12351020621440433,1.0,NatPath_K3,economic_decay_90d
economic_decay_90d,test,12,6,300,597.6178421571519,0.9913202157336343,0.6066346815636805,0.07366390680986445,1.0,NatPath_K3,economic_decay_90d
economic_shocks_windows,test,1,6,300,436.1081596231608,0.994966524221679,0.5567213163146988,0.053755809420854235,1.0,NatPath_K3,economic_shocks_windows
economic_shocks_windows,test,3,6,300,571.4372289596967,0.991682205617817,0.5684589142128593,0.07043681733100765,1.0,NatPath_K3,economic_shocks_windows
economic_shocks_windows,test,6,6,300,612.2450353415171,0.9910351417194161,0.6572269904583992,0.07546689212859865,1.0,NatPath_K3,economic_shocks_windows
economic_shocks_windows,test,12,6,300,597.6178421571519,0.9913202157336343,0.6066346815636805,0.07366390680986445,1.0,NatPath_K3,economic_shocks_windows
economic_windows,test,1,6,300,439.3440136210124,0.9948168229933612,0.5435377099247358,0.05415466907753327,1.0,NatPath_K3,economic_windows
economic_windows,test,3,6,300,571.4913998880799,0.9920574256174184,0.5879259554255953,0.07044349457847036,1.0,NatPath_K3,economic_windows
economic_windows,test,6,6,300,1003.8239044575624,0.9712983401895612,-0.09741325564184766,0.12373390708109269,1.0,NatPath_K3,economic_windows
economic_windows,test,12,6,300,597.6178421571519,0.9913202157336343,0.6066346815636805,0.07366390680986445,1.0,NatPath_K3,economic_windows
financial_only,test,1,6,300,442.23133946979107,0.9946257591218712,0.526711456023081,0.05451056826134347,1.0,NatPath_K3,financial_only
financial_only,test,3,6,300,609.8738540530911,0.9909051276777657,0.5281428108586754,0.07517461424608193,1.0,NatPath_K3,financial_only
financial_only,test,6,6,300,928.849127231137,0.9754692701083506,0.06206301895213584,0.11449232389347859,1.0,NatPath_K3,financial_only
financial_only,test,12,6,300,597.6178421571519,0.9913202157336343,0.6066346815636805,0.07366390680986445,1.0,NatPath_K3,financial_only
selected_decay,test,1,6,300,436.6189534067241,0.9948014953238455,0.5421878615364496,0.05381877117168759,1.0,NatPath_K3,selected_decay
selected_decay,test,3,6,300,610.5954833973485,0.9910054720141658,0.5333488428778623,0.07526356412845954,1.0,NatPath_K3,selected_decay
selected_decay,test,6,6,300,859.8610529390518,0.9795725793828834,0.21895380574324386,0.10598867705237942,1.0,NatPath_K3,selected_decay
selected_decay,test,12,6,300,597.6178421571519,0.9913202157336343,0.6066346815636805,0.07366390680986445,1.0,NatPath_K3,selected_decay
selected_news,test,1,6,300,436.6189534067241,0.9948014953238455,0.5421878615364496,0.05381877117168759,1.0,NatPath_K3,selected_news
selected_news,test,3,6,300,610.5954833973485,0.9910054720141658,0.5333488428778623,0.07526356412845954,1.0,NatPath_K3,selected_news
selected_news,test,6,6,300,1003.8239044575624,0.9712983401895612,-0.09741325564184766,0.12373390708109269,1.0,NatPath_K3,selected_news
selected_news,test,12,6,300,597.6178421571519,0.9913202157336343,0.6066346815636805,0.07366390680986445,1.0,NatPath_K3,selected_news
original,test,1,6,300,317.3538428285387,0.9969701448679693,0.7331724132917775,0.03911784798708603,1.0,NatPath_K1,original
original,test,3,6,300,593.1613340208265,0.9905982921620878,0.5122236710591486,0.07311458619576312,1.0,NatPath_K1,original
original,test,6,6,300,734.2839749421014,0.9866636451397991,0.490082012601756,0.09050972458731917,1.0,NatPath_K1,original
original,test,12,6,300,542.7517498313056,0.9923816879401763,0.6547402956808106,0.06690097165798899,1.0,NatPath_K1,original
all_windows,test,1,6,300,308.1897712034259,0.9972113166453012,0.754411476059918,0.03798826103272981,1.0,NatPath_K1,all_windows
all_windows,test,3,6,300,591.5657819210287,0.9904703247695742,0.5055845086834845,0.0729179143548329,1.0,NatPath_K1,all_windows
all_windows,test,6,6,300,701.9973813483836,0.9877414442090526,0.5312918587684602,0.08652999631630451,1.0,NatPath_K1,all_windows
all_windows,test,12,6,300,542.7517498313056,0.9923816879401763,0.6547402956808106,0.06690097165798899,1.0,NatPath_K1,all_windows
coverage_all,test,1,6,300,323.57521085848487,0.9968100579198504,0.7190741768518665,0.039884709754689204,1.0,NatPath_K1,coverage_all
coverage_all,test,3,6,300,594.3553339232602,0.9904852858759045,0.5063607159054584,0.07326176168374117,1.0,NatPath_K1,coverage_all
coverage_all,test,6,6,300,989.8539619901929,0.9700468823394734,-0.1452629773176577,0.12201193617014912,1.0,NatPath_K1,coverage_all
coverage_all,test,12,6,300,542.7517498313056,0.9923816879401763,0.6547402956808106,0.06690097165798899,1.0,NatPath_K1,coverage_all
economic_coverage_decay_14d,test,1,6,300,317.8043745719954,0.9969348960591724,0.7300681874539814,0.03917338168441523,1.0,NatPath_K1,economic_coverage_decay_14d
economic_coverage_decay_14d,test,3,6,300,597.8920227836165,0.9904000797337953,0.5019400787278565,0.07369770301655744,1.0,NatPath_K1,economic_coverage_decay_14d
economic_coverage_decay_14d,test,6,6,300,798.908883365258,0.9827224810239484,0.3393908758535792,0.09847555642141556,1.0,NatPath_K1,economic_coverage_decay_14d
economic_coverage_decay_14d,test,12,6,300,542.7517498313056,0.9923816879401763,0.6547402956808106,0.06690097165798899,1.0,NatPath_K1,economic_coverage_decay_14d
economic_coverage_decay_30d,test,1,6,300,318.3153950325465,0.9969114578695287,0.7280040770239726,0.03923637137603502,1.0,NatPath_K1,economic_coverage_decay_30d
economic_coverage_decay_30d,test,3,6,300,600.707295545174,0.9902668600512395,0.4950284187592626,0.07404472075217783,1.0,NatPath_K1,economic_coverage_decay_30d
economic_coverage_decay_30d,test,6,6,300,808.6032372264955,0.981982504803897,0.31109774862304695,0.0996705073232132,1.0,NatPath_K1,economic_coverage_decay_30d
economic_coverage_decay_30d,test,12,6,300,542.7517498313056,0.9923816879401763,0.6547402956808106,0.06690097165798899,1.0,NatPath_K1,economic_coverage_decay_30d
economic_coverage_decay_90d,test,1,6,300,318.56804846538785,0.9969000931285412,0.7270032283763925,0.03926751408567174,1.0,NatPath_K1,economic_coverage_decay_90d
economic_coverage_decay_90d,test,3,6,300,597.1931328166719,0.9902957440470918,0.49652696877856095,0.07361155604810427,1.0,NatPath_K1,economic_coverage_decay_90d
economic_coverage_decay_90d,test,6,6,300,1010.7306076494472,0.9671277545990045,-0.25687636478235865,0.12458524501714546,1.0,NatPath_K1,economic_coverage_decay_90d
economic_coverage_decay_90d,test,12,6,300,542.7517498313056,0.9923816879401763,0.6547402956808106,0.06690097165798899,1.0,NatPath_K1,economic_coverage_decay_90d
economic_coverage_windows,test,1,6,300,320.7906741814688,0.9968618579012092,0.7236360002444667,0.03954148062762036,1.0,NatPath_K1,economic_coverage_windows
economic_coverage_windows,test,3,6,300,606.4419146288728,0.9900770373755622,0.4851801008272515,0.07475158459721774,1.0,NatPath_K1,economic_coverage_windows
economic_coverage_windows,test,6,6,300,695.698798724549,0.9887185188298868,0.5686504870755471,0.08575361687997173,1.0,NatPath_K1,economic_coverage_windows
economic_coverage_windows,test,12,6,300,542.7517498313056,0.9923816879401763,0.6547402956808106,0.06690097165798899,1.0,NatPath_K1,economic_coverage_windows
economic_decay_14d,test,1,6,300,318.6868419393611,0.9969418689158055,0.7306822598854328,0.0392821568737197,1.0,NatPath_K1,economic_decay_14d
economic_decay_14d,test,3,6,300,597.0466715176306,0.9903627314413924,0.5000023868452157,0.07359350285303082,1.0,NatPath_K1,economic_decay_14d
economic_decay_14d,test,6,6,300,770.4681828727744,0.9840322751586161,0.38947109612792863,0.09496988279038188,1.0,NatPath_K1,economic_decay_14d
economic_decay_14d,test,12,6,300,542.7517498313056,0.9923816879401763,0.6547402956808106,0.06690097165798899,1.0,NatPath_K1,economic_decay_14d
economic_decay_30d,test,1,6,300,317.347941158811,0.9969725436153936,0.733383661671132,0.03911712053215049,1.0,NatPath_K1,economic_decay_30d
economic_decay_30d,test,3,6,300,594.749929129979,0.9904209591840328,0.5030233395313961,0.0733104005001969,1.0,NatPath_K1,economic_decay_30d
economic_decay_30d,test,6,6,300,669.6521880854655,0.9893146052326807,0.5914419606089307,0.08254304489988394,1.0,NatPath_K1,economic_decay_30d
economic_decay_30d,test,12,6,300,542.7517498313056,0.9923816879401763,0.6547402956808106,0.06690097165798899,1.0,NatPath_K1,economic_decay_30d
economic_decay_90d,test,1,6,300,319.8862383330623,0.9969059203689368,0.7275164108303925,0.039429997547041594,1.0,NatPath_K1,economic_decay_90d
economic_decay_90d,test,3,6,300,604.3462547648771,0.9899281414018667,0.47745512865247675,0.07449326819158747,1.0,NatPath_K1,economic_decay_90d
economic_decay_90d,test,6,6,300,837.7499636844334,0.9805707691189384,0.2571197743745761,0.1032632075241646,1.0,NatPath_K1,economic_decay_90d
economic_decay_90d,test,12,6,300,542.7517498313056,0.9923816879401763,0.6547402956808106,0.06690097165798899,1.0,NatPath_K1,economic_decay_90d
economic_shocks_windows,test,1,6,300,322.5829428106277,0.9969452003894707,0.7309756498461787,0.03976240025210822,1.0,NatPath_K1,economic_shocks_windows
economic_shocks_windows,test,3,6,300,584.4397294855452,0.9907044627295317,0.5177319776904685,0.07203953886886201,1.0,NatPath_K1,economic_shocks_windows
economic_shocks_windows,test,6,6,300,715.0557299361399,0.9873178711937424,0.5150964664182008,0.08813960182939802,1.0,NatPath_K1,economic_shocks_windows
economic_shocks_windows,test,12,6,300,542.7517498313056,0.9923816879401763,0.6547402956808106,0.06690097165798899,1.0,NatPath_K1,economic_shocks_windows
economic_windows,test,1,6,300,315.6134439260401,0.997023075701819,0.7378338264759442,0.038903321958038965,1.0,NatPath_K1,economic_windows
economic_windows,test,3,6,300,596.6418315372938,0.9902104491782674,0.49210172831055776,0.07354360123952346,1.0,NatPath_K1,economic_windows
economic_windows,test,6,6,300,819.1961283981575,0.9810200079784495,0.2742965050108147,0.10097621423668107,1.0,NatPath_K1,economic_windows
economic_windows,test,12,6,300,542.7517498313056,0.9923816879401763,0.6547402956808106,0.06690097165798899,1.0,NatPath_K1,economic_windows
financial_only,test,1,6,300,319.01969117841435,0.9969205844283103,0.7288078176480439,0.039323184723957315,1.0,NatPath_K1,financial_only
financial_only,test,3,6,300,594.4088395164645,0.9904759192715878,0.5058747608059171,0.07326835692028459,1.0,NatPath_K1,financial_only
financial_only,test,6,6,300,857.2025055721689,0.9790644798441559,0.19952652618283595,0.10566097769056523,1.0,NatPath_K1,financial_only
financial_only,test,12,6,300,542.7517498313056,0.9923816879401763,0.6547402956808106,0.06690097165798899,1.0,NatPath_K1,financial_only
selected_decay,test,1,6,300,318.6868419393611,0.9969418689158055,0.7306822598854328,0.0392821568737197,1.0,NatPath_K1,selected_decay
selected_decay,test,3,6,300,604.3462547648771,0.9899281414018667,0.47745512865247675,0.07449326819158747,1.0,NatPath_K1,selected_decay
selected_decay,test,6,6,300,770.4681828727744,0.9840322751586161,0.38947109612792863,0.09496988279038188,1.0,NatPath_K1,selected_decay
selected_decay,test,12,6,300,542.7517498313056,0.9923816879401763,0.6547402956808106,0.06690097165798899,1.0,NatPath_K1,selected_decay
selected_news,test,1,6,300,318.6868419393611,0.9969418689158055,0.7306822598854328,0.0392821568737197,1.0,NatPath_K1,selected_news
selected_news,test,3,6,300,596.6418315372938,0.9902104491782674,0.49210172831055776,0.07354360123952346,1.0,NatPath_K1,selected_news
selected_news,test,6,6,300,819.1961283981575,0.9810200079784495,0.2742965050108147,0.10097621423668107,1.0,NatPath_K1,selected_news
selected_news,test,12,6,300,542.7517498313056,0.9923816879401763,0.6547402956808106,0.06690097165798899,1.0,NatPath_K1,selected_news
original,test,1,6,300,415.9031382454766,0.9953151640786295,0.5874246759166026,0.0512652867040548,1.0,StructHGB,original
original,test,3,6,300,605.5666266844007,0.9911606678838301,0.5414006641933848,0.0746436943619787,1.0,StructHGB,original
original,test,6,6,300,714.5443122058444,0.988287663083189,0.5521766381477002,0.08807656316929141,1.0,StructHGB,original
original,test,12,6,300,502.2228331671821,0.9936995607128312,0.7144659094708623,0.0619052735217448,1.0,StructHGB,original
all_windows,test,1,6,300,415.9031382454766,0.9953151640786295,0.5874246759166026,0.0512652867040548,1.0,StructHGB,all_windows
all_windows,test,3,6,300,576.769301643131,0.9916645135199806,0.5675410185834008,0.07109406227509792,1.0,StructHGB,all_windows
all_windows,test,6,6,300,714.5443122058444,0.988287663083189,0.5521766381477002,0.08807656316929141,1.0,StructHGB,all_windows
all_windows,test,12,6,300,502.2228331671821,0.9936995607128312,0.7144659094708623,0.0619052735217448,1.0,StructHGB,all_windows
coverage_all,test,1,6,300,414.23553491427293,0.9952936276849635,0.5855280492800587,0.05105973364368732,1.0,StructHGB,coverage_all
coverage_all,test,3,6,300,591.9024931408192,0.9914459500728212,0.5562015813519868,0.07295941824271375,1.0,StructHGB,coverage_all
coverage_all,test,6,6,300,714.5443122058444,0.988287663083189,0.5521766381477002,0.08807656316929141,1.0,StructHGB,coverage_all
coverage_all,test,12,6,300,502.2228331671821,0.9936995607128312,0.7144659094708623,0.0619052735217448,1.0,StructHGB,coverage_all
economic_coverage_decay_14d,test,1,6,300,415.9031382454766,0.9953151640786295,0.5874246759166026,0.0512652867040548,1.0,StructHGB,economic_coverage_decay_14d
economic_coverage_decay_14d,test,3,6,300,594.9308177122767,0.9913969776275412,0.5536608089742674,0.07333269729043537,1.0,StructHGB,economic_coverage_decay_14d
economic_coverage_decay_14d,test,6,6,300,714.5443122058444,0.988287663083189,0.5521766381477002,0.08807656316929141,1.0,StructHGB,economic_coverage_decay_14d
economic_coverage_decay_14d,test,12,6,300,502.2228331671821,0.9936995607128312,0.7144659094708623,0.0619052735217448,1.0,StructHGB,economic_coverage_decay_14d
economic_coverage_decay_30d,test,1,6,300,415.9031382454766,0.9953151640786295,0.5874246759166026,0.0512652867040548,1.0,StructHGB,economic_coverage_decay_30d
economic_coverage_decay_30d,test,3,6,300,598.0607647186964,0.9912908559727148,0.5481550400113568,0.07371850257993019,1.0,StructHGB,economic_coverage_decay_30d
economic_coverage_decay_30d,test,6,6,300,714.5443122058444,0.988287663083189,0.5521766381477002,0.08807656316929141,1.0,StructHGB,economic_coverage_decay_30d
economic_coverage_decay_30d,test,12,6,300,502.2228331671821,0.9936995607128312,0.7144659094708623,0.0619052735217448,1.0,StructHGB,economic_coverage_decay_30d
economic_coverage_decay_90d,test,1,6,300,415.9031382454766,0.9953151640786295,0.5874246759166026,0.0512652867040548,1.0,StructHGB,economic_coverage_decay_90d
economic_coverage_decay_90d,test,3,6,300,602.1721987854332,0.9911886953734528,0.542854777236814,0.0742252884798521,1.0,StructHGB,economic_coverage_decay_90d
economic_coverage_decay_90d,test,6,6,300,714.5443122058444,0.988287663083189,0.5521766381477002,0.08807656316929141,1.0,StructHGB,economic_coverage_decay_90d
economic_coverage_decay_90d,test,12,6,300,502.2228331671821,0.9936995607128312,0.7144659094708623,0.0619052735217448,1.0,StructHGB,economic_coverage_decay_90d
economic_coverage_windows,test,1,6,300,415.9031382454766,0.9953151640786295,0.5874246759166026,0.0512652867040548,1.0,StructHGB,economic_coverage_windows
economic_coverage_windows,test,3,6,300,604.8934099044559,0.9910608307725569,0.5362209478622209,0.07456071193635082,1.0,StructHGB,economic_coverage_windows
economic_coverage_windows,test,6,6,300,724.0929080210501,0.988334241002649,0.5539575534875503,0.08925354756078385,1.0,StructHGB,economic_coverage_windows
economic_coverage_windows,test,12,6,300,502.2228331671821,0.9936995607128312,0.7144659094708623,0.0619052735217448,1.0,StructHGB,economic_coverage_windows
economic_decay_14d,test,1,6,300,413.8410082049687,0.9953259928015895,0.5883783195360652,0.05101110327039846,1.0,StructHGB,economic_decay_14d
economic_decay_14d,test,3,6,300,588.3545015153426,0.9915838710192085,0.5633571507520051,0.07252208370210182,1.0,StructHGB,economic_decay_14d
economic_decay_14d,test,6,6,300,714.5443122058444,0.988287663083189,0.5521766381477002,0.08807656316929141,1.0,StructHGB,economic_decay_14d
economic_decay_14d,test,12,6,300,502.2228331671821,0.9936995607128312,0.7144659094708623,0.0619052735217448,1.0,StructHGB,economic_decay_14d
economic_decay_30d,test,1,6,300,411.6377982675175,0.9953874459664932,0.5937902613525153,0.050739529967082836,1.0,StructHGB,economic_decay_30d
economic_decay_30d,test,3,6,300,582.6000151853484,0.9917785388498485,0.5734568434279994,0.07181277096936742,1.0,StructHGB,economic_decay_30d
economic_decay_30d,test,6,6,300,714.5443122058444,0.988287663083189,0.5521766381477002,0.08807656316929141,1.0,StructHGB,economic_decay_30d
economic_decay_30d,test,12,6,300,502.2228331671821,0.9936995607128312,0.7144659094708623,0.0619052735217448,1.0,StructHGB,economic_decay_30d
economic_decay_90d,test,1,6,300,415.9031382454766,0.9953151640786295,0.5874246759166026,0.0512652867040548,1.0,StructHGB,economic_decay_90d
economic_decay_90d,test,3,6,300,597.9486038385947,0.9912819498040895,0.5476929730856539,0.07370467734240098,1.0,StructHGB,economic_decay_90d
economic_decay_90d,test,6,6,300,714.5443122058444,0.988287663083189,0.5521766381477002,0.08807656316929141,1.0,StructHGB,economic_decay_90d
economic_decay_90d,test,12,6,300,502.2228331671821,0.9936995607128312,0.7144659094708623,0.0619052735217448,1.0,StructHGB,economic_decay_90d
economic_shocks_windows,test,1,6,300,415.9031382454766,0.9953151640786295,0.5874246759166026,0.0512652867040548,1.0,StructHGB,economic_shocks_windows
economic_shocks_windows,test,3,6,300,573.0418945929108,0.9918698348233406,0.578193431244255,0.07063461252942307,1.0,StructHGB,economic_shocks_windows
economic_shocks_windows,test,6,6,300,714.5443122058444,0.988287663083189,0.5521766381477002,0.08807656316929141,1.0,StructHGB,economic_shocks_windows
economic_shocks_windows,test,12,6,300,502.2228331671821,0.9936995607128312,0.7144659094708623,0.0619052735217448,1.0,StructHGB,economic_shocks_windows
economic_windows,test,1,6,300,415.9031382454766,0.9953151640786295,0.5874246759166026,0.0512652867040548,1.0,StructHGB,economic_windows
economic_windows,test,3,6,300,580.1673115586653,0.991799482365363,0.5745434280452719,0.0715129096857666,1.0,StructHGB,economic_windows
economic_windows,test,6,6,300,724.6863275004631,0.9882964680819479,0.5525132988989516,0.08932669396664225,1.0,StructHGB,economic_windows
economic_windows,test,12,6,300,502.2228331671821,0.9936995607128312,0.7144659094708623,0.0619052735217448,1.0,StructHGB,economic_windows
financial_only,test,1,6,300,415.9031382454766,0.9953151640786295,0.5874246759166026,0.0512652867040548,1.0,StructHGB,financial_only
financial_only,test,3,6,300,597.1988282021017,0.9913263514381335,0.5499966041308193,0.07361225807590858,1.0,StructHGB,financial_only
financial_only,test,6,6,300,714.5443122058444,0.988287663083189,0.5521766381477002,0.08807656316929141,1.0,StructHGB,financial_only
financial_only,test,12,6,300,502.2228331671821,0.9936995607128312,0.7144659094708623,0.0619052735217448,1.0,StructHGB,financial_only
selected_decay,test,1,6,300,413.8410082049687,0.9953259928015895,0.5883783195360652,0.05101110327039846,1.0,StructHGB,selected_decay
selected_decay,test,3,6,300,588.3545015153426,0.9915838710192085,0.5633571507520051,0.07252208370210182,1.0,StructHGB,selected_decay
selected_decay,test,6,6,300,714.5443122058444,0.988287663083189,0.5521766381477002,0.08807656316929141,1.0,StructHGB,selected_decay
selected_decay,test,12,6,300,502.2228331671821,0.9936995607128312,0.7144659094708623,0.0619052735217448,1.0,StructHGB,selected_decay
selected_news,test,1,6,300,413.8410082049687,0.9953259928015895,0.5883783195360652,0.05101110327039846,1.0,StructHGB,selected_news
selected_news,test,3,6,300,580.1673115586653,0.991799482365363,0.5745434280452719,0.0715129096857666,1.0,StructHGB,selected_news
selected_news,test,6,6,300,724.6863275004631,0.9882964680819479,0.5525132988989516,0.08932669396664225,1.0,StructHGB,selected_news
selected_news,test,12,6,300,502.2228331671821,0.9936995607128312,0.7144659094708623,0.0619052735217448,1.0,StructHGB,selected_news
original,test,1,6,300,429.2113825861613,0.9919610103408303,0.29203736916260403,0.05290569500809152,1.0,Chronos2_NatCov,original
original,test,3,6,300,615.2626401392619,0.9887653905383398,0.41712966891026537,0.07583884982953962,1.0,Chronos2_NatCov,original
original,test,6,6,300,839.2363970120748,0.9789458714419134,0.19499151205086462,0.1034464291055873,1.0,Chronos2_NatCov,original
original,test,12,6,300,1372.0489288605584,0.9514568109665706,-1.1999633200612658,0.16912226728261004,1.0,Chronos2_NatCov,original
all_windows,test,1,6,300,429.2113825861613,0.9919610103408303,0.29203736916260403,0.05290569500809152,1.0,Chronos2_NatCov,all_windows
all_windows,test,3,6,300,629.771950460736,0.9880741955728887,0.38126931793545815,0.07762730460448158,1.0,Chronos2_NatCov,all_windows
all_windows,test,6,6,300,856.1654903363202,0.9770505070385685,0.12252190457033019,0.10553315253491354,1.0,Chronos2_NatCov,all_windows
all_windows,test,12,6,300,1372.0489288605584,0.9514568109665706,-1.1999633200612658,0.16912226728261004,1.0,Chronos2_NatCov,all_windows
coverage_all,test,1,6,300,429.2113825861613,0.9919610103408303,0.29203736916260403,0.05290569500809152,1.0,Chronos2_NatCov,coverage_all
coverage_all,test,3,6,300,618.8066493354112,0.9886430313759585,0.410781470894805,0.07627569348570641,1.0,Chronos2_NatCov,coverage_all
coverage_all,test,6,6,300,916.7850047838044,0.9701453876765302,-0.141496607590212,0.11300526924247402,1.0,Chronos2_NatCov,coverage_all
coverage_all,test,12,6,300,1372.0489288605584,0.9514568109665706,-1.1999633200612658,0.16912226728261004,1.0,Chronos2_NatCov,coverage_all
economic_coverage_decay_14d,test,1,6,300,429.2113825861613,0.9919610103408303,0.29203736916260403,0.05290569500809152,1.0,Chronos2_NatCov,economic_coverage_decay_14d
economic_coverage_decay_14d,test,3,6,300,619.1196063093381,0.9885802417292671,0.4075238389957173,0.0763142693643643,1.0,Chronos2_NatCov,economic_coverage_decay_14d
economic_coverage_decay_14d,test,6,6,300,890.957638287182,0.9741682776271187,0.012319331519988097,0.10982172185726878,1.0,Chronos2_NatCov,economic_coverage_decay_14d
economic_coverage_decay_14d,test,12,6,300,1372.0489288605584,0.9514568109665706,-1.1999633200612658,0.16912226728261004,1.0,Chronos2_NatCov,economic_coverage_decay_14d
economic_coverage_decay_30d,test,1,6,300,429.2113825861613,0.9919610103408303,0.29203736916260403,0.05290569500809152,1.0,Chronos2_NatCov,economic_coverage_decay_30d
economic_coverage_decay_30d,test,3,6,300,621.0436147986867,0.9885553643843419,0.40623316072846893,0.0765514275816444,1.0,Chronos2_NatCov,economic_coverage_decay_30d
economic_coverage_decay_30d,test,6,6,300,975.2104427336542,0.9682300209737229,-0.21473100667925782,0.12020693845791806,1.0,Chronos2_NatCov,economic_coverage_decay_30d
economic_coverage_decay_30d,test,12,6,300,1372.0489288605584,0.9514568109665706,-1.1999633200612658,0.16912226728261004,1.0,Chronos2_NatCov,economic_coverage_decay_30d
economic_coverage_decay_90d,test,1,6,300,429.2113825861613,0.9919610103408303,0.29203736916260403,0.05290569500809152,1.0,Chronos2_NatCov,economic_coverage_decay_90d
economic_coverage_decay_90d,test,3,6,300,629.6369238756738,0.9884409042453492,0.4002947772591693,0.0776106608815583,1.0,Chronos2_NatCov,economic_coverage_decay_90d
economic_coverage_decay_90d,test,6,6,300,1193.7413246664757,0.9507968062516456,-0.8812931863863738,0.14714361501976625,1.0,Chronos2_NatCov,economic_coverage_decay_90d
economic_coverage_decay_90d,test,12,6,300,1372.0489288605584,0.9514568109665706,-1.1999633200612658,0.16912226728261004,1.0,Chronos2_NatCov,economic_coverage_decay_90d
economic_coverage_windows,test,1,6,300,429.2113825861613,0.9919610103408303,0.29203736916260403,0.05290569500809152,1.0,Chronos2_NatCov,economic_coverage_windows
economic_coverage_windows,test,3,6,300,634.3475955166421,0.9882809282095748,0.3919949529300284,0.07819131034061662,1.0,Chronos2_NatCov,economic_coverage_windows
economic_coverage_windows,test,6,6,300,759.9426747056125,0.9822536864730093,0.32146642974937745,0.09367248167873904,1.0,Chronos2_NatCov,economic_coverage_windows
economic_coverage_windows,test,12,6,300,1372.0489288605584,0.9514568109665706,-1.1999633200612658,0.16912226728261004,1.0,Chronos2_NatCov,economic_coverage_windows
economic_decay_14d,test,1,6,300,429.2113825861613,0.9919610103408303,0.29203736916260403,0.05290569500809152,1.0,Chronos2_NatCov,economic_decay_14d
economic_decay_14d,test,3,6,300,618.2912731644183,0.9885243809628702,0.4046256889963088,0.07621216689805466,1.0,Chronos2_NatCov,economic_decay_14d
economic_decay_14d,test,6,6,300,917.4810351198576,0.9745862089275851,0.028299011862819246,0.1130910637254948,1.0,Chronos2_NatCov,economic_decay_14d
economic_decay_14d,test,12,6,300,1372.0489288605584,0.9514568109665706,-1.1999633200612658,0.16912226728261004,1.0,Chronos2_NatCov,economic_decay_14d
economic_decay_30d,test,1,6,300,429.2113825861613,0.9919610103408303,0.29203736916260403,0.05290569500809152,1.0,Chronos2_NatCov,economic_decay_30d
economic_decay_30d,test,3,6,300,625.6954096553073,0.9883411541293836,0.39511957439007117,0.07712481973737359,1.0,Chronos2_NatCov,economic_decay_30d
economic_decay_30d,test,6,6,300,1033.8075284260663,0.9654220675236379,-0.3220936246498005,0.12742976541401219,1.0,Chronos2_NatCov,economic_decay_30d
economic_decay_30d,test,12,6,300,1372.0489288605584,0.9514568109665706,-1.1999633200612658,0.16912226728261004,1.0,Chronos2_NatCov,economic_decay_30d
economic_decay_90d,test,1,6,300,429.2113825861613,0.9919610103408303,0.29203736916260403,0.05290569500809152,1.0,Chronos2_NatCov,economic_decay_90d
economic_decay_90d,test,3,6,300,641.004596964532,0.9881162458380933,0.3834509560320818,0.07901186939976457,1.0,Chronos2_NatCov,economic_decay_90d
economic_decay_90d,test,6,6,300,1178.7767280926178,0.9522046856660062,-0.8274626573553421,0.14529904049453982,1.0,Chronos2_NatCov,economic_decay_90d
economic_decay_90d,test,12,6,300,1372.0489288605584,0.9514568109665706,-1.1999633200612658,0.16912226728261004,1.0,Chronos2_NatCov,economic_decay_90d
economic_shocks_windows,test,1,6,300,429.2113825861613,0.9919610103408303,0.29203736916260403,0.05290569500809152,1.0,Chronos2_NatCov,economic_shocks_windows
economic_shocks_windows,test,3,6,300,640.5988270742548,0.9878288933792875,0.36854262981253727,0.07896185316317475,1.0,Chronos2_NatCov,economic_shocks_windows
economic_shocks_windows,test,6,6,300,801.5063705821412,0.9806105706293579,0.25864159246514484,0.09879572935265477,1.0,Chronos2_NatCov,economic_shocks_windows
economic_shocks_windows,test,12,6,300,1372.0489288605584,0.9514568109665706,-1.1999633200612658,0.16912226728261004,1.0,Chronos2_NatCov,economic_shocks_windows
economic_windows,test,1,6,300,429.2113825861613,0.9919610103408303,0.29203736916260403,0.05290569500809152,1.0,Chronos2_NatCov,economic_windows
economic_windows,test,3,6,300,630.7120434364668,0.9883402114440474,0.39507066629799326,0.07774318287395707,1.0,Chronos2_NatCov,economic_windows
economic_windows,test,6,6,300,996.707802055303,0.9717881232696647,-0.0786863092546144,0.12285675806171711,1.0,Chronos2_NatCov,economic_windows
economic_windows,test,12,6,300,1372.0489288605584,0.9514568109665706,-1.1999633200612658,0.16912226728261004,1.0,Chronos2_NatCov,economic_windows
financial_only,test,1,6,300,429.2113825861613,0.9919610103408303,0.29203736916260403,0.05290569500809152,1.0,Chronos2_NatCov,financial_only
financial_only,test,3,6,300,619.0689799699911,0.9886111125657003,0.40912546962776764,0.07630802903203034,1.0,Chronos2_NatCov,financial_only
financial_only,test,6,6,300,808.1612136435269,0.9798638302892716,0.2300898378577293,0.09961602236355063,1.0,Chronos2_NatCov,financial_only
financial_only,test,12,6,300,1372.0489288605584,0.9514568109665706,-1.1999633200612658,0.16912226728261004,1.0,Chronos2_NatCov,financial_only
selected_decay,test,1,6,300,429.2113825861613,0.9919610103408303,0.29203736916260403,0.05290569500809152,1.0,Chronos2_NatCov,selected_decay
selected_decay,test,3,6,300,618.2912731644183,0.9885243809628702,0.4046256889963088,0.07621216689805466,1.0,Chronos2_NatCov,selected_decay
selected_decay,test,6,6,300,917.4810351198576,0.9745862089275851,0.028299011862819246,0.1130910637254948,1.0,Chronos2_NatCov,selected_decay
selected_decay,test,12,6,300,1372.0489288605584,0.9514568109665706,-1.1999633200612658,0.16912226728261004,1.0,Chronos2_NatCov,selected_decay
selected_news,test,1,6,300,429.2113825861613,0.9919610103408303,0.29203736916260403,0.05290569500809152,1.0,Chronos2_NatCov,selected_news
selected_news,test,3,6,300,618.2912731644183,0.9885243809628702,0.4046256889963088,0.07621216689805466,1.0,Chronos2_NatCov,selected_news
selected_news,test,6,6,300,996.707802055303,0.9717881232696647,-0.0786863092546144,0.12285675806171711,1.0,Chronos2_NatCov,selected_news
selected_news,test,12,6,300,1372.0489288605584,0.9514568109665706,-1.1999633200612658,0.16912226728261004,1.0,Chronos2_NatCov,selected_news
