month,economic_relevance,sentiment,articles
2023-01,0,-1,7
2023-01,0,0,13
2023-01,0,1,4
2023-01,1,-1,13
2023-01,1,0,6
2023-01,1,1,7
2023-02,0,-1,7
2023-02,0,0,17
2023-02,0,1,1
2023-02,1,-1,9
2023-02,1,0,9
2023-02,1,1,7
2023-03,0,-1,3
2023-03,0,0,17
2023-03,1,-1,15
2023-03,1,0,11
2023-03,1,1,4
2023-04,0,-1,8
2023-04,0,0,18
2023-04,0,1,1
2023-04,1,-1,5
2023-04,1,0,9
2023-04,1,1,9
2023-05,0,-1,10
2023-05,0,0,17
2023-05,0,1,1
2023-05,1,-1,8
2023-05,1,0,11
2023-05,1,1,3
2023-06,0,-1,9
2023-06,0,0,10
2023-06,0,1,1
2023-06,1,-1,10
2023-06,1,0,15
2023-06,1,1,5
2023-07,0,-1,6
2023-07,0,0,21
2023-07,0,1,1
2023-07,1,-1,3
2023-07,1,0,11
2023-07,1,1,7
2023-07,1,2,1
2023-08,0,-1,7
2023-08,0,0,16
2023-08,0,1,2
2023-08,1,-1,7
2023-08,1,0,12
2023-08,1,1,6
2023-09,0,-1,7
2023-09,0,0,17
2023-09,1,-1,10
2023-09,1,0,8
2023-09,1,1,8
2023-10,0,-1,3
2023-10,0,0,25
2023-10,0,1,1
2023-10,1,-1,8
2023-10,1,0,8
2023-10,1,1,5
2023-11,0,-1,7
2023-11,0,0,10
2023-11,0,1,5
2023-11,1,-1,4
2023-11,1,0,16
2023-11,1,1,7
2023-11,1,2,1
2023-12,0,-1,5
2023-12,0,0,15
2023-12,0,1,3
2023-12,1,-1,3
2023-12,1,0,19
2023-12,1,1,5
2024-01,0,-1,5
2024-01,0,0,16
2024-01,1,-1,9
2024-01,1,0,12
2024-01,1,1,8
2024-02,0,-1,4
2024-02,0,0,25
2024-02,0,1,1
2024-02,1,-1,4
2024-02,1,0,13
2024-02,1,1,3
2024-03,0,-1,7
2024-03,0,0,16
2024-03,0,1,3
2024-03,1,-1,10
2024-03,1,0,8
2024-03,1,1,6
2024-04,0,-1,3
2024-04,0,0,5
2024-04,0,1,3
2024-04,1,-1,11
2024-04,1,0,18
2024-04,1,1,9
2024-04,1,2,1
2024-05,0,-1,11
2024-05,0,0,6
2024-05,0,1,3
2024-05,1,-1,7
2024-05,1,0,12
2024-05,1,1,10
2024-05,1,2,1
2024-06,0,-1,6
2024-06,0,0,14
2024-06,0,1,3
2024-06,1,-1,7
2024-06,1,0,11
2024-06,1,1,9
2024-07,0,-1,5
2024-07,0,0,7
2024-07,0,1,3
2024-07,1,-1,10
2024-07,1,0,15
2024-07,1,1,10
2024-08,0,-1,6
2024-08,0,0,11
2024-08,0,1,3
2024-08,1,-1,6
2024-08,1,0,10
2024-08,1,1,14
2024-09,0,-1,9
2024-09,0,0,15
2024-09,0,1,1
2024-09,1,-1,6
2024-09,1,0,10
2024-09,1,1,9
2024-10,0,-1,11
2024-10,0,0,11
2024-10,0,1,4
2024-10,1,-1,6
2024-10,1,0,9
2024-10,1,1,9
2024-11,0,-1,6
2024-11,0,0,15
2024-11,0,1,1
2024-11,1,-1,6
2024-11,1,0,13
2024-11,1,1,9
2024-12,0,-1,6
2024-12,0,0,16
2024-12,0,1,6
2024-12,1,-1,5
2024-12,1,0,11
2024-12,1,1,6
