base_model,h,municipalities,improved_share,unchanged_share
Ensemble,1,39,0.0,1.0
Ensemble,3,39,0.0,1.0
Ensemble,6,39,0.0,1.0
Ensemble,12,39,0.0,1.0
PastOnlyBlend,1,39,0.0,1.0
PastOnlyBlend,3,39,0.0,1.0
PastOnlyBlend,6,39,0.0,1.0
PastOnlyBlend,12,39,0.0,1.0
Prophet,1,39,0.0,1.0
Prophet,3,39,0.0,1.0
Prophet,6,39,0.0,1.0
Prophet,12,39,0.0,1.0
SeasonalNaive_NatGrowth,1,39,1.0,0.0
SeasonalNaive_NatGrowth,3,39,0.0,1.0
SeasonalNaive_NatGrowth,6,39,0.1282051282051282,0.0
SeasonalNaive_NatGrowth,12,39,0.0,1.0
NatPath_K3,1,39,0.1794871794871795,0.0
NatPath_K3,3,39,0.0,0.0
NatPath_K3,6,39,0.8461538461538461,0.0
NatPath_K3,12,39,0.0,1.0
NatPath_K1,1,39,0.38461538461538464,0.0
NatPath_K1,3,39,0.0,0.0
NatPath_K1,6,39,0.8717948717948718,0.0
NatPath_K1,12,39,0.0,1.0
StructHGB,1,39,0.0,1.0
StructHGB,3,39,0.05128205128205128,0.0
StructHGB,6,39,0.0,1.0
StructHGB,12,39,0.0,1.0
Chronos2_NatCov,1,39,0.0,1.0
Chronos2_NatCov,3,39,0.3076923076923077,0.0
Chronos2_NatCov,6,39,0.9743589743589743,0.0
Chronos2_NatCov,12,39,0.0,1.0
