variant,method,threshold,calibration_alarm_rate_per_100,within_budget
without_news,CUSUM,3.0,11.965811965811966,False
without_news,CUSUM,4.0,9.455128205128204,False
without_news,CUSUM,5.0,7.585470085470085,False
without_news,CUSUM,6.0,6.25,False
without_news,CUSUM,8.0,3.3653846153846154,False
without_news,CUSUM,10.0,1.9230769230769231,False
without_news,CUSUM,12.0,0.5876068376068376,True
without_news,PageHinkley,3.0,10.202991452991453,False
without_news,PageHinkley,5.0,6.143162393162393,False
without_news,PageHinkley,8.0,1.8162393162393164,False
without_news,PageHinkley,12.0,0.2136752136752137,True
without_news,BOCPD,0.3,4.5405982905982905,False
without_news,BOCPD,0.5,1.3354700854700854,False
without_news,BOCPD,0.7,0.16025641025641024,True
coverage_only,CUSUM,3.0,15.972222222222221,False
coverage_only,CUSUM,4.0,14.155982905982906,False
coverage_only,CUSUM,5.0,12.446581196581196,False
coverage_only,CUSUM,6.0,10.844017094017094,False
coverage_only,CUSUM,8.0,8.386752136752136,False
coverage_only,CUSUM,10.0,6.41025641025641,False
coverage_only,CUSUM,12.0,4.807692307692308,False
coverage_only,CUSUM,16.0,2.083333333333333,False
coverage_only,CUSUM,24.0,0.2136752136752137,True
coverage_only,PageHinkley,3.0,13.514957264957264,False
coverage_only,PageHinkley,5.0,9.98931623931624,False
coverage_only,PageHinkley,8.0,5.982905982905983,False
coverage_only,PageHinkley,12.0,2.02991452991453,False
coverage_only,PageHinkley,16.0,0.641025641025641,True
coverage_only,BOCPD,0.3,6.623931623931624,False
coverage_only,BOCPD,0.5,2.7243589743589745,False
coverage_only,BOCPD,0.7,0.8012820512820512,True
with_news,CUSUM,3.0,15.972222222222221,False
with_news,CUSUM,4.0,14.155982905982906,False
with_news,CUSUM,5.0,12.446581196581196,False
with_news,CUSUM,6.0,10.844017094017094,False
with_news,CUSUM,8.0,8.386752136752136,False
with_news,CUSUM,10.0,6.41025641025641,False
with_news,CUSUM,12.0,4.807692307692308,False
with_news,CUSUM,16.0,2.083333333333333,False
with_news,CUSUM,24.0,0.2136752136752137,True
with_news,PageHinkley,3.0,13.514957264957264,False
with_news,PageHinkley,5.0,9.98931623931624,False
with_news,PageHinkley,8.0,5.982905982905983,False
with_news,PageHinkley,12.0,2.02991452991453,False
with_news,PageHinkley,16.0,0.641025641025641,True
with_news,BOCPD,0.3,6.623931623931624,False
with_news,BOCPD,0.5,2.7243589743589745,False
with_news,BOCPD,0.7,0.8012820512820512,True
delayed_news_3m,CUSUM,3.0,15.972222222222221,False
delayed_news_3m,CUSUM,4.0,14.155982905982906,False
delayed_news_3m,CUSUM,5.0,12.446581196581196,False
delayed_news_3m,CUSUM,6.0,10.844017094017094,False
delayed_news_3m,CUSUM,8.0,8.386752136752136,False
delayed_news_3m,CUSUM,10.0,6.41025641025641,False
delayed_news_3m,CUSUM,12.0,4.807692307692308,False
delayed_news_3m,CUSUM,16.0,2.083333333333333,False
delayed_news_3m,CUSUM,24.0,0.2136752136752137,True
delayed_news_3m,PageHinkley,3.0,13.514957264957264,False
delayed_news_3m,PageHinkley,5.0,9.98931623931624,False
delayed_news_3m,PageHinkley,8.0,5.982905982905983,False
delayed_news_3m,PageHinkley,12.0,2.02991452991453,False
delayed_news_3m,PageHinkley,16.0,0.641025641025641,True
delayed_news_3m,BOCPD,0.3,6.623931623931624,False
delayed_news_3m,BOCPD,0.5,2.7243589743589745,False
delayed_news_3m,BOCPD,0.7,0.8012820512820512,True
mchs_only,CUSUM,3.0,12.92735042735043,False
mchs_only,CUSUM,4.0,10.416666666666668,False
mchs_only,CUSUM,5.0,8.44017094017094,False
mchs_only,CUSUM,6.0,7.051282051282051,False
mchs_only,CUSUM,8.0,4.22008547008547,False
mchs_only,CUSUM,10.0,2.4572649572649574,False
mchs_only,CUSUM,12.0,1.2286324786324787,False
mchs_only,CUSUM,16.0,0.3205128205128205,True
mchs_only,PageHinkley,3.0,11.004273504273504,False
mchs_only,PageHinkley,5.0,7.158119658119658,False
mchs_only,PageHinkley,8.0,2.6175213675213675,False
mchs_only,PageHinkley,12.0,0.4807692307692308,True
mchs_only,BOCPD,0.3,5.448717948717949,False
mchs_only,BOCPD,0.5,1.655982905982906,False
mchs_only,BOCPD,0.7,0.2670940170940171,True
crisis_only,CUSUM,3.0,15.972222222222221,False
crisis_only,CUSUM,4.0,14.155982905982906,False
crisis_only,CUSUM,5.0,12.446581196581196,False
crisis_only,CUSUM,6.0,10.844017094017094,False
crisis_only,CUSUM,8.0,8.386752136752136,False
crisis_only,CUSUM,10.0,6.41025641025641,False
crisis_only,CUSUM,12.0,4.807692307692308,False
crisis_only,CUSUM,16.0,2.083333333333333,False
crisis_only,CUSUM,24.0,0.2136752136752137,True
crisis_only,PageHinkley,3.0,13.514957264957264,False
crisis_only,PageHinkley,5.0,9.98931623931624,False
crisis_only,PageHinkley,8.0,5.982905982905983,False
crisis_only,PageHinkley,12.0,2.02991452991453,False
crisis_only,PageHinkley,16.0,0.641025641025641,True
crisis_only,BOCPD,0.3,6.623931623931624,False
crisis_only,BOCPD,0.5,2.7243589743589745,False
crisis_only,BOCPD,0.7,0.8012820512820512,True
economic_only,CUSUM,3.0,15.972222222222221,False
economic_only,CUSUM,4.0,14.155982905982906,False
economic_only,CUSUM,5.0,12.446581196581196,False
economic_only,CUSUM,6.0,10.844017094017094,False
economic_only,CUSUM,8.0,8.386752136752136,False
economic_only,CUSUM,10.0,6.41025641025641,False
economic_only,CUSUM,12.0,4.807692307692308,False
economic_only,CUSUM,16.0,2.083333333333333,False
economic_only,CUSUM,24.0,0.2136752136752137,True
economic_only,PageHinkley,3.0,13.514957264957264,False
economic_only,PageHinkley,5.0,9.98931623931624,False
economic_only,PageHinkley,8.0,5.982905982905983,False
economic_only,PageHinkley,12.0,2.02991452991453,False
economic_only,PageHinkley,16.0,0.641025641025641,True
economic_only,BOCPD,0.3,6.623931623931624,False
economic_only,BOCPD,0.5,2.7243589743589745,False
economic_only,BOCPD,0.7,0.8012820512820512,True
