seed,method,threshold,n_events,n_alarms,event_precision,event_recall,event_f1,median_delay_months,false_alarms_per_100_series_months
0,CUSUM,10.0,605,1674,0.15890083632019117,0.4396694214876033,0.233435717419921,1.0,1.9043889420706057
0,PageHinkley,12.0,605,2098,0.08817921830314586,0.30578512396694213,0.13688494265630782,1.0,2.7180692135874454
0,BOCPD,0.5,605,1657,0.12130356065178033,0.3322314049586777,0.1777188328912467,1.0,2.108896817799437
1,CUSUM,10.0,605,1705,0.16070381231671554,0.45289256198347105,0.2372294372294372,2.0,1.9348475618600065
1,PageHinkley,12.0,605,2112,0.0928030303030303,0.3239669421487603,0.14427677585572324,2.0,2.719519624053607
1,BOCPD,0.5,605,1670,0.1347305389221557,0.371900826446281,0.19780219780219782,1.0,2.0856902503408463
2,CUSUM,10.0,605,1687,0.16478956727919383,0.45950413223140496,0.2425828970331588,1.0,1.9087401734690916
2,PageHinkley,12.0,605,2108,0.08918406072106262,0.31074380165289256,0.13859196461481757,1.0,2.7166188031212832
2,BOCPD,0.5,605,1663,0.12206855081178593,0.33553719008264465,0.17901234567901234,1.0,2.1030951759347896
3,CUSUM,10.0,605,1686,0.1619217081850534,0.4512396694214876,0.23832387603666522,2.0,1.9000377106721205
3,PageHinkley,12.0,605,2112,0.09375,0.32727272727272727,0.145748987854251,1.0,2.7166188031212832
3,BOCPD,0.5,605,1677,0.13357185450208706,0.3702479338842975,0.19631901840490798,1.0,2.094392713137818
4,CUSUM,10.0,605,1683,0.1592394533571004,0.44297520661157025,0.23426573426573427,1.0,1.921793867664549
4,PageHinkley,12.0,605,2088,0.08764367816091954,0.30247933884297523,0.13590790939472708,1.0,2.7108171612566356
4,BOCPD,0.5,605,1674,0.12783751493428913,0.3537190082644628,0.18780166739798157,1.0,2.094392713137818
