region,model,h,mae,bias,wape
Оренбургская область,Ensemble,1,367.33185992553365,136.3134646510806,0.05419846887423401
Оренбургская область,Ensemble,3,425.87042321099176,145.6336597323078,0.0628356192178292
Оренбургская область,Ensemble,6,424.66166379444957,126.28212926054952,0.06265727119860978
Оренбургская область,Ensemble,12,511.7784479472712,-145.9261182257932,0.07551103323081478
Оренбургская область,PastOnlyBlend,1,375.8702443549436,117.20658410444558,0.05545827618533257
Оренбургская область,PastOnlyBlend,3,452.60416937281946,220.5530434958955,0.06678008542758627
Оренбургская область,PastOnlyBlend,6,510.0511043472507,255.67534173384013,0.07525617001704454
Оренбургская область,PastOnlyBlend,12,542.4915931353881,-157.6211256043524,0.08004264517388293
Оренбургская область,Prophet,1,466.1087220781549,11.192477614791304,0.06877263265615761
Оренбургская область,Prophet,3,527.4221261179346,64.08866445427267,0.07781920057732022
Оренбургская область,Prophet,6,533.7431024948077,30.549959655500885,0.07875183746181529
Оренбургская область,Prophet,12,781.3410247628846,-65.1061016637036,0.11528400291594114
Оренбургская область,SeasonalNaive_NatGrowth,1,530.3912255159471,151.41401773436456,0.07825728030539039
Оренбургская область,SeasonalNaive_NatGrowth,3,526.3628675020658,169.35490669620003,0.07766291085299964
Оренбургская область,SeasonalNaive_NatGrowth,6,508.5290469308185,121.17550980874955,0.07503159602684935
Оренбургская область,SeasonalNaive_NatGrowth,12,523.3845640546576,-184.9691436093757,0.0772234731011937
Оренбургская область,NatPath_K3,1,396.49262893981063,215.19905927174452,0.058501033405634624
Оренбургская область,NatPath_K3,3,619.3563610739858,407.1238083255257,0.09138375980926967
Оренбургская область,NatPath_K3,6,661.7988028241019,394.1352052172365,0.09764598644707474
Оренбургская область,NatPath_K3,12,584.6833744538136,-222.78871682974008,0.08626788778419922
Оренбургская область,NatPath_K1,1,323.8466495937771,176.17181417133733,0.04778238555618747
Оренбургская область,NatPath_K1,3,561.0433361455586,291.50063144651233,0.08277988682317342
Оренбургская область,NatPath_K1,6,734.4216866017747,410.6918733058832,0.10836122663010497
Оренбургская область,NatPath_K1,12,523.3845640546576,-184.9691436093757,0.0772234731011937
Оренбургская область,StructHGB,1,381.7341469658746,202.80054399973986,0.056323473511816886
Оренбургская область,StructHGB,3,608.5880477340133,393.2979276608198,0.08979493466488168
Оренбургская область,StructHGB,6,794.2958986005212,605.4474167022271,0.11719544704333353
Оренбургская область,StructHGB,12,536.8952280354296,-115.86691683038347,0.07921692202604479
Оренбургская область,Chronos2_NatCov,1,395.63492041911155,-84.68253679628725,0.058374481658743683
Оренбургская область,Chronos2_NatCov,3,547.5219756775772,-112.47626306256677,0.0807848596708601
Оренбургская область,Chronos2_NatCov,6,678.9872136673017,-470.0845595683128,0.10018207343466021
Оренбургская область,Chronos2_NatCov,12,1105.7269736993687,-1079.717259110888,0.16314596011245822
Нижегородская область,Ensemble,1,360.1065490553114,59.01456515842014,0.04438765612398957
Нижегородская область,Ensemble,3,415.31274408128525,17.02031504313151,0.05119251320630397
Нижегородская область,Ensemble,6,372.4720256699456,-40.78858700010512,0.04591185646197152
Нижегородская область,Ensemble,12,481.4299912516276,-266.76684463500976,0.0593422945389706
Нижегородская область,PastOnlyBlend,1,375.4472271135118,29.26044566684299,0.046278587416804365
Нижегородская область,PastOnlyBlend,3,424.1763360892402,110.97021681467692,0.05228506227297483
Нижегородская область,PastOnlyBlend,6,458.1107126575046,54.40204397837321,0.05646790049639945
Нижегородская область,PastOnlyBlend,12,512.973734258016,-259.8614983622233,0.06323045714280041
Нижегородская область,Prophet,1,533.2144834094578,-96.29333548227946,0.06572538375655698
Нижегородская область,Prophet,3,596.4466088506911,-82.75475660324096,0.07351953759085265
Нижегородская область,Prophet,6,602.6360514873928,-198.9273061158922,0.07428246415266555
Нижегородская область,Prophet,12,802.4998739266396,0.23725589513778686,0.09891819112106556
Нижегородская область,SeasonalNaive_NatGrowth,1,434.66478300306534,15.23598226759169,0.05357789511955014
Нижегородская область,SeasonalNaive_NatGrowth,3,422.4607445165846,36.26180594762166,0.052073594058980884
Нижегородская область,SeasonalNaive_NatGrowth,6,408.02902220620047,-21.378890056610107,0.05029470298112979
Нижегородская область,SeasonalNaive_NatGrowth,12,542.7517498313056,-383.71602587805853,0.06690097165798899
Нижегородская область,NatPath_K3,1,439.3440136210124,218.59465876261393,0.05415466907753327
Нижегородская область,NatPath_K3,3,620.1603989410401,381.72738019307457,0.07644256013150966
Нижегородская область,NatPath_K3,6,593.094746646881,216.84423671086628,0.0731063784653993
Нижегородская область,NatPath_K3,12,597.6178421571519,-396.10641583336724,0.07366390680986445
Нижегородская область,NatPath_K1,1,317.3538428285387,185.23352229224312,0.03911784798708603
Нижегородская область,NatPath_K1,3,593.1613340208265,290.59697875552706,0.07311458619576312
Нижегородская область,NatPath_K1,6,734.2839749421014,273.0678996933831,0.09050972458731917
Нижегородская область,NatPath_K1,12,542.7517498313056,-383.71602587805853,0.06690097165798899
Нижегородская область,StructHGB,1,415.9031382454766,196.1521658706665,0.0512652867040548
Нижегородская область,StructHGB,3,605.5666266844007,354.24982471466063,0.0746436943619787
Нижегородская область,StructHGB,6,714.5443122058444,451.2877730602688,0.08807656316929141
Нижегородская область,StructHGB,12,502.2228331671821,-275.5250320265028,0.0619052735217448
Нижегородская область,Chronos2_NatCov,1,429.2113825861613,-123.66498135460748,0.05290569500809152
Нижегородская область,Chronos2_NatCov,3,615.2626401392619,-180.70911772410074,0.07583884982953962
Нижегородская область,Chronos2_NatCov,6,839.2363970120748,-710.9689132965935,0.1034464291055873
Нижегородская область,Chronos2_NatCov,12,1372.0489288605584,-1361.186241109636,0.16912226728261004
Костромская область,Ensemble,1,417.06392744609286,77.50944398698353,0.05662960945083906
Костромская область,Ensemble,3,486.54842200354926,63.97283370154245,0.06606432564356543
Костромская область,Ensemble,6,501.15608200951226,-24.741374356406077,0.06804777716428044
Костромская область,Ensemble,12,595.4479382000272,-241.8780132399665,0.08085087673503802
Костромская область,PastOnlyBlend,1,433.0715112156338,49.71369986307053,0.05880314486703221
Костромская область,PastOnlyBlend,3,499.0698778591459,157.10511577697028,0.06776450901641301
Костромская область,PastOnlyBlend,6,576.3190234956287,109.25353731427874,0.07825352199481413
Костромская область,PastOnlyBlend,12,620.5240996830047,-229.06464543418278,0.0842557581881115
Костромская область,Prophet,1,555.1169892946879,-17.473941356416734,0.07537467576201975
Костромская область,Prophet,3,618.6618712061927,24.344795158931188,0.08400290181667736
Костромская область,Prophet,6,608.3348030816941,-95.72213929796976,0.08260067593192218
Костромская область,Prophet,12,798.4563200019654,54.966663803373066,0.10841568064193195
Костромская область,SeasonalNaive_NatGrowth,1,589.1602561587379,-4.818838830978152,0.07999712517582341
Костромская область,SeasonalNaive_NatGrowth,3,578.8641937498062,12.198354645380897,0.07859910929689169
Костромская область,SeasonalNaive_NatGrowth,6,571.5120582959008,-42.4751445755126,0.07760082454487811
Костромская область,SeasonalNaive_NatGrowth,12,657.7053361544533,-367.7133482448638,0.08930428615160838
Костромская область,NatPath_K3,1,473.1378813471113,228.04022166085622,0.06424342090949
Костромская область,NatPath_K3,3,695.4396034422375,430.13242539905366,0.09442790552695458
Костромская область,NatPath_K3,6,718.9230177288964,282.90778452252584,0.09761652120937328
Костромская область,NatPath_K3,12,707.9052932073199,-374.44795867374967,0.09612051689052831
Костромская область,NatPath_K1,1,368.85348212529743,164.99573796892923,0.050083517808040344
Костромская область,NatPath_K1,3,657.7429779824756,334.86310419203744,0.08930939721943189
Костромская область,NatPath_K1,6,833.9531856794206,337.13438812891644,0.11323550203562704
Костромская область,NatPath_K1,12,657.7053361544533,-367.7133482448638,0.08930428615160838
Костромская область,StructHGB,1,453.23132202360364,209.90355979828607,0.06154047633477392
Костромская область,StructHGB,3,669.2011639504206,405.6141881261553,0.0908652081003997
Костромская область,StructHGB,6,794.378790454259,480.5280636454385,0.10786202713556219
Костромская область,StructHGB,12,641.9427683618334,-289.18057269898674,0.08716401939800902
Костромская область,Chronos2_NatCov,1,460.9673397351825,-122.56267230472868,0.06259088523586046
Костромская область,Chronos2_NatCov,3,631.0465165546963,-123.89162678188748,0.08568450883929274
Костромская область,Chronos2_NatCov,6,820.5321287730384,-593.701356660752,0.11141316938825574
Костромская область,Chronos2_NatCov,12,1365.9572182572076,-1312.5634201102787,0.18547186343862945
