variant,kind,stage,h,mae
base_no_news,base,validation,1,447.5846616173232
base_no_news,base,validation,3,549.4506772873
base_no_news,base,validation,6,722.3236163860381
base_no_news,base,validation,12,888.6431164375689
base_no_news,base,test,1,493.383055461725
base_no_news,base,test,3,723.0714874211337
base_no_news,base,test,6,866.0293363537212
base_no_news,base,test,12,600.5203413020366
+key_rate,real,validation,1,443.26296822971136
+key_rate,real,validation,3,529.4627175378421
+key_rate,real,validation,6,721.3443822780299
+key_rate,real,validation,12,888.6431164375689
+key_rate,real,test,1,500.8352902531624
+key_rate,real,test,3,743.3962162811132
+key_rate,real,test,6,894.2172175470536
+key_rate,real,test,12,601.8157146034313
+regional_events,real,validation,1,447.5846616173232
+regional_events,real,validation,3,549.4506772873
+regional_events,real,validation,6,722.3236163860381
+regional_events,real,validation,12,888.6431164375689
+regional_events,real,test,1,493.383055461725
+regional_events,real,test,3,723.0714874211337
+regional_events,real,test,6,866.0293363537212
+regional_events,real,test,12,600.5203413020366
+key_rate+events,real,validation,1,444.5538615879769
+key_rate+events,real,validation,3,537.7730939778806
+key_rate+events,real,validation,6,721.7637538477858
+key_rate+events,real,validation,12,888.6431164375689
+key_rate+events,real,test,1,500.8352902531624
+key_rate+events,real,test,3,743.3962162811132
+key_rate+events,real,test,6,902.7599499054004
+key_rate+events,real,test,12,601.9145681343487
placebo_rate+events_0,placebo,validation,1,442.7748515114477
placebo_rate+events_0,placebo,validation,3,551.1130710656261
placebo_rate+events_0,placebo,validation,6,720.3513284406545
placebo_rate+events_0,placebo,validation,12,888.6431164375689
placebo_rate+events_0,placebo,test,1,497.97736337407764
placebo_rate+events_0,placebo,test,3,725.4418163806253
placebo_rate+events_0,placebo,test,6,856.8969279738172
placebo_rate+events_0,placebo,test,12,598.3383379957559
placebo_events_0,placebo_events,validation,1,447.5846616173232
placebo_events_0,placebo_events,validation,3,549.4506772873
placebo_events_0,placebo_events,validation,6,722.3236163860381
placebo_events_0,placebo_events,validation,12,888.6431164375689
placebo_events_0,placebo_events,test,1,493.383055461725
placebo_events_0,placebo_events,test,3,723.0714874211337
placebo_events_0,placebo_events,test,6,866.0293363537212
placebo_events_0,placebo_events,test,12,600.5203413020366
placebo_rate+events_1,placebo,validation,1,443.1800933971712
placebo_rate+events_1,placebo,validation,3,551.0196739854899
placebo_rate+events_1,placebo,validation,6,722.2987236482021
placebo_rate+events_1,placebo,validation,12,888.6431164375689
placebo_rate+events_1,placebo,test,1,501.6550217993571
placebo_rate+events_1,placebo,test,3,726.0400288196994
placebo_rate+events_1,placebo,test,6,880.7336313713743
placebo_rate+events_1,placebo,test,12,600.4865114820802
placebo_events_1,placebo_events,validation,1,447.5846616173232
placebo_events_1,placebo_events,validation,3,549.4506772873
placebo_events_1,placebo_events,validation,6,722.2987236482021
placebo_events_1,placebo_events,validation,12,888.6431164375689
placebo_events_1,placebo_events,test,1,493.383055461725
placebo_events_1,placebo_events,test,3,723.0714874211337
placebo_events_1,placebo_events,test,6,866.0293363537212
placebo_events_1,placebo_events,test,12,600.4865114820802
placebo_rate+events_2,placebo,validation,1,445.2096867968691
placebo_rate+events_2,placebo,validation,3,549.4547374940475
placebo_rate+events_2,placebo,validation,6,722.3112166892914
placebo_rate+events_2,placebo,validation,12,888.6431164375689
placebo_rate+events_2,placebo,test,1,497.3249749904482
placebo_rate+events_2,placebo,test,3,736.0755961633286
placebo_rate+events_2,placebo,test,6,888.5404451006409
placebo_rate+events_2,placebo,test,12,600.5289896064335
placebo_events_2,placebo_events,validation,1,447.5983015450746
placebo_events_2,placebo_events,validation,3,549.4302007653463
placebo_events_2,placebo_events,validation,6,722.3112166892914
placebo_events_2,placebo_events,validation,12,888.6431164375689
placebo_events_2,placebo_events,test,1,493.383055461725
placebo_events_2,placebo_events,test,3,723.0714874211337
placebo_events_2,placebo_events,test,6,866.0293363537212
placebo_events_2,placebo_events,test,12,600.5289896064335
placebo_rate+events_3,placebo,validation,1,444.9060181938834
placebo_rate+events_3,placebo,validation,3,547.6849979763256
placebo_rate+events_3,placebo,validation,6,722.2030063565867
placebo_rate+events_3,placebo,validation,12,888.6431164375689
placebo_rate+events_3,placebo,test,1,490.58095383996266
placebo_rate+events_3,placebo,test,3,716.9201788351177
placebo_rate+events_3,placebo,test,6,856.1118447879425
placebo_rate+events_3,placebo,test,12,598.7624874486074
placebo_events_3,placebo_events,validation,1,447.6460489949484
placebo_events_3,placebo_events,validation,3,547.6849979763256
placebo_events_3,placebo_events,validation,6,722.2030063565867
placebo_events_3,placebo_events,validation,12,888.6431164375689
placebo_events_3,placebo_events,test,1,494.62407303697427
placebo_events_3,placebo_events,test,3,728.3366778097928
placebo_events_3,placebo_events,test,6,859.868860349427
placebo_events_3,placebo_events,test,12,598.7624874486074
placebo_rate+events_4,placebo,validation,1,442.7748515114477
placebo_rate+events_4,placebo,validation,3,551.1130710656261
placebo_rate+events_4,placebo,validation,6,720.3513284406545
placebo_rate+events_4,placebo,validation,12,888.6431164375689
placebo_rate+events_4,placebo,test,1,497.97736337407764
placebo_rate+events_4,placebo,test,3,725.4418163806253
placebo_rate+events_4,placebo,test,6,856.8969279738172
placebo_rate+events_4,placebo,test,12,598.3383379957559
placebo_events_4,placebo_events,validation,1,447.5846616173232
placebo_events_4,placebo_events,validation,3,549.4506772873
placebo_events_4,placebo_events,validation,6,722.3236163860381
placebo_events_4,placebo_events,validation,12,888.6431164375689
placebo_events_4,placebo_events,test,1,493.383055461725
placebo_events_4,placebo_events,test,3,723.0714874211337
placebo_events_4,placebo_events,test,6,866.0293363537212
placebo_events_4,placebo_events,test,12,600.5203413020366
